elapsed_time,nproc,cpu,mem_real,mem_virtual
0.00015354156494140625,1,0.0,10.69921875,3255.6015625
1.0089287757873535,6,45.6,146.6015625,332.76953125
2.018744707107544,7,8.9,146.859375,340.4453125
3.0303893089294434,7,5.9,166.39453125,343.0234375
4.042935609817505,7,7.9,148.03515625,340.58984375
5.054375410079956,4,4.9,120.62109375,271.4140625
6.06600546836853,5,4.9,123.671875,275.5703125
7.076619386672974,5,4.9,123.62890625,275.5703125
8.088000774383545,3,4.0,117.9375,263.37109375
9.09849739074707,4,5.9,121.58984375,268.07421875
10.109146356582642,5,4.9,124.9375,272.51953125
11.119911432266235,123,0.0,3046.12890625,4510.5703125
12.223861455917358,17,315.6,677.44140625,968.9765625
13.235540628433228,9,208.0,464.52734375,681.53515625
14.246029376983643,5,19.8,170.109375,327.57421875
15.257919549942017,109,1.9,2887.6875,4283.01171875
16.346704244613647,26,602.6,1128.5859375,1562.90234375
17.361242532730103,12,314.3,698.39453125,949.1953125
18.372570037841797,2,1.0,235.46875,877.36328125
19.38347601890564,2,98.9,399.6015625,1011.36328125
20.39475917816162,2,99.9,486.42578125,1131.36328125
21.40556287765503,4,152.3,430.5,1555.125
22.417054176330566,4,169.5,655.6953125,2610.62109375
23.432137966156006,2,2.0,407.41796875,1665.51953125
24.442513942718506,6,114.1,885.453125,3927.9140625
25.45966911315918,3,197.6,678.5234375,2460.26171875
26.47187089920044,3,103.0,734.14453125,2566.41015625
27.48233461380005,3,100.9,835.65625,2696.984375
28.493746042251587,4,685.3,1142.984375,3497.13671875
29.50643754005432,3,1131.1,804.6640625,2754.484375
30.51779270172119,2,98.9,551.18359375,1895.12890625
31.528833150863647,3,107.9,978.375,3056.78515625
32.539435148239136,3,983.6,1579.94921875,3760.0390625
33.55106210708618,3,1160.3,1247.6953125,3432.87109375
34.5619854927063,3,389.6,1258.80078125,3691.77734375
35.573442220687866,3,393.0,1681.16796875,3936.921875
36.58865165710449,3,1852.1,2201.8515625,4470.50390625
37.60598635673523,3,2308.3,2447.4375,4770.0703125
38.623191833496094,3,2034.9,2099.94140625,4688.4375
39.63991618156433,3,1642.3,2003.3359375,4800.375
40.65676426887512,3,1201.2,1809.44140625,4946.28125
41.66991114616394,2,418.6,835.31640625,3236.765625
42.682947635650635,2,99.7,791.25390625,3250.765625
43.69586515426636,2,725.9,1619.6640625,3528.0
44.71254205703735,2,1592.0,1604.97265625,3528.0
45.72889542579651,2,1593.2,1643.6953125,3528.0
46.74457311630249,2,1416.2,1525.140625,3527.953125
47.756995677948,2,1138.3,1264.5078125,3555.875
48.76812982559204,2,513.3,955.05859375,3555.796875
49.779282569885254,2,191.7,776.96484375,3579.765625
50.79127049446106,2,0.0,277.9609375,1882.30078125
51.802637338638306,2,98.0,602.1875,2118.30078125
52.81279945373535,2,99.1,780.3203125,2346.30078125
53.82232928276062,2,98.9,904.8828125,2530.30078125
54.833574533462524,2,226.4,1227.2890625,2927.91796875
55.849562883377075,2,681.4,1685.16015625,3443.015625
56.86512851715088,2,1193.3,1978.1484375,3715.59375
57.88000559806824,2,1474.5,1782.9140625,3261.609375
58.895232915878296,2,1358.4,1688.078125,3363.5625
59.911134481430054,2,1140.3,1601.56640625,3467.515625
60.92665100097656,2,737.8,1389.19921875,3533.46875
61.941811084747314,2,374.4,1071.421875,3649.40625
62.95669388771057,2,198.8,1011.61328125,3649.40625
63.97278594970703,2,405.4,1421.7265625,3752.62890625
64.98906517028809,2,1586.9,1969.79296875,3937.62890625
66.00422501564026,2,1591.3,2039.421875,3937.62890625
67.0203754901886,2,1556.2,2065.1328125,3957.61328125
68.03568720817566,2,1404.7,2064.8359375,4037.59765625
69.05081605911255,2,1360.0,1944.79296875,4037.56640625
70.0648181438446,2,959.4,1425.6328125,4089.50390625
71.0779800415039,2,719.8,1357.140625,4113.48828125
72.09074258804321,2,556.8,1186.33984375,4197.45703125
73.10178923606873,2,382.1,931.84375,4197.42578125
74.11193203926086,2,218.8,787.43359375,4197.41015625
75.12210392951965,2,116.7,668.94140625,4197.39453125
76.1331238746643,2,5.9,45.16796875,95.0625
77.1437304019928,1,1303.1,280.8203125,4379.28125
78.16290855407715,1,1490.7,503.734375,4953.3125
79.18021893501282,1,1924.5,803.6640625,7769.3125
80.19068741798401,1,405.7,537.78515625,8793.375
81.20136427879333,1,99.9,537.7890625,8793.375
82.21100568771362,1,100.0,2214.75390625,8341.34375
83.22191286087036,1,3916.5,2473.84375,8341.34375
84.28962755203247,1,1932.9,5254.91796875,12213.34375
85.30018544197083,1,1935.6,9315.96484375,21963.34375
86.31050848960876,1,2904.0,10132.4375,21963.34375
87.3219039440155,1,3750.8,10837.29296875,21963.34375
88.3550968170166,1,3190.8,10672.82421875,24917.34375
89.3733639717102,1,1597.8,14832.1328125,37071.34375
90.38498854637146,1,99.9,18368.5546875,37071.34375
91.39575171470642,1,1626.5,20687.9140625,37071.34375
92.4048101902008,1,119.9,21416.5546875,57551.34375
93.41524958610535,1,102.0,24766.28125,57551.34375
94.42413258552551,1,105.1,27956.96875,57551.34375
95.43554139137268,1,107.8,30990.2578125,57551.34375
96.44597935676575,1,107.9,34037.26171875,57551.34375
97.45708012580872,1,107.8,33809.0703125,57551.34375
98.46651005744934,1,107.0,33422.2734375,57551.34375
99.47704362869263,1,104.9,33132.17578125,57551.34375
100.48870277404785,1,102.8,32956.61328125,57551.34375
101.50615096092224,1,1433.0,33023.4296875,57551.34375
102.5274715423584,1,1121.1,33189.10546875,57551.34375
103.54320907592773,1,467.6,33762.5,57551.34375
104.55981826782227,1,1437.1,33779.21484375,57551.34375
105.57546949386597,1,703.0,33656.8828125,57551.34375
106.59290289878845,1,1046.0,35472.4375,57551.34375
107.63149237632751,1,945.4,35220.74609375,57551.34375
108.6460428237915,1,1322.7,34412.3125,57551.34375
109.66161227226257,1,699.1,34200.015625,82127.34375
110.67728590965271,1,102.4,35750.1328125,82127.34375
111.69290399551392,1,1307.6,38337.23046875,82127.34375
112.73467540740967,1,2144.2,40963.63671875,82127.34375
113.74990725517273,1,1315.1,36751.3828125,82127.34375
114.77807474136353,1,1042.5,35793.4140625,82127.34375
115.79410552978516,1,948.8,34683.75,82127.34375
116.81012344360352,1,104.3,37213.48046875,82127.34375
117.82636070251465,1,103.3,39912.50390625,82127.34375
118.84191131591797,1,1705.5,43558.69921875,82127.34375
119.88579082489014,1,4018.3,47114.3359375,82147.34375
120.89696025848389,1,100.9,48814.25,82147.34375
121.90722179412842,1,102.9,41091.91015625,82147.34375
122.91891050338745,1,2263.6,39828.80078125,82147.34375
123.95387148857117,1,698.5,41052.796875,82147.34375
124.96480822563171,1,1565.9,37721.01953125,82147.34375
125.97553086280823,1,1180.5,34902.12109375,82147.34375
126.98716187477112,1,559.5,22420.9609375,82147.34375
127.99590921401978,1,3404.9,17343.8125,82147.34375
129.030903339386,1,4759.5,17138.96875,82147.34375
130.06914448738098,1,4761.0,16940.7578125,82147.34375
131.10792231559753,1,2829.2,19346.0234375,82147.34375
132.14034605026245,1,1813.0,18856.44140625,82147.34375
133.15476393699646,1,1449.0,10159.1640625,82147.34375
134.1723713874817,1,3512.5,10484.37890625,82147.34375
135.18312644958496,1,2507.9,11450.1796875,82147.34375
136.19490313529968,1,1274.2,10383.9765625,82147.34375
137.22990322113037,1,1966.3,9350.3359375,82147.34375
138.2416582107544,1,1595.2,9134.3359375,82147.34375
139.25451683998108,1,399.8,2755.09765625,82147.34375
140.26490259170532,1,3320.6,3141.109375,82147.34375
141.33804202079773,1,1949.4,6178.09765625,82147.34375
142.34892582893372,1,2168.4,9792.47265625,82147.34375
143.36990571022034,1,3292.3,10550.3125,82147.34375
144.40190362930298,1,3510.7,10226.08203125,82147.34375
145.4289140701294,1,3791.2,11830.47265625,82211.34375
146.46683621406555,1,647.4,15419.48046875,82355.34375
147.47948050498962,1,99.7,18963.03515625,82355.34375
148.4906780719757,1,1653.4,18973.5859375,82355.34375
149.5025827884674,1,100.8,22112.6015625,82355.34375
150.51275396347046,1,103.0,25419.13671875,82355.34375
151.52442002296448,1,104.8,28685.03515625,82355.34375
152.53573060035706,1,106.8,31926.609375,82355.34375
153.5470371246338,1,107.8,34426.76953125,82355.34375
154.55750274658203,1,105.9,34085.875,82355.34375
155.5676248073578,1,108.9,33720.41015625,82355.34375
156.5775282382965,1,104.0,33491.55859375,82355.34375
157.59293055534363,1,601.7,33309.32421875,82355.34375
158.61385130882263,1,1292.0,33085.44921875,82355.34375
159.6298017501831,1,1010.9,33092.4296875,82355.34375
160.64469647407532,1,1131.0,34470.328125,82355.34375
161.66118550300598,1,786.0,33413.89453125,82355.34375
162.67815613746643,1,466.1,34018.77734375,82355.34375
163.6945993900299,1,1830.9,36194.58203125,82355.34375
164.71090364456177,1,485.2,34799.015625,82355.34375
165.7507665157318,1,1165.3,33914.6640625,82355.34375
166.76662683486938,1,424.3,35462.6171875,82355.34375
167.78290152549744,1,1415.1,38432.03515625,82355.34375
168.82143926620483,1,2024.8,40987.234375,82355.34375
169.83690667152405,1,1344.3,36896.30859375,82355.34375
170.87282729148865,1,1108.0,35863.72265625,82355.34375
171.88836288452148,1,970.0,34768.46875,82355.34375
172.90403509140015,1,106.3,37365.421875,82355.34375
173.9187731742859,1,105.4,40026.984375,82355.34375
174.9339051246643,1,1878.8,43648.4140625,82355.34375
175.9729995727539,1,3976.2,47286.75390625,82355.34375
176.9839735031128,1,100.9,49007.5078125,82355.34375
177.9951949119568,1,103.8,41193.19140625,82355.34375
179.00992965698242,1,2213.5,39912.62109375,82355.34375
180.04417395591736,1,730.1,41437.98046875,82355.34375
181.05600500106812,1,1520.0,37774.3671875,82355.34375
182.07023167610168,1,1153.5,34933.1640625,82355.34375
183.081707239151,1,548.3,22542.3828125,82355.34375
184.09490752220154,1,3380.6,17454.41015625,82355.34375
185.13146543502808,1,4772.0,17182.6328125,82355.34375
186.16489815711975,1,4774.3,16978.94140625,82355.34375
187.20291185379028,1,2859.2,19404.36328125,82355.34375
188.22053456306458,1,1682.1,19021.35546875,82355.34375
189.2319028377533,1,1607.0,10088.16015625,82355.34375
190.2644340991974,1,3314.8,10563.66015625,82355.34375
191.2759075164795,1,2551.1,11543.66796875,82355.34375
192.30990624427795,1,1492.2,10342.91796875,82355.34375
193.32897782325745,1,1294.1,9413.7109375,82355.34375
194.33993196487427,1,1895.3,7570.0,82355.34375
195.35147857666016,1,102.8,3057.9921875,82355.34375
196.36185336112976,1,4018.4,3164.2421875,82355.34375
197.43581414222717,1,1453.0,8055.70703125,82355.34375
198.44791531562805,1,2622.1,9792.16015625,82355.34375
199.48090410232544,1,3328.7,10611.52734375,82355.34375
200.51292037963867,1,3073.1,9665.71484375,82355.34375
201.53227734565735,1,4020.2,12661.41796875,82551.34375
202.54403352737427,1,99.8,16183.359375,82551.34375
203.5547685623169,1,99.9,19753.57421875,82551.34375
204.56528306007385,1,1672.4,19280.77734375,82551.34375
205.57584810256958,1,99.9,22677.6015625,82551.34375
206.58635878562927,1,102.0,26022.27734375,82551.34375
207.5985460281372,1,105.7,29270.625,82551.34375
208.60942387580872,1,106.8,32479.96875,82551.34375
209.62025499343872,1,107.8,34172.69921875,82551.34375
210.6318781375885,1,107.7,33861.23046875,82551.34375
211.6420018672943,1,106.9,33565.99609375,82551.34375
212.65310430526733,1,103.8,33315.4296875,82551.34375
213.6635298728943,1,956.0,33331.84375,82551.34375
214.68033361434937,1,982.5,33343.953125,82551.34375
215.6971254348755,1,1192.0,33052.73046875,82551.34375
216.71385312080383,1,1021.9,34626.0390625,82551.34375
217.73126697540283,1,929.8,33062.83203125,82551.34375
218.74648880958557,1,335.9,34329.05078125,82551.34375
219.7626280784607,1,1878.7,36681.3359375,82551.34375
220.77914595603943,1,949.3,34568.08984375,82551.34375
221.79550313949585,1,1146.3,33546.80078125,82551.34375
222.81939697265625,1,102.6,34997.68359375,82551.34375
223.84389925003052,1,460.7,38394.3203125,82551.34375
224.87461638450623,1,3061.4,40367.484375,82551.34375
225.885014295578,1,184.1,37624.78515625,82551.34375
226.8959300518036,1,1614.4,35814.06640625,82551.34375
227.9069082736969,1,1367.2,34418.63671875,82551.34375
228.91559076309204,1,385.6,35976.5,82551.34375
229.92649579048157,1,104.9,38537.7734375,82551.34375
230.93687391281128,1,103.9,41222.34765625,82551.34375
231.94790959358215,1,4003.3,43522.56640625,82551.34375
232.98071241378784,1,1797.8,47859.41015625,82615.34375
233.99081182479858,1,103.0,49381.36328125,82615.34375
235.00169610977173,1,303.8,42091.43359375,82615.34375
236.01131868362427,1,2654.1,41019.54296875,82615.34375
237.0219223499298,1,289.0,37372.2109375,82615.34375
238.0789029598236,1,1711.5,35829.4453125,82615.34375
239.1115529537201,1,1283.0,32986.765625,82615.34375
240.12291145324707,1,1132.2,17589.1640625,82615.34375
241.16240787506104,1,4768.9,17335.96484375,82615.34375
242.19880151748657,1,4768.4,17105.48828125,82615.34375
243.23603773117065,1,3823.8,19533.24609375,82615.34375
244.24564146995544,1,2040.1,19053.72265625,82615.34375
245.2565541267395,1,2069.7,18497.11328125,82615.34375
246.27091121673584,1,2792.7,10154.0546875,82615.34375
247.30490899085999,1,2224.4,11736.96484375,82615.34375
248.31887125968933,1,1951.6,9994.19140625,82615.34375
249.33010172843933,1,1751.6,9630.50390625,82615.34375
250.33943676948547,1,1337.5,9603.84765625,82615.34375
251.35169053077698,1,994.6,2099.40234375,82615.34375
252.3618712425232,1,1763.1,3381.16796875,82615.34375
253.43268299102783,1,3439.3,5464.546875,82655.34375
254.44412851333618,1,1912.2,12827.23828125,82655.34375
255.4544894695282,1,2923.8,9902.32421875,82655.34375
256.46557354927063,1,3624.7,10594.234375,82655.34375
257.47791147232056,1,2549.8,9672.21875,82655.34375
258.5149166584015,1,2319.1,14422.58984375,82751.34375
259.52601528167725,1,99.9,17994.93359375,82751.34375
260.5369231700897,1,1147.4,20753.8671875,82751.34375
261.5591220855713,1,609.5,21069.11328125,82751.34375
262.56982493400574,1,100.9,24399.98046875,82751.34375
263.5808436870575,1,104.9,27646.53515625,82751.34375
264.5909516811371,1,105.9,30811.7578125,82751.34375
265.60079622268677,1,106.9,33914.83984375,82751.34375
266.61150670051575,1,107.8,33989.25,82751.34375
267.6216320991516,1,106.9,33677.85546875,82751.34375
268.63141679763794,1,105.0,33429.015625,82751.34375
269.6402895450592,1,102.1,33200.30078125,82751.34375
270.6559476852417,1,1052.5,33210.0078125,82751.34375
271.67110776901245,1,1226.3,33437.09375,82751.34375
272.6876366138458,1,1217.8,34566.6875,82751.34375
273.7042353153229,1,808.6,33155.4140625,82751.34375
274.719265460968,1,301.5,34397.8203125,82751.34375
275.7351059913635,1,1638.0,36491.43359375,82751.34375
276.7508203983307,1,849.7,34968.8828125,82751.34375
277.7660355567932,1,976.2,33991.6484375,82751.34375
278.7807562351227,1,102.5,36678.86328125,82751.34375
279.79675936698914,1,3118.9,39821.86328125,82751.34375
280.8124315738678,1,103.4,39930.39453125,82751.34375
281.8275680541992,1,1553.5,37519.328125,82751.34375
282.842707157135,1,864.8,35029.65625,82751.34375
283.8582384586334,1,929.6,35100.375,82751.34375
284.87367606163025,1,104.4,37650.60546875,82751.34375
285.8884265422821,1,104.5,40338.8984375,82751.34375
286.90390610694885,1,2454.2,43624.60546875,82751.34375
287.9485926628113,1,3369.9,47475.2265625,82775.34375
288.9603440761566,1,101.8,49073.3671875,82775.34375
289.9715015888214,1,263.1,41534.65234375,82775.34375
290.9824707508087,1,2643.0,40408.63671875,82775.34375
291.99318289756775,1,102.9,38070.0546875,82775.34375
293.02229952812195,1,1516.9,38292.62890625,82775.34375
294.03390622138977,1,1252.5,34784.1328125,82775.34375
295.0545256137848,1,436.0,17851.921875,82775.34375
296.0659074783325,1,4457.6,17522.69921875,82775.34375
297.1043119430542,1,4772.0,17267.4765625,82775.34375
298.14191699028015,1,4772.1,17940.84375,82775.34375
299.18091583251953,1,2206.0,19372.171875,82775.34375
300.20717000961304,1,1795.1,18879.9296875,82775.34375
301.2199110984802,1,2280.8,10434.453125,82775.34375
302.2526936531067,1,2530.2,10126.4140625,82775.34375
303.2653286457062,1,2635.7,9872.3984375,82775.34375
304.2759144306183,1,1494.2,10259.3671875,82775.34375
305.28561305999756,1,1195.2,9765.3125,82775.34375
306.2968032360077,1,1361.8,2696.8125,82775.34375
307.3079044818878,1,584.5,3365.44140625,82775.34375
308.43317699432373,1,4317.6,5131.69921875,82775.34375
309.4471673965454,1,1333.1,9016.28515625,82775.34375
310.4599235057831,1,3086.9,9796.6484375,82775.34375
311.49690413475037,1,3335.9,10546.4453125,82775.34375
312.52890396118164,1,2526.0,8702.22265625,82775.34375
313.56636023521423,1,2981.1,13874.9375,82779.34375
314.5767111778259,1,100.0,17391.08203125,82779.34375
315.5867760181427,1,319.8,20757.73046875,82779.34375
316.6139223575592,1,1422.5,20203.3828125,82779.34375
317.62422275543213,1,100.0,23631.00390625,82779.34375
318.634637594223,1,102.9,26884.296875,82779.34375
319.6454830169678,1,104.9,30071.83203125,82779.34375
320.65597772598267,1,107.9,33250.96484375,82779.34375
321.6669268608093,1,108.8,33951.69140625,82779.34375
322.6778438091278,1,105.8,33724.80078125,82779.34375
323.68782901763916,1,105.0,33484.73828125,82779.34375
324.6990089416504,1,102.9,33274.88671875,82779.34375
325.71490454673767,1,1269.9,33271.89453125,82779.34375
326.73473167419434,1,972.5,33265.5859375,82779.34375
327.75401306152344,1,1197.1,34674.98046875,82779.34375
328.7797815799713,1,969.9,33294.39453125,82779.34375
329.79544162750244,1,100.4,34801.19140625,82779.34375
330.8112759590149,1,1631.2,35883.41015625,82779.34375
331.8264935016632,1,1242.1,34094.37890625,82779.34375
332.8498649597168,1,558.0,35453.2890625,82779.34375
333.8649046421051,1,1266.1,38509.26171875,82779.34375
334.9059557914734,1,1878.7,41218.96484375,82779.34375
335.92237520217896,1,1652.8,36990.08984375,82779.34375
336.9375774860382,1,829.4,36037.09765625,82779.34375
337.9539611339569,1,958.3,34539.41796875,82779.34375
338.96994853019714,1,103.3,37136.921875,82779.34375
339.9865665435791,1,106.2,39761.31640625,82779.34375
341.0029048919678,1,1379.5,43734.79296875,82779.34375
342.0461184978485,1,4340.0,47085.828125,82823.34375
343.0569860935211,1,101.9,48745.47265625,82823.34375
344.0679304599762,1,102.9,42015.48828125,82823.34375
345.0789110660553,1,2112.9,40162.6875,82823.34375
346.1166949272156,1,898.9,42061.15625,82823.34375
347.1280333995819,1,1469.4,37966.1953125,82823.34375
348.13882422447205,1,1156.5,35093.10546875,82823.34375
349.14907789230347,1,548.4,22330.55859375,82823.34375
350.1609060764313,1,3461.3,17477.47265625,82823.34375
351.1992356777191,1,4766.5,17254.40234375,82823.34375
352.2339057922363,1,4769.7,17041.05078125,82823.34375
353.27191281318665,1,3022.9,19202.6484375,82823.34375
354.29277086257935,1,1506.7,18816.38671875,82823.34375
355.3049030303955,1,1749.8,10320.26953125,82823.34375
356.3381013870239,1,3124.9,10406.4453125,82823.34375
357.3545937538147,1,2752.0,11827.125,82823.34375
358.36590361595154,1,1482.2,10572.9921875,82823.34375
359.38210344314575,1,1405.1,9602.12890625,82823.34375
360.3936290740967,1,1948.5,8340.7890625,82823.34375
361.40444445610046,1,100.9,3193.10546875,82823.34375
362.4149034023285,1,3948.9,3312.0390625,82823.34375
363.49772572517395,1,1463.5,7824.4765625,82823.34375
364.50990748405457,1,2611.7,9861.82421875,82823.34375
365.5429034233093,1,3320.6,10613.890625,82823.34375
366.5749044418335,1,3217.0,9864.66796875,82823.34375
367.58691024780273,1,4117.4,12506.921875,82859.34375
368.60496616363525,1,154.2,16066.1953125,82883.34375
369.6151807308197,1,99.0,19639.09765625,82883.34375
370.62513184547424,1,1665.4,19557.41015625,82883.34375
371.6349813938141,1,100.0,22936.890625,82883.34375
372.64553475379944,1,103.9,26219.3125,82883.34375
373.65576910972595,1,104.9,29436.62890625,82883.34375
374.6659390926361,1,107.9,32585.6953125,82883.34375
375.67601776123047,1,107.9,34483.61328125,82883.34375
376.6864936351776,1,109.8,34115.43359375,82883.34375
377.6969482898712,1,106.9,33884.40625,82883.34375
378.7072334289551,1,103.9,33604.8515625,82883.34375
379.72290563583374,1,823.2,33539.6875,82883.34375
380.74090552330017,1,1172.9,33801.90234375,82883.34375
381.7665538787842,1,802.3,33480.5625,82883.34375
382.7783205509186,1,1332.4,33795.44140625,82883.34375
383.78930592536926,1,684.4,33545.0234375,82883.34375
384.80190443992615,1,455.3,35531.6015625,82883.34375
385.835031747818,1,1805.2,34855.66796875,82883.34375
386.866007566452,1,1246.3,33831.57421875,82883.34375
387.8765432834625,1,101.9,35319.29296875,82883.34375
388.8879041671753,1,857.4,38526.7421875,82883.34375
389.9187138080597,1,2360.9,40960.12109375,82883.34375
390.92990922927856,1,1040.5,36912.72265625,82883.34375
391.9620769023895,1,1240.9,35775.5,82883.34375
392.97331833839417,1,900.9,34190.2890625,82883.34375
393.98468947410583,1,103.8,36639.98828125,82883.34375
394.9948456287384,1,103.9,39276.33203125,82883.34375
396.00590419769287,1,519.3,43693.51953125,82883.34375
397.0438506603241,1,4770.9,44946.8125,82883.34375
398.08458256721497,1,461.1,48526.0703125,82883.34375
399.0946116447449,1,103.0,44427.55078125,82883.34375
400.10791397094727,1,1462.7,40045.42578125,82883.34375
401.1407313346863,1,1403.8,41799.28125,82883.34375
402.1519799232483,1,1486.3,37576.66796875,82883.34375
403.1630048751831,1,821.9,35144.72265625,82883.34375
404.17369389533997,1,854.8,24201.75390625,82883.34375
405.1849133968353,1,3047.1,17457.046875,82883.34375
406.22190284729004,1,4768.9,17168.2421875,82883.34375
407.26019740104675,1,4773.3,17042.71484375,82883.34375
408.2977669239044,1,3213.1,19184.8984375,82883.34375
409.32061648368835,1,2081.2,18888.65234375,82883.34375
410.33181834220886,1,1579.4,12048.796875,82883.34375
411.34290194511414,1,3323.7,10707.28515625,82883.34375
412.3741686344147,1,2617.6,11681.5078125,82883.34375
413.3868007659912,1,1218.7,10603.6640625,82883.34375
414.3999025821686,1,1659.5,9568.640625,82883.34375
415.4119064807892,1,1788.5,9028.33984375,82883.34375
416.43505358695984,1,189.6,3054.84375,82883.34375
417.4469027519226,1,3668.7,3297.921875,82883.34375
418.5228180885315,1,1604.1,6602.625,82883.34375
419.5359070301056,1,2525.3,9887.98046875,82883.34375
420.5569009780884,1,3279.2,10639.078125,82883.34375
421.5901725292206,1,3273.7,9819.484375,82883.34375
422.60190987586975,1,4023.0,12533.59765625,82915.34375
423.61866450309753,1,137.7,16032.52734375,82915.34375
424.62922286987305,1,99.9,19585.80078125,82915.34375
425.6410207748413,1,1661.4,19249.7109375,82915.34375
426.6523928642273,1,100.9,22585.390625,82915.34375
427.6632785797119,1,102.9,25929.40625,82915.34375
428.67411637306213,1,103.9,29147.55078125,82915.34375
429.68569564819336,1,106.8,32384.5390625,82915.34375
430.69645619392395,1,107.8,34235.09375,82915.34375
431.7069640159607,1,107.9,33925.3046875,82915.34375
432.71743535995483,1,105.9,33692.625,82915.34375
433.72860050201416,1,104.8,33446.3046875,82915.34375
434.73856687545776,1,824.7,33372.08203125,82915.34375
435.7544231414795,1,1128.2,33354.1171875,82915.34375
436.7780604362488,1,1175.1,33079.359375,82915.34375
437.7944874763489,1,1020.2,34611.00390625,82915.34375
438.8111035823822,1,801.6,33235.1640625,82915.34375
439.8309292793274,1,464.8,34163.01953125,82915.34375
440.847293138504,1,1889.2,36340.45703125,82915.34375
441.86296582221985,1,949.1,35262.30078125,82915.34375
442.88052439689636,1,977.8,33682.34375,82915.34375
443.89778113365173,1,262.5,34912.9765625,82915.34375
444.9142515659332,1,309.0,38432.13671875,82915.34375
445.9304542541504,1,3220.5,40505.11328125,82915.34375
446.9411633014679,1,253.3,37943.21875,82915.34375
447.9525818824768,1,1467.2,35576.015625,82915.34375
448.9689018726349,1,1512.6,34114.39453125,82915.34375
449.9821226596832,1,150.0,36536.03515625,82915.34375
450.9923975467682,1,103.9,39195.27734375,82915.34375
452.00391030311584,1,388.5,43389.28125,82915.34375
453.02793526649475,1,4742.6,43537.30078125,82915.34375
454.0713710784912,1,735.1,48372.12890625,82915.34375
455.082560300827,1,102.8,45583.28125,82915.34375
456.09491324424744,1,979.9,39984.35546875,82915.34375
457.12783789634705,1,1871.2,41435.78515625,82915.34375
458.1385545730591,1,1481.0,37267.3203125,82915.34375
459.14907574653625,1,792.7,36076.63671875,82915.34375
460.16021609306335,1,911.8,28060.29296875,82915.34375
461.17191529273987,1,2258.7,17587.8515625,82915.34375
462.20889925956726,1,4767.0,17308.49609375,82915.34375
463.24290108680725,1,4773.7,17070.2578125,82915.34375
464.2823123931885,1,2997.9,19434.54296875,82915.34375
465.2969126701355,1,2540.8,18977.0390625,82915.34375
466.3293912410736,1,1750.0,14906.015625,82915.34375
467.3398621082306,1,3137.1,10450.6640625,82915.34375
468.3499255180359,1,2501.5,11696.68359375,82915.34375
469.3727343082428,1,1427.8,10124.00390625,82915.34375
470.3882761001587,1,1589.3,9616.5234375,82915.34375
471.3999071121216,1,1535.1,9429.9140625,82915.34375
472.41611218452454,1,444.7,2830.88671875,82915.34375
473.42690658569336,1,3128.4,3336.0546875,82915.34375
474.5008375644684,1,2146.2,6221.3359375,82915.34375
475.5105493068695,1,1899.6,9918.1875,82915.34375
476.52990555763245,1,3275.1,10617.171875,82915.34375
477.56237506866455,1,3685.8,10124.6171875,82915.34375
478.5749125480652,1,3658.2,11650.9453125,82935.34375
479.6119201183319,1,841.8,15603.07421875,83003.34375
480.6220266819,1,100.0,19151.296875,83003.34375
481.6330909729004,1,1671.5,18662.4609375,83003.34375
482.6433277130127,1,99.0,21968.54296875,83003.34375
483.65343737602234,1,103.9,25290.68359375,83003.34375
484.66347789764404,1,103.0,28579.53515625,83003.34375
485.6736652851105,1,106.9,31760.7890625,83003.34375
486.6848123073578,1,106.8,34213.41015625,83003.34375
487.69483160972595,1,107.9,33923.890625,83003.34375
488.70552587509155,1,106.9,33625.71484375,83003.34375
489.7160131931305,1,101.9,33457.14453125,83003.34375
490.73116755485535,1,667.9,33274.37890625,83003.34375
491.7458543777466,1,1245.6,33084.5,83003.34375
492.76223516464233,1,949.3,33099.7421875,83003.34375
493.7839095592499,1,1214.9,34311.7734375,83003.34375
494.7992992401123,1,796.7,33382.56640625,83003.34375
495.8152816295624,1,468.5,34060.8125,83003.34375
496.8316671848297,1,1854.6,36175.765625,83003.34375
497.8476085662842,1,149.6,35261.86328125,83003.34375
498.8649072647095,1,1638.0,33683.3046875,83003.34375
499.87987637519836,1,314.3,35780.69921875,83003.34375
500.89590191841125,1,1959.9,38449.8359375,83003.34375
501.93471217155457,1,1544.8,41258.36328125,83003.34375
502.94513607025146,1,1711.2,36991.6015625,83003.34375
503.9560947418213,1,920.9,34944.77734375,83003.34375
504.9668023586273,1,980.4,34540.96484375,83003.34375
505.9772572517395,1,104.9,35930.44140625,83003.34375
506.98878741264343,1,104.8,38460.203125,83003.34375
507.9991924762726,1,102.9,41115.6640625,83003.34375
509.01091265678406,1,3998.3,43418.18359375,83003.34375
510.04395627975464,1,2017.2,47820.0234375,83003.34375
511.05417346954346,1,101.0,49314.54296875,83003.34375
512.0644896030426,1,368.2,41965.84375,83003.34375
513.0755076408386,1,2650.8,40836.01171875,83003.34375
514.0859825611115,1,201.9,37314.2578125,83003.34375
515.1029093265533,1,1506.7,35783.921875,83003.34375
516.136388540268,1,1402.1,33245.77734375,83003.34375
517.1489055156708,1,1012.3,17592.10546875,83003.34375
518.1871855258942,1,4767.4,17347.4296875,83003.34375
519.2218999862671,1,4774.5,17086.625,83003.34375
520.2598578929901,1,4319.4,19407.4765625,83003.34375
521.2706427574158,1,1928.2,19443.984375,83003.34375
522.2825422286987,1,2023.2,18655.54296875,83003.34375
523.297908782959,1,2648.2,10280.140625,83003.34375
524.3349080085754,1,2279.7,11902.58203125,83003.34375
525.3682489395142,1,2234.3,10061.2578125,83003.34375
526.3792514801025,1,1572.7,9664.62109375,83003.34375
527.3959035873413,1,1672.3,9878.9140625,83003.34375
528.4183106422424,1,2229.8,4664.51171875,83003.34375
529.4285471439362,1,233.6,3448.38671875,83003.34375
530.4419362545013,1,4534.5,3653.76953125,83003.34375
531.4789035320282,1,1197.9,8189.3359375,83003.34375
532.5049157142639,1,2851.7,9815.54296875,83003.34375
533.5379045009613,1,3320.7,10569.53125,83003.34375
534.5693264007568,1,2702.8,8581.5859375,83003.34375
535.5804355144501,1,3737.5,13209.70703125,83003.34375
536.5911912918091,1,99.9,16726.04296875,83003.34375
537.6024022102356,1,100.9,20257.21875,83003.34375
538.6132235527039,1,1668.9,19874.640625,83003.34375
539.6232032775879,1,99.0,23277.4765625,83003.34375
540.6345791816711,1,104.8,26546.79296875,83003.34375
541.6445667743683,1,105.9,29708.48046875,83003.34375
542.6544954776764,1,107.9,32735.828125,83003.34375
543.6652600765228,1,108.8,34060.50390625,83003.34375
544.6756870746613,1,107.9,33702.34765625,83003.34375
545.6857073307037,1,105.9,33402.10546875,83003.34375
546.695645570755,1,103.0,33213.54296875,83003.34375
547.7062022686005,1,1048.1,33104.1640625,83003.34375
548.7202742099762,1,1034.3,33426.23046875,83003.34375
549.7397565841675,1,1401.7,34413.94140625,83003.34375
550.7546570301056,1,976.5,33440.38671875,83003.34375
551.770679473877,1,1618.1,36324.19921875,83003.34375
552.7859680652618,1,846.1,35184.9140625,83003.34375
553.8021423816681,1,971.3,33908.296875,83003.34375
554.8177890777588,1,102.4,36535.69921875,83003.34375
555.8335580825806,1,3074.6,39785.9609375,83003.34375
556.8484120368958,1,102.5,38124.69140625,83003.34375
557.8634049892426,1,1560.5,37801.08203125,83003.34375
558.8795690536499,1,1223.2,34918.9765625,83003.34375
559.8955206871033,1,575.8,35629.96484375,83003.34375
560.9111218452454,1,104.4,38233.26171875,83003.34375
561.9261116981506,1,104.4,40901.87890625,83003.34375
562.9379117488861,1,3430.7,43543.86328125,83003.34375
563.9709122180939,1,2443.2,47808.40625,83027.34375
564.9822926521301,1,101.8,49129.58984375,83027.34375
565.9936144351959,1,371.8,41649.2578125,83027.34375
567.0041570663452,1,2784.2,40492.3046875,83027.34375
568.0181827545166,1,235.7,38115.21875,83027.34375
569.032390832901,1,1389.1,36188.54296875,83027.34375
570.0476024150848,1,1336.6,34566.8046875,83027.34375
571.0659050941467,1,463.6,17821.1484375,83027.34375
572.1029043197632,1,4760.8,17549.16015625,83027.34375
573.1393909454346,1,4766.2,17278.55859375,83027.34375
574.1797490119934,1,4767.4,19352.46484375,83027.34375
575.198940038681,1,2128.5,19390.5234375,83027.34375
576.2412703037262,1,1856.8,18667.0234375,83027.34375
577.2549092769623,1,2273.1,10124.72265625,83027.34375
578.2877199649811,1,2529.7,10971.3984375,83027.34375
579.3003466129303,1,2641.8,9712.6640625,83027.34375
580.3116195201874,1,1497.4,9943.69140625,83027.34375
581.3214218616486,1,1119.9,9749.38671875,83027.34375
582.3318340778351,1,1444.9,2088.22265625,83539.3515625
583.343909740448,1,772.7,3323.23046875,83027.34375
584.4423110485077,1,4247.0,5076.29296875,83027.34375
585.454746723175,1,1366.1,8632.4375,83027.34375
586.4739167690277,1,3092.6,9796.5703125,83027.34375
587.5059022903442,1,3322.1,10575.4296875,83027.34375
588.5392882823944,1,2575.7,9058.99609375,83027.34375
589.5766386985779,1,2808.9,14077.84375,83035.34375
590.5873267650604,1,99.9,17605.67578125,83035.34375
591.5989272594452,1,604.9,20779.3984375,83035.34375
592.6214773654938,1,1146.2,20997.65234375,83035.34375
593.6319758892059,1,100.9,24346.78515625,83035.34375
594.6423110961914,1,103.9,27623.890625,83035.34375
595.6524751186371,1,106.9,30792.97265625,83035.34375
596.6631228923798,1,108.8,33919.21875,83035.34375
597.6724545955658,1,107.0,34314.2421875,83035.34375
598.6823818683624,1,107.9,33964.12890625,83035.34375
599.693213224411,1,106.8,33688.2109375,83035.34375
600.7081909179688,1,103.5,33460.29296875,83035.34375
601.7234704494476,1,1419.2,33682.7890625,83035.34375
602.7393479347229,1,1276.8,33365.06640625,83035.34375
603.7544078826904,1,1153.6,34890.80078125,83035.34375
604.770482301712,1,1019.7,33142.87109375,83035.34375
605.7875580787659,1,222.2,34468.59375,83035.34375
606.8047835826874,1,1839.7,36756.16796875,83035.34375
607.8189311027527,1,945.4,34412.66796875,83035.34375
608.8343276977539,1,1043.0,34033.07421875,83035.34375
609.8578205108643,1,102.6,35496.8203125,83035.34375
610.881897687912,1,1211.0,38441.36328125,83035.34375
611.9135138988495,1,2216.0,41054.33203125,83035.34375
612.9279124736786,1,1163.1,36884.46875,83035.34375
613.961287021637,1,1173.9,35923.07421875,83035.34375
614.9755008220673,1,979.9,34524.046875,83035.34375
615.9862954616547,1,103.9,37032.42578125,83035.34375
616.9968161582947,1,104.9,39654.14453125,83035.34375
618.0079162120819,1,1176.0,43695.63671875,83035.34375
619.040595293045,1,4589.6,46986.25,83059.34375
620.0507345199585,1,100.0,48792.02734375,83059.34375
621.0614969730377,1,104.9,43590.85546875,83059.34375
622.07191157341,1,1725.1,40134.53515625,83059.34375
623.1049811840057,1,1278.7,41898.6171875,83059.34375
624.1155574321747,1,1464.5,37635.48046875,83059.34375
625.1260559558868,1,830.4,35289.47265625,83059.34375
626.1356418132782,1,886.3,25517.20703125,83059.34375
627.1459147930145,1,2803.7,17651.33203125,83059.34375
628.1835372447968,1,4767.0,17349.73046875,83059.34375
629.2210185527802,1,4777.0,17076.96484375,83059.34375
630.257913351059,1,2959.5,19241.38671875,83059.34375
631.2918672561646,1,2189.8,18874.92578125,83059.34375
632.3020126819611,1,1553.1,12489.29296875,83059.34375
633.3129065036774,1,3203.4,10590.921875,83059.34375
634.3434150218964,1,2692.5,11532.796875,83059.34375
635.3634951114655,1,1312.7,10215.83984375,83059.34375
636.3743443489075,1,1510.9,9424.3125,83059.34375
637.3859720230103,1,1736.7,8954.8828125,83059.34375
638.4000408649445,1,425.0,2722.18359375,83059.34375
639.4119071960449,1,3338.5,3157.9453125,83059.34375
640.4693424701691,1,1969.8,6147.26953125,83059.34375
641.4799208641052,1,2021.5,9848.52734375,83059.34375
642.5129084587097,1,3331.6,10644.11328125,83059.34375
643.5447256565094,1,3505.5,10275.23046875,83059.34375
644.578738451004,1,3806.2,12077.87890625,83059.34375
645.6158504486084,1,498.5,15837.82421875,83059.34375
646.628023147583,1,99.8,19400.85546875,83059.34375
647.6390841007233,1,1649.7,19232.95703125,83059.34375
648.6501123905182,1,100.9,22598.4609375,83059.34375
649.6604919433594,1,101.9,25940.3359375,83059.34375
650.6706428527832,1,104.9,29166.25390625,83059.34375
651.6811363697052,1,106.9,32310.5859375,83059.34375
652.6920812129974,1,107.8,34470.41015625,83059.34375
653.7035341262817,1,107.8,34102.18359375,83059.34375
654.7155995368958,1,106.7,33779.94921875,83059.34375
655.7266178131104,1,104.8,33495.40234375,83059.34375
656.7366597652435,1,771.2,33301.36328125,83059.34375
657.7549076080322,1,1093.2,33784.22265625,83059.34375
658.7927477359772,1,983.6,33671.28125,83059.34375
659.8088586330414,1,993.1,33731.8359375,83059.34375
660.855143070221,1,973.9,33468.19140625,83059.34375
661.8718552589417,1,102.3,34917.8125,83059.34375
662.8891150951385,1,1734.3,35224.21875,83059.34375
663.9041485786438,1,1432.6,33896.4296875,83059.34375
664.9199438095093,1,400.6,35727.94921875,83059.34375
665.9369022846222,1,1703.3,38542.2890625,83059.34375
666.9758152961731,1,1511.0,41381.9921875,83059.34375
667.9910731315613,1,1580.9,37172.296875,83059.34375
669.0061411857605,1,857.0,35948.98046875,83059.34375
670.0223269462585,1,981.2,34694.265625,83059.34375
671.0376672744751,1,103.4,37287.703125,83059.34375
672.0536503791809,1,105.3,39939.41015625,83059.34375
673.0679032802582,1,1743.3,43645.984375,83059.34375
674.1077799797058,1,4146.1,47192.390625,83083.34375
675.1186103820801,1,100.9,48830.26953125,83083.34375
676.1291472911835,1,102.9,42323.1015625,83083.34375
677.1399128437042,1,1943.2,39980.6640625,83083.34375
678.1762003898621,1,1002.6,41862.62890625,83083.34375
679.1867895126343,1,1463.4,37687.0390625,83083.34375
680.1979050636292,1,950.6,35012.4296875,83083.34375
681.2297656536102,1,736.4,22861.94921875,83083.34375
682.2419140338898,1,3351.5,17439.296875,83083.34375
683.2784769535065,1,4766.9,17159.83984375,83083.34375
684.3141717910767,1,4775.6,17000.87109375,83083.34375
685.3529226779938,1,2703.0,19196.56640625,83083.34375
686.3876421451569,1,1938.4,18833.171875,83083.34375
687.3990633487701,1,1528.7,11180.51953125,83083.34375
688.4109039306641,1,3342.9,10392.76171875,83083.34375
689.442622423172,1,2578.8,11414.72265625,83083.34375
690.4612097740173,1,1385.3,10224.421875,83083.34375
691.4711980819702,1,1529.9,9390.41015625,83083.34375
692.4830420017242,1,1757.1,8834.12890625,83083.34375
693.5083944797516,1,638.7,2658.96875,83083.34375
694.5189044475555,1,3203.4,3140.73828125,83083.34375
695.5957038402557,1,2069.9,6094.765625,83083.34375
696.6069242954254,1,2012.4,9837.5625,83083.34375
697.6499054431915,1,3317.0,10610.78515625,83083.34375
698.6819040775299,1,3502.9,10319.5078125,83083.34375
699.714911699295,1,3851.6,12092.05078125,83091.34375
700.7519226074219,1,528.4,15857.8671875,83091.34375
701.7622048854828,1,101.0,19413.3125,83091.34375
702.7725028991699,1,1666.8,18955.640625,83091.34375
703.7841958999634,1,100.8,22284.2421875,83091.34375
704.7953407764435,1,102.9,25597.5625,83091.34375
705.8058168888092,1,105.9,28850.56640625,83091.34375
706.8171565532684,1,105.8,32051.2578125,83091.34375
707.8280537128448,1,106.8,34261.4609375,83091.34375
708.8390169143677,1,107.8,33967.7421875,83091.34375
709.8497385978699,1,106.9,33668.59765625,83091.34375
710.859751701355,1,103.0,33455.4765625,83091.34375
711.8699154853821,1,745.4,33329.40234375,83091.34375
712.8900318145752,1,938.2,33572.40625,83091.34375
713.9089007377625,1,1254.4,34349.90234375,83091.34375
714.9400358200073,1,1504.0,33232.99609375,83091.34375
715.9509017467499,1,1469.2,35608.7578125,83091.34375
716.9666433334351,1,1038.4,35134.37890625,83091.34375
717.9780285358429,1,822.7,33775.2421875,83091.34375
718.9894032478333,1,331.3,35644.48828125,83091.34375
720.0028965473175,1,1672.5,38476.7734375,83091.34375
721.0337719917297,1,1543.0,41039.55859375,83091.34375
722.0449023246765,1,1396.8,36789.3828125,83091.34375
723.0713057518005,1,953.6,35727.44921875,83091.34375
724.0821583271027,1,994.2,34149.77734375,83091.34375
725.0933041572571,1,104.8,36642.51171875,83091.34375
726.1033365726471,1,104.0,39295.93359375,83091.34375
727.1149067878723,1,566.5,43671.9296875,83091.34375
728.1469039916992,1,4771.2,44600.4609375,83091.34375
729.1843681335449,1,518.5,48422.9921875,83091.34375
730.1958613395691,1,101.8,45083.7109375,83091.34375
731.2069058418274,1,1155.4,39973.05078125,83091.34375
732.2390525341034,1,1967.6,41455.12890625,83091.34375
733.2492394447327,1,1507.6,37314.13671875,83091.34375
734.2606074810028,1,793.0,36132.3671875,83091.34375
735.2716128826141,1,901.1,28314.1640625,83091.34375
736.2819066047668,1,2169.8,17523.2109375,83091.34375
737.3189060688019,1,4768.7,17249.453125,83091.34375
738.355898141861,1,4770.7,17068.93359375,83091.34375
739.3934965133667,1,3512.5,19646.9375,83091.34375
740.4035420417786,1,2176.5,19192.26171875,83091.34375
741.415224313736,1,2333.7,18619.3359375,83091.34375
742.4299092292786,1,2938.7,10426.44140625,83091.34375
743.4662714004517,1,2179.7,11722.4921875,83091.34375
744.4841978549957,1,1767.3,10030.015625,83091.34375
745.4962065219879,1,1856.7,9632.921875,83091.34375
746.5093905925751,1,1346.4,9547.625,83091.34375
747.5216190814972,1,994.7,2167.53125,83091.34375
748.532901763916,1,1844.3,3358.34375,83091.34375
749.5962126255035,1,3370.6,5557.34375,83091.34375
750.6068644523621,1,1905.7,12423.89453125,83091.34375
751.6176235675812,1,2929.4,10022.98828125,83091.34375
752.6284265518188,1,3617.1,10744.734375,83091.34375
753.6399116516113,1,2744.5,9936.3515625,83091.34375
754.6780123710632,1,2210.7,14298.25390625,83095.34375
755.688836812973,1,100.9,17851.5625,83095.34375
756.700929403305,1,933.6,20783.54296875,83095.34375
757.726808309555,1,817.9,20710.05078125,83095.34375
758.7370297908783,1,101.0,24090.25390625,83095.34375
759.748617887497,1,103.8,27352.0703125,83095.34375
760.7596032619476,1,105.8,30592.984375,83095.34375
761.7703201770782,1,107.9,33749.97265625,83095.34375
762.78053855896,1,107.9,34093.7890625,83095.34375
763.7903952598572,1,106.9,33796.99609375,83095.34375
764.8011105060577,1,104.9,33549.97265625,83095.34375
765.8118748664856,1,102.9,33331.91796875,83095.34375
766.8228023052216,1,1415.5,33455.94921875,83095.34375
767.8364803791046,1,964.7,33294.109375,83095.34375
768.8559067249298,1,1234.3,34281.6015625,83095.34375
769.8705115318298,1,759.5,33368.66796875,83095.34375
770.885502576828,1,453.4,34212.80859375,83095.34375
771.8978154659271,1,1755.4,36470.7421875,83095.34375
772.9094400405884,1,897.6,35264.33984375,83095.34375
773.9202876091003,1,1016.1,33466.7578125,83095.34375
774.9332001209259,1,157.9,34963.6953125,83095.34375
775.9444646835327,1,103.8,36715.4140625,83095.34375
776.9550457000732,1,3220.0,39990.76953125,83095.34375
777.9650993347168,1,202.0,37573.60546875,83095.34375
778.9754452705383,1,1428.2,37100.5625,83095.34375
779.9865839481354,1,1372.6,34630.15625,83095.34375
780.9983789920807,1,373.6,36131.64453125,83095.34375
782.0097081661224,1,104.8,38747.4375,83095.34375
783.0203678607941,1,104.9,41374.91796875,83095.34375
784.0319137573242,1,4059.3,43673.49609375,83095.34375
785.0658433437347,1,1791.1,48199.69921875,83147.34375
786.0762882232666,1,103.9,49442.95703125,83147.34375
787.0865962505341,1,371.2,42082.83984375,83147.34375
788.0965921878815,1,2672.4,40912.42578125,83147.34375
789.1066966056824,1,186.1,37558.48046875,83147.34375
790.1178143024445,1,1521.1,35995.7890625,83147.34375
791.1324520111084,1,1497.3,34351.09375,83147.34375
792.1449062824249,1,886.0,17717.75,83147.34375
793.1819038391113,1,4773.4,17449.89453125,83147.34375
794.2189030647278,1,4772.6,17141.28515625,83147.34375
795.2574236392975,1,4063.0,19534.4375,83147.34375
796.2679345607758,1,2088.0,19084.28125,83147.34375
797.2783620357513,1,2128.1,18691.33984375,83147.34375
798.2949101924896,1,2723.8,10269.71484375,83195.34375
799.327906370163,1,2188.8,11703.36328125,83195.34375
800.363383769989,1,2163.1,9945.5859375,83195.34375
801.3749048709869,1,1633.3,9616.421875,83195.34375
802.3853688240051,1,1349.0,9694.15625,83195.34375
803.3968331813812,1,1846.5,2246.9375,83707.3515625
804.4079027175903,1,853.6,3372.75390625,83195.34375
805.4767556190491,1,4286.6,5084.24609375,83195.34375
806.4874675273895,1,1336.8,8992.78125,83195.34375
807.5049221515656,1,3064.3,9812.5859375,83195.34375
808.5449016094208,1,3366.7,10554.44140625,83195.34375
809.5779061317444,1,2589.5,8647.31640625,83195.34375
810.6146652698517,1,3120.0,13821.984375,83195.34375
811.6255354881287,1,99.9,17382.6015625,83195.34375
812.6362438201904,1,315.6,20781.4296875,83195.34375
813.6629030704498,1,1427.8,20319.921875,83195.34375
814.6739294528961,1,99.9,23737.04296875,83195.34375
815.684357881546,1,102.9,27039.75,83195.34375
816.695394039154,1,104.8,30299.61328125,83195.34375
817.705944776535,1,106.9,33541.19140625,83195.34375
818.7175266742706,1,105.8,34218.6484375,83195.34375
819.7279415130615,1,106.9,33933.57421875,83195.34375
820.7437295913696,1,107.3,33661.65625,83195.34375
821.7580227851868,1,103.5,33428.92578125,83195.34375
822.7732424736023,1,1330.7,33406.08984375,83195.34375
823.7885344028473,1,930.6,33551.9921875,83195.34375
824.8049080371857,1,664.2,34257.65625,83195.34375
825.8480706214905,1,1068.7,33509.65234375,83195.34375
826.8657720088959,1,577.8,34745.62109375,83195.34375
827.8822238445282,1,1590.8,36934.6640625,83195.34375
828.8986930847168,1,964.3,34244.578125,83195.34375
829.9223914146423,1,885.8,34114.4609375,83195.34375
830.938862323761,1,102.3,35649.9140625,83195.34375
831.9559051990509,1,1409.3,38399.7578125,83195.34375
832.9958577156067,1,1670.0,41116.74609375,83195.34375
834.0119209289551,1,1473.5,36991.41796875,83195.34375
835.029013633728,1,838.7,35944.2421875,83195.34375
836.0450024604797,1,938.9,34769.97265625,83195.34375
837.0605981349945,1,105.4,37337.89453125,83195.34375
838.0755772590637,1,103.5,39974.328125,83195.34375
839.0919106006622,1,1584.1,43746.20703125,83195.34375
840.1361031532288,1,4088.3,47241.32421875,83195.34375
841.1471755504608,1,100.9,48963.71484375,83195.34375
842.158171415329,1,103.9,41312.84765625,83195.34375
843.1759142875671,1,2331.8,40105.92578125,83195.34375
844.2087228298187,1,564.4,40630.3359375,83195.34375
845.2198224067688,1,1520.1,38048.13671875,83195.34375
846.2302956581116,1,1141.1,35281.08203125,83195.34375
847.2416346073151,1,550.7,20969.08984375,83195.34375
848.253909111023,1,3796.9,17548.5859375,83195.34375
849.2906384468079,1,4771.1,17240.58984375,83195.34375
850.3270785808563,1,4773.0,17046.140625,83195.34375
851.3655834197998,1,2925.8,19489.53125,83195.34375
852.376904964447,1,1509.1,18981.83203125,83195.34375
853.3919048309326,1,1825.6,10213.61328125,83195.34375
854.425906419754,1,2963.3,10321.81640625,83195.34375
855.4544813632965,1,2636.4,10774.01171875,83195.34375
856.465544462204,1,1429.2,10757.38671875,83195.34375
857.4767484664917,1,1686.0,9526.58203125,83195.34375
858.4872660636902,1,1817.0,8036.41015625,83195.34375
859.4973618984222,1,104.0,3190.203125,83195.34375
860.5089032649994,1,3990.0,3270.05859375,83195.34375
861.5860643386841,1,1458.4,8145.515625,83195.34375
862.5989124774933,1,2609.7,9866.74609375,83195.34375
863.6318082809448,1,3329.5,10655.01171875,83195.34375
864.6663057804108,1,3087.5,9729.5390625,83195.34375
865.6864228248596,1,3858.0,12860.03125,83227.34375
866.6986961364746,1,99.8,16385.328125,83227.34375
867.7086687088013,1,100.0,19958.3359375,83227.34375
868.7202997207642,1,1658.7,19734.78515625,83227.34375
869.7316491603851,1,100.8,23113.94921875,83227.34375
870.7421984672546,1,102.9,26423.87890625,83227.34375
871.753170967102,1,105.8,29676.18359375,83227.34375
872.7639536857605,1,106.8,32797.51171875,83227.34375
873.77494764328,1,108.8,34435.40234375,83227.34375
874.7854149341583,1,107.9,34075.61328125,83227.34375
875.7957878112793,1,108.9,33755.73046875,83227.34375
876.8069047927856,1,101.9,33548.546875,83227.34375
877.8173315525055,1,933.2,33546.90625,83227.34375
878.8274626731873,1,919.6,33641.43359375,83227.34375
879.8388738632202,1,1160.5,33315.84375,83227.34375
880.8510890007019,1,977.3,34821.65234375,83227.34375
881.8644571304321,1,1048.2,33121.59765625,83227.34375
882.8766870498657,1,147.2,34657.6796875,83227.34375
883.8877668380737,1,1807.0,37012.13671875,83227.34375
884.903324842453,1,957.1,34553.77734375,83227.34375
885.9194195270538,1,1065.8,34010.953125,83227.34375
886.9354712963104,1,101.4,35581.7265625,83227.34375
887.950902223587,1,1506.0,38525.375,83227.34375
888.9895195960999,1,1897.5,41164.27734375,83227.34375
889.9998362064362,1,1519.2,36912.296875,83227.34375
891.0119948387146,1,792.4,36029.6953125,83227.34375
892.0249533653259,1,905.3,34929.375,83227.34375
893.0357186794281,1,104.9,37442.38671875,83227.34375
894.0464422702789,1,103.9,40090.328125,83227.34375
895.0569090843201,1,1870.5,43660.921875,83227.34375
896.0916340351105,1,3829.7,47306.40625,83251.34375
897.1031279563904,1,101.8,48945.90234375,83251.34375
898.1149444580078,1,216.4,41149.21875,83251.34375
899.1569094657898,1,2390.3,39903.55859375,83251.34375
900.183084487915,1,439.5,40651.84375,83251.34375
901.1940989494324,1,1455.8,37904.5625,83251.34375
902.2051169872284,1,1149.3,35152.35546875,83251.34375
903.2158513069153,1,554.0,21425.89453125,83251.34375
904.2269084453583,1,3669.7,17522.1171875,83251.34375
905.2633235454559,1,4773.5,17292.04296875,83251.34375
906.2979021072388,1,4771.9,17154.1875,83251.34375
907.3359079360962,1,2808.2,19423.5390625,83251.34375
908.3658046722412,1,1733.2,19022.75390625,83251.34375
909.375715970993,1,1597.3,10441.0859375,83251.34375
910.4085025787354,1,3318.7,10863.47265625,83251.34375
911.4186470508575,1,2507.8,11751.01953125,83251.34375
912.4359059333801,1,1572.9,10691.44921875,83251.34375
913.4529464244843,1,1244.6,9780.0625,83251.34375
914.4631538391113,1,1637.3,6597.0703125,83251.34375
915.4738063812256,1,103.9,3501.65625,83251.34375
916.4859051704407,1,4320.1,3408.65625,83251.34375
917.5299398899078,1,1254.7,8344.43359375,83251.34375
918.5429437160492,1,2712.7,9911.30859375,83251.34375
919.5769033432007,1,3321.6,10655.35546875,83251.34375
920.6082198619843,1,3006.0,9643.00390625,83251.34375
921.6197118759155,1,3841.1,12932.828125,83251.34375
922.6300978660583,1,100.0,16456.23828125,83251.34375
923.6405248641968,1,100.0,20014.21875,83251.34375
924.6517043113708,1,1670.2,19949.58203125,83251.34375
925.661764383316,1,100.0,23311.16796875,83251.34375
926.6722273826599,1,104.9,26614.01171875,83251.34375
927.6829137802124,1,105.9,29811.01171875,83251.34375
928.6932876110077,1,107.9,32981.953125,83251.34375
929.7045114040375,1,106.8,34546.68359375,83251.34375
930.7153618335724,1,107.8,34218.7421875,83251.34375
931.7259631156921,1,106.9,33905.0390625,83251.34375
932.7366666793823,1,104.9,33584.04296875,83251.34375
933.7465040683746,1,948.6,33467.0703125,83251.34375
934.7638227939606,1,919.1,33628.89453125,83251.34375
935.7858762741089,1,1172.3,33399.31640625,83251.34375
936.8096377849579,1,996.2,34854.5703125,83251.34375
937.8255884647369,1,1077.7,33038.53515625,83251.34375
938.8459134101868,1,182.3,34446.734375,83251.34375
939.8617079257965,1,1855.5,36549.36328125,83251.34375
940.8777220249176,1,917.4,34965.8125,83251.34375
941.8924970626831,1,746.0,33852.03125,83251.34375
942.9104220867157,1,412.6,34647.8359375,83251.34375
943.9271748065948,1,102.3,36721.64453125,83251.34375
944.9425795078278,1,3280.1,39955.16015625,83251.34375
945.9581122398376,1,191.0,37501.6171875,83251.34375
946.9731526374817,1,1409.8,37103.51953125,83251.34375
947.9880282878876,1,1366.6,34661.5859375,83251.34375
949.003876209259,1,370.1,36175.0703125,83251.34375
950.0191602706909,1,105.4,38800.13671875,83251.34375
951.033659696579,1,103.5,41455.828125,83251.34375
952.0499105453491,1,4054.5,43678.44140625,83251.34375
953.0826833248138,1,1777.6,48111.71875,83251.34375
954.0935475826263,1,101.9,49508.92578125,83251.34375
955.1043615341187,1,373.0,42152.25390625,83251.34375
956.1145968437195,1,2659.7,40969.23828125,83251.34375
957.1253132820129,1,234.5,38238.0859375,83251.34375
958.1369173526764,1,1455.1,35850.609375,83251.34375
959.1683928966522,1,1507.7,33987.515625,83251.34375
960.1789116859436,1,958.8,17635.46875,83251.34375
961.2180533409119,1,4770.5,17402.58203125,83251.34375
962.2538995742798,1,4770.1,17128.92578125,83251.34375
963.2908697128296,1,4050.7,19522.0,83251.34375
964.3011729717255,1,2071.7,19293.01953125,83251.34375
965.3124346733093,1,2176.6,18629.4140625,83251.34375
966.3259117603302,1,2701.6,10280.01953125,83251.34375
967.3585870265961,1,2238.8,11828.40234375,83251.34375
968.375673532486,1,2061.6,10079.96484375,83251.34375
969.3869035243988,1,1642.8,9644.44921875,83251.34375
970.4177334308624,1,1533.7,9900.48828125,83251.34375
971.4272434711456,1,1306.4,2433.53515625,83763.3515625
972.4378271102905,1,1104.3,3397.34765625,83251.34375
973.5489504337311,1,3907.8,5371.015625,83251.34375
974.5599064826965,1,1680.6,11884.44921875,83251.34375
975.5975077152252,1,3042.4,9920.4140625,83251.34375
976.6089046001434,1,3588.5,10586.59765625,83251.34375
977.6249125003815,1,2507.7,9476.515625,83251.34375
978.66193151474,1,2437.7,14316.26953125,83299.34375
979.6729166507721,1,99.9,17820.40234375,83299.34375
980.684732913971,1,826.3,20795.8984375,83299.34375
981.7122795581818,1,912.8,21070.3984375,83299.34375
982.723393201828,1,100.9,24468.0390625,83299.34375
983.7345950603485,1,104.8,27787.703125,83299.34375
984.7445733547211,1,106.9,31008.9921875,83299.34375
985.755907535553,1,107.8,34138.484375,83299.34375
986.765998840332,1,107.9,34338.75,83299.34375
987.7768561840057,1,107.8,34061.72265625,83299.34375
988.7927768230438,1,106.3,33734.4296875,83299.34375
989.807914018631,1,104.4,33512.125,83299.34375
990.8233070373535,1,1426.0,33728.73828125,83299.34375
991.8390262126923,1,973.6,33538.96875,83299.34375
992.8559114933014,1,822.2,34272.23046875,83299.34375
993.8992564678192,1,1245.9,33437.96484375,83299.34375
994.9165127277374,1,680.2,33817.86328125,83299.34375
995.9328393936157,1,1244.9,35512.84375,83299.34375
996.9723944664001,1,755.1,35159.64453125,83299.34375
997.9869360923767,1,1323.6,34369.3671875,83299.34375
999.0028672218323,1,707.7,34102.56640625,83299.34375
1000.0190699100494,1,102.4,35809.73828125,83299.34375
1001.0339033603668,1,2004.4,38379.73828125,83299.34375
1002.0725383758545,1,1428.7,41439.6015625,83299.34375
1003.0831215381622,1,1524.8,37185.609375,83299.34375
1004.0951356887817,1,806.4,35671.58984375,83299.34375
1005.1062171459198,1,916.8,35137.3359375,83299.34375
1006.1175100803375,1,104.8,37626.90234375,83299.34375
1007.1278319358826,1,103.9,40204.66796875,83299.34375
1008.138911485672,1,1865.6,43748.4765625,83299.34375
1009.1704394817352,1,3847.3,47411.9296875,83299.34375
1010.180449962616,1,102.0,48958.36328125,83299.34375
1011.1910803318024,1,102.9,41470.21484375,83299.34375
1012.2029113769531,1,2214.0,39948.88671875,83299.34375
1013.2357437610626,1,713.5,41805.81640625,83299.34375
1014.2470977306366,1,1536.6,37797.51171875,83299.34375
1015.2609243392944,1,1162.9,35033.328125,83299.34375
1016.291659116745,1,677.1,22749.9609375,83299.34375
1017.30291223526,1,3383.6,17525.265625,83299.34375
1018.3404383659363,1,4773.3,17197.3203125,83299.34375
1019.3738977909088,1,4777.2,17090.55859375,83299.34375
1020.4129173755646,1,2984.2,19504.296875,83299.34375
1021.4455296993256,1,1820.5,19136.39453125,83299.34375
1022.4569005966187,1,1526.8,10533.703125,83299.34375
1023.4883735179901,1,3386.1,10928.484375,83299.34375
1024.4992308616638,1,2491.0,11774.7265625,83299.34375
1025.5139031410217,1,1413.4,10684.4765625,83299.34375
1026.5473091602325,1,1490.2,9613.8828125,83299.34375
1027.5569026470184,1,2051.3,9043.359375,83299.34375
1028.5833463668823,1,210.4,3097.78515625,83299.34375
1029.5939011573792,1,3736.6,3389.94140625,83299.34375
1030.657939195633,1,1577.0,6490.36328125,83299.34375
1031.6699085235596,1,2510.2,9899.09765625,83299.34375
1032.702906370163,1,3367.0,10669.1484375,83299.34375
1033.734902381897,1,3248.1,9951.6640625,83299.34375
1034.7519707679749,1,3936.2,12729.64453125,83299.34375
1035.7629237174988,1,98.9,16266.0,83299.34375
1036.7741813659668,1,100.9,19815.78515625,83299.34375
1037.7851927280426,1,1662.7,19265.91796875,83299.34375
1038.795286655426,1,101.0,22533.0546875,83299.34375
1039.8053872585297,1,102.0,25819.1484375,83299.34375
1040.81542801857,1,104.0,29062.078125,83299.34375
1041.826108455658,1,106.9,32257.03515625,83299.34375
1042.836238861084,1,106.9,34300.40625,83299.34375
1043.8468701839447,1,106.9,34033.01953125,83299.34375
1044.8576464653015,1,105.9,33751.1796875,83299.34375
1045.8676126003265,1,105.0,33462.2265625,83299.34375
1046.8780181407928,1,715.7,33343.7265625,83299.34375
1047.8864629268646,1,1143.1,33317.94921875,83299.34375
1048.8978524208069,1,1108.3,33389.984375,83299.34375
1049.9094092845917,1,994.6,34606.03125,83299.34375
1050.9211523532867,1,1095.2,33241.65625,83299.34375
1051.9318578243256,1,100.9,34718.921875,83299.34375
1052.94411611557,1,1810.9,36770.9375,83299.34375
1053.9552755355835,1,916.8,35102.890625,83299.34375
1054.9658119678497,1,876.9,33742.46484375,83299.34375
1055.9775788784027,1,313.3,35714.48046875,83299.34375
1056.9889006614685,1,1821.7,38447.0703125,83299.34375
1058.019634962082,1,1609.2,41355.51953125,83299.34375
1059.0308396816254,1,1654.5,37024.9375,83299.34375
1060.0421659946442,1,838.6,36105.90234375,83299.34375
1061.0556461811066,1,964.9,35106.671875,83299.34375
1062.0666346549988,1,103.9,37685.42578125,83299.34375
1063.0773510932922,1,104.9,40339.53515625,83299.34375
1064.0879027843475,1,2172.1,43746.47265625,83299.34375
1065.1189589500427,1,3714.2,47361.8125,83323.34375
1066.1291534900665,1,103.0,48793.796875,83323.34375
1067.1402745246887,1,363.0,41182.6875,83323.34375
1068.1497919559479,1,2380.1,39987.01953125,83323.34375
1069.1709954738617,1,380.9,40352.10546875,83323.34375
1070.1821060180664,1,1555.7,38034.6953125,83323.34375
1071.1921854019165,1,1144.5,35301.30859375,83323.34375
1072.202623128891,1,552.2,21609.7109375,83323.34375
1073.212914943695,1,3654.5,17604.03125,83323.34375
1074.2498989105225,1,4774.7,17372.015625,83323.34375
1075.2861955165863,1,4773.8,17160.58984375,83323.34375
1076.3249106407166,1,2907.2,19523.3515625,83323.34375
1077.3575229644775,1,1880.6,19176.32421875,83323.34375
1078.368928194046,1,1466.3,10938.91015625,83323.34375
1079.3809061050415,1,3501.5,10627.73828125,83323.34375
1080.399903535843,1,2516.9,11616.203125,83323.34375
1081.4189109802246,1,1233.6,10516.7265625,83323.34375
1082.4503426551819,1,1943.1,9464.6015625,83323.34375
1083.4618203639984,1,1794.1,9297.16796875,83323.34375
1084.4725396633148,1,917.2,2526.5703125,83323.34375
1085.4849014282227,1,2733.4,3237.3125,83323.34375
1086.5231714248657,1,2578.1,5885.94921875,83323.34375
1087.5335149765015,1,1849.1,9722.6484375,83323.34375
1088.5425114631653,1,2944.2,10525.0,83323.34375
1089.5539031028748,1,3881.2,11123.453125,83323.34375
1090.5859112739563,1,3247.8,10904.2265625,83323.34375
1091.6227550506592,1,1399.4,15118.0234375,83355.34375
1092.632847070694,1,100.0,18662.75390625,83355.34375
1093.642873287201,1,1664.5,19914.54296875,83355.34375
1094.651738166809,1,112.0,21227.21875,83355.34375
1095.6632766723633,1,101.8,24611.10546875,83355.34375
1096.6741726398468,1,104.9,27859.109375,83355.34375
1097.6847169399261,1,104.9,31072.21484375,83355.34375
1098.6959264278412,1,104.8,34067.15625,83355.34375
1099.7081325054169,1,107.7,33739.8828125,83355.34375
1100.719286441803,1,105.8,33442.4921875,83355.34375
1101.730345249176,1,103.9,33253.03515625,83355.34375
1102.740556716919,1,393.0,33051.71484375,83355.34375
1103.7570323944092,1,1263.9,33063.50390625,83355.34375
1104.7816216945648,1,1013.2,33189.5546875,83355.34375
1105.798891544342,1,867.2,34143.94140625,83355.34375
1106.8389477729797,1,1025.7,33494.37109375,83355.34375
1107.854973077774,1,676.2,33840.7890625,83355.34375
1108.8718175888062,1,995.4,35528.51171875,83355.34375
1109.911461353302,1,1713.9,34980.04296875,83355.34375
1110.9266221523285,1,749.6,33977.34765625,83355.34375
1111.9423732757568,1,437.1,34546.046875,83355.34375
1112.9591748714447,1,103.3,36212.91796875,83355.34375
1113.9759039878845,1,2693.2,38417.88671875,83355.34375
1115.0175507068634,1,686.4,40585.76171875,83355.34375
1116.0333986282349,1,1526.8,37494.95703125,83355.34375
1117.0488376617432,1,1112.9,34992.40625,83355.34375
1118.0692331790924,1,641.9,35411.8359375,83355.34375
1119.0841417312622,1,104.4,37950.6796875,83355.34375
1120.0991563796997,1,104.4,40582.68359375,83355.34375
1121.1159253120422,1,2622.2,43668.78515625,83355.34375
1122.14870595932,1,3147.1,47518.7890625,83355.34375
1123.1576600074768,1,103.1,49061.04296875,83355.34375
1124.1679215431213,1,366.3,41446.55078125,83355.34375
1125.1790766716003,1,2783.9,40177.4921875,83355.34375
1126.1904048919678,1,101.8,38596.4453125,83355.34375
1127.2013399600983,1,1504.5,38092.51953125,83355.34375
1128.2127363681793,1,1146.9,35301.85546875,83355.34375
1129.2228348255157,1,543.5,19930.8125,83355.34375
1130.233909368515,1,3979.3,17485.71875,83355.34375
1131.270902633667,1,4769.9,17299.9921875,83355.34375
1132.3070969581604,1,4770.4,17072.359375,83355.34375
1133.3299252986908,1,2608.1,19605.73828125,83355.34375
1134.3419041633606,1,1779.9,18936.0859375,83355.34375
1135.35990691185,1,1850.6,10407.30859375,83355.34375
1136.3923451900482,1,2943.3,10558.82421875,83355.34375
1137.4039587974548,1,2528.6,10123.01171875,83355.34375
1138.421903848648,1,1514.0,10768.8515625,83355.34375
1139.4579319953918,1,1072.1,9707.828125,83355.34375
1140.4733529090881,1,1683.2,3978.9765625,83355.34375
1141.4848320484161,1,308.5,3494.22265625,83355.34375
1142.4939179420471,1,4622.3,3928.38671875,83355.34375
1143.5481536388397,1,1178.2,8312.09375,83355.34375
1144.5619161128998,1,2833.9,9892.05859375,83355.34375
1145.5949020385742,1,3317.8,10626.78515625,83355.34375
1146.6260824203491,1,2579.5,8021.39453125,83355.34375
1147.6435713768005,1,3943.7,13184.86328125,83359.34375
1148.654326915741,1,99.9,16704.921875,83359.34375
1149.665379524231,1,99.9,20274.75,83359.34375
1150.675232410431,1,1664.6,19642.8125,83359.34375
1151.6858565807343,1,100.9,22988.796875,83359.34375
1152.696411371231,1,101.9,26280.08203125,83359.34375
1153.7072050571442,1,104.9,29561.6640625,83359.34375
1154.7173218727112,1,106.9,32794.609375,83359.34375
1155.7273926734924,1,107.9,34223.80859375,83359.34375
1156.738220691681,1,106.8,33954.4609375,83359.34375
1157.7481081485748,1,106.0,33700.23828125,83359.34375
1158.7630388736725,1,103.5,33469.5546875,83359.34375
1159.7779610157013,1,1043.4,33422.08203125,83359.34375
1160.7936975955963,1,1227.5,33581.90625,83359.34375
1161.8109030723572,1,900.7,34388.5390625,83359.34375
1162.8509097099304,1,923.0,33493.1640625,83359.34375
1163.8713676929474,1,440.0,34961.90625,83359.34375
1164.8875801563263,1,1611.6,37014.98046875,83359.34375
1165.9045147895813,1,880.1,34479.6796875,83359.34375
1166.9203028678894,1,942.2,34575.1953125,83359.34375
1167.936229467392,1,102.4,37319.71875,83359.34375
1168.9508469104767,1,3078.8,40489.99609375,83359.34375
1169.9668533802032,1,184.1,37604.67578125,83359.34375
1170.9829032421112,1,1635.0,35609.40234375,83359.34375
1172.0217299461365,1,1522.7,34256.3125,83359.34375
1173.0367708206177,1,104.4,36783.9453125,83359.34375
1174.0519375801086,1,104.4,39450.5859375,83359.34375
1175.0670335292816,1,732.0,43745.15234375,83359.34375
1176.0829064846039,1,4755.4,45064.125,83359.34375
1177.1213192939758,1,444.9,48495.6953125,83359.34375
1178.1319329738617,1,102.9,44732.26171875,83359.34375
1179.1439113616943,1,1236.3,40030.29296875,83359.34375
1180.1787853240967,1,1631.0,41553.4296875,83359.34375
1181.1898143291473,1,1551.9,37352.55078125,83359.34375
1182.2000930309296,1,798.8,35824.42578125,83359.34375
1183.2104895114899,1,1053.0,27163.0859375,83359.34375
1184.2219107151031,1,2389.8,17522.3046875,83359.34375
1185.2585833072662,1,4771.3,17282.578125,83359.34375
1186.2938990592957,1,4774.5,17102.0390625,83359.34375
1187.3319063186646,1,2992.3,19253.47265625,83359.34375
1188.3471801280975,1,2555.9,18860.734375,83359.34375
1189.3566303253174,1,1523.4,13974.578125,83359.34375
1190.3669211864471,1,3132.9,10488.234375,83359.34375
1191.3776631355286,1,2643.0,11575.66015625,83359.34375
1192.411019563675,1,1480.0,10038.359375,83359.34375
1193.4223654270172,1,1544.7,9422.8203125,83359.34375
1194.43390417099,1,1548.1,9248.62109375,83359.34375
1195.4459552764893,1,1136.2,2328.51171875,83359.34375
1196.4569067955017,1,2355.3,3201.890625,83359.34375
1197.5317027568817,1,2880.4,5755.4296875,83359.34375
1198.5436823368073,1,1915.0,10241.375,83359.34375
1199.5544793605804,1,2945.4,10375.08203125,83359.34375
1200.565366268158,1,3623.6,11083.78515625,83359.34375
1201.577913761139,1,3234.4,10678.65625,83363.34375
1202.6142325401306,1,1669.4,14970.72265625,83367.34375
1203.6250474452972,1,99.9,18514.54296875,83367.34375
1204.635801076889,1,1646.2,20814.484375,83367.34375
1205.646104335785,1,113.8,21684.3125,83367.34375
1206.6568551063538,1,100.9,25071.38671875,83367.34375
1207.6669809818268,1,104.9,28302.30859375,83367.34375
1208.6776895523071,1,106.9,31532.05078125,83367.34375
1209.6887164115906,1,107.8,34629.921875,83367.34375
1210.6999759674072,1,108.8,34303.671875,83367.34375
1211.7103009223938,1,106.9,34008.23828125,83367.34375
1212.720535993576,1,104.9,33758.26953125,83367.34375
1213.731657743454,1,366.0,33512.68359375,83367.34375
1214.7435257434845,1,1316.3,33392.07421875,83367.34375
1215.753918170929,1,1117.3,33292.265625,83367.34375
1216.7699298858643,1,1179.1,34514.5546875,83367.34375
1217.7804310321808,1,765.9,33565.35546875,83367.34375
1218.792861700058,1,461.3,34132.55859375,83367.34375
1219.8049342632294,1,1782.6,36226.71875,83367.34375
1220.81520485878,1,181.2,34824.05078125,83367.34375
1221.8357706069946,1,1235.3,34040.0625,83367.34375
1222.856038093567,1,658.7,34268.67578125,83367.34375
1223.8729164600372,1,102.3,36937.203125,83367.34375
1224.8890278339386,1,3269.1,39993.57421875,83367.34375
1225.905687570572,1,180.0,37510.40234375,83367.34375
1226.9217302799225,1,1525.5,37340.53125,83367.34375
1227.933867931366,1,1373.0,34752.74609375,83367.34375
1228.9437048435211,1,377.4,36226.44140625,83367.34375
1229.9549930095673,1,104.8,38917.9765625,83367.34375
1230.9649574756622,1,105.0,41509.34375,83367.34375
1231.975909948349,1,4333.7,43636.7890625,83367.34375
1233.0117962360382,1,1426.9,47938.09375,83367.34375
1234.0202713012695,1,103.1,48384.265625,83367.34375
1235.0297729969025,1,358.5,41395.4140625,83367.34375
1236.039921760559,1,2671.0,40977.18359375,83367.34375
1237.051906824112,1,392.3,37297.34765625,83367.34375
1238.0849056243896,1,1709.6,35781.67578125,83367.34375
1239.1170942783356,1,1087.9,32364.359375,83367.34375
1240.128911972046,1,1347.1,17653.65234375,83367.34375
1241.1669073104858,1,4774.8,17391.5078125,83367.34375
1242.2032115459442,1,4772.8,17167.12890625,83367.34375
1243.2401390075684,1,3465.7,19766.44140625,83367.34375
1244.250875711441,1,2204.6,19143.39453125,83367.34375
1245.2635753154755,1,2401.4,18646.61328125,83367.34375
1246.2779123783112,1,2915.0,10461.6875,83367.34375
1247.314917087555,1,2218.9,11774.875,83367.34375
1248.3523433208466,1,1678.1,10058.27734375,83367.34375
1249.3623304367065,1,2036.0,9639.1171875,83367.34375
1250.3769063949585,1,1341.4,9622.16015625,83367.34375
1251.38991522789,1,1767.8,2287.3359375,83879.3515625
1252.4009034633636,1,987.2,3368.1015625,83367.34375
1253.5020463466644,1,4048.0,5226.38671875,83367.34375
1254.5161015987396,1,1425.8,9831.63671875,83367.34375
1255.5359263420105,1,3231.8,9814.89453125,83367.34375
1256.572906255722,1,3336.1,10626.203125,83367.34375
1257.6053466796875,1,2597.6,9106.61328125,83367.34375
1258.6432745456696,1,2700.5,14194.13671875,83391.34375
1259.6541907787323,1,98.9,17757.5546875,83391.34375
1260.6644005775452,1,756.4,20816.18359375,83391.34375
1261.6881449222565,1,999.2,20691.83203125,83391.34375
1262.6992371082306,1,100.9,24073.53125,83391.34375
1263.7093303203583,1,104.0,27380.06640625,83391.34375
1264.7193911075592,1,104.9,30573.0078125,83391.34375
1265.7297360897064,1,108.9,33683.8125,83391.34375
1266.7401342391968,1,106.9,33945.8671875,83391.34375
1267.750731229782,1,107.9,33631.265625,83391.34375
1268.7616136074066,1,104.9,33405.9765625,83391.34375
1269.7715423107147,1,103.0,33201.3046875,83391.34375
1270.7879061698914,1,1510.4,33210.19140625,83391.34375
1271.805258989334,1,1140.2,33152.00390625,83391.34375
1272.8218522071838,1,1079.0,34684.3515625,83391.34375
1273.8381757736206,1,1053.8,33443.265625,83391.34375
1274.8544375896454,1,1759.4,36259.44921875,83391.34375
1275.8699350357056,1,149.7,35011.6796875,83391.34375
1276.8888573646545,1,1721.6,33642.89453125,83391.34375
1277.8997905254364,1,157.2,35038.0,83391.34375
1278.9114875793457,1,102.8,37292.04296875,83391.34375
1279.922836780548,1,3285.5,40362.22265625,83391.34375
1280.933825969696,1,240.4,37788.87890625,83391.34375
1281.9438548088074,1,1474.2,36027.87890625,83391.34375
1282.9549014568329,1,1380.0,34388.4296875,83391.34375
1283.9709255695343,1,310.0,35361.35546875,83391.34375
1284.9825203418732,1,104.8,37425.51171875,83391.34375
1285.9932889938354,1,103.9,40137.30078125,83391.34375
1287.0039114952087,1,2081.0,43600.23828125,83391.34375
1288.0396361351013,1,3678.3,47296.02734375,83391.34375
1289.0509197711945,1,102.8,48741.02734375,83391.34375
1290.0613465309143,1,372.1,41164.25390625,83391.34375
1291.072909116745,1,2343.1,39976.734375,83391.34375
1292.0954399108887,1,398.1,40239.87890625,83391.34375
1293.107914686203,1,1612.8,37951.8203125,83391.34375
1294.1183907985687,1,1155.8,35159.8828125,83391.34375
1295.1290776729584,1,552.1,21851.3828125,83391.34375
1296.1399114131927,1,3571.5,17520.62109375,83391.34375
1297.1769003868103,1,4770.9,17260.890625,83391.34375
1298.210901260376,1,4773.7,17097.91015625,83391.34375
1299.247406244278,1,2843.9,19278.2421875,83391.34375
1300.2687904834747,1,1705.4,18916.625,83391.34375
1301.279902935028,1,1578.7,10340.8515625,83391.34375
1302.3127808570862,1,3310.7,10755.23828125,83391.34375
1303.322859287262,1,2687.3,11833.078125,83391.34375
1304.3399045467377,1,1442.4,10579.0234375,83391.34375
1305.354574918747,1,1279.1,9652.890625,83391.34375
1306.3647248744965,1,1960.1,7827.56640625,83391.34375
1307.3771958351135,1,102.7,3281.9453125,83391.34375
1308.387900352478,1,4033.0,3400.2734375,83391.34375
1309.462640762329,1,1443.9,8298.25,83391.34375
1310.4749121665955,1,2661.6,9989.6640625,83391.34375
1311.5107040405273,1,3302.9,10690.16796875,83391.34375
1312.54292178154,1,3086.1,9725.50390625,83391.34375
1313.5624551773071,1,3913.6,12847.09375,83391.34375
1314.5741381645203,1,99.8,16361.078125,83391.34375
1315.584804058075,1,99.9,19921.9765625,83391.34375
1316.5955517292023,1,1667.1,19253.3671875,83391.34375
1317.6062989234924,1,98.9,22589.5234375,83391.34375
1318.6162865161896,1,103.0,25920.78515625,83391.34375
1319.6265680789948,1,104.9,29159.99609375,83391.34375
1320.6378440856934,1,106.8,32387.9375,83391.34375
1321.6480207443237,1,105.9,34131.5,83391.34375
1322.6593148708344,1,108.8,33798.51953125,83391.34375
1323.6694250106812,1,105.9,33520.140625,83391.34375
1324.684718132019,1,103.4,33292.40234375,83391.34375
1325.699613571167,1,929.1,33228.5,83391.34375
1326.7169032096863,1,1220.1,33697.875,83391.34375
1327.7541949748993,1,846.3,33758.171875,83391.34375
1328.766572713852,1,1420.7,33818.19140625,83391.34375
1329.7759380340576,1,706.2,33584.328125,83391.34375
1330.7879166603088,1,178.9,35240.64453125,83391.34375
1331.809804201126,1,1725.0,37106.06640625,83391.34375
1332.8214118480682,1,941.1,34375.20703125,83391.34375
1333.8327209949493,1,1057.0,33883.70703125,83391.34375
1334.8440787792206,1,102.8,35376.328125,83391.34375
1335.8569021224976,1,846.3,38394.15625,83391.34375
1336.8877444267273,1,2471.4,40956.546875,83391.34375
1337.8989012241364,1,966.4,36956.2109375,83391.34375
1338.929663181305,1,1434.1,35793.9375,83391.34375
1339.940800666809,1,954.7,34462.171875,83391.34375
1340.9521639347076,1,104.8,36965.3203125,83391.34375
1341.962971687317,1,104.9,39614.59375,83391.34375
1342.9739062786102,1,895.3,43816.95703125,83391.34375
1344.0080561637878,1,4769.1,46191.4140625,83391.34375
1345.0423891544342,1,249.4,48978.875,83391.34375
1346.0525305271149,1,103.0,44095.28125,83391.34375
1347.0649127960205,1,1597.3,40129.11328125,83391.34375
1348.0968317985535,1,1272.2,41818.55859375,83391.34375
1349.107797384262,1,1551.0,37614.015625,83391.34375
1350.1192691326141,1,813.7,35249.37890625,83391.34375
1351.1299114227295,1,875.7,25334.42578125,83391.34375
1352.1409113407135,1,2799.3,17492.328125,83391.34375
1353.179780960083,1,4771.8,17274.0625,83391.34375
1354.2151935100555,1,4771.2,17053.04296875,83391.34375
1355.2544462680817,1,2984.0,19502.3203125,83391.34375
1356.2661259174347,1,2478.9,19115.59765625,83391.34375
1357.2833993434906,1,1792.0,15304.08203125,83391.34375
1358.2936298847198,1,3152.5,10467.18359375,83391.34375
1359.304693698883,1,2425.1,11788.88671875,83391.34375
1360.3294372558594,1,1437.7,10166.4453125,83391.34375
1361.347083568573,1,1971.2,9633.29296875,83391.34375
1362.3588199615479,1,1511.0,9264.73046875,83391.34375
1363.3709125518799,1,738.1,2313.078125,83391.34375
1364.3819077014923,1,2217.8,3355.69921875,83391.34375
1365.4496693611145,1,3021.0,5745.29296875,83391.34375
1366.4598338603973,1,1890.8,10494.73046875,83391.34375
1367.4714844226837,1,2940.8,10326.6640625,83391.34375
1368.4824876785278,1,3622.2,11046.453125,83391.34375
1369.4939153194427,1,3178.8,10292.87109375,83391.34375
1370.5309302806854,1,1784.8,14775.05078125,83415.34375
1371.5416190624237,1,99.9,18342.7109375,83415.34375
1372.552945613861,1,1534.3,20811.70703125,83415.34375
1373.5836563110352,1,237.7,21206.53125,83415.34375
1374.5950767993927,1,100.9,24608.0859375,83415.34375
1375.605453491211,1,105.9,27861.49609375,83415.34375
1376.6167430877686,1,105.8,31097.59765625,83415.34375
1377.6273412704468,1,106.9,34180.36328125,83415.34375
1378.638085603714,1,105.9,33884.15625,83415.34375
1379.6487023830414,1,106.9,33608.4375,83415.34375
1380.6589336395264,1,104.9,33337.7109375,83415.34375
1381.6698324680328,1,380.9,33157.6484375,83415.34375
1382.6889324188232,1,1310.9,33077.0234375,83415.34375
1383.7058436870575,1,1123.0,33080.03515625,83415.34375
1384.7239797115326,1,1145.1,34516.046875,83415.34375
1385.7402997016907,1,942.8,33169.4375,83415.34375
1386.7552840709686,1,232.5,34506.171875,83415.34375
1387.7714817523956,1,1827.5,36902.8125,83415.34375
1388.786227464676,1,953.8,34411.6015625,83415.34375
1389.802273273468,1,1079.7,33739.0390625,83415.34375
1390.8195226192474,1,103.2,35387.0,83415.34375
1391.8359022140503,1,1320.5,38424.50390625,83415.34375
1392.8786098957062,1,2027.1,41177.34375,83415.34375
1393.8889269828796,1,1473.7,36901.24609375,83415.34375
1394.9085381031036,1,864.2,35821.453125,83415.34375
1395.91885471344,1,929.3,34681.921875,83415.34375
1396.929330587387,1,103.9,37282.33203125,83415.34375
1397.9382836818695,1,104.1,39912.90625,83415.34375
1398.949913263321,1,1474.9,43751.1328125,83415.34375
1399.987676858902,1,4274.2,47226.98828125,83463.34375
1400.9986681938171,1,101.9,48891.328125,83463.34375
1402.0088558197021,1,103.9,42277.6953125,83463.34375
1403.0199146270752,1,2049.5,40053.84765625,83463.34375
1404.052918434143,1,950.6,41932.26953125,83463.34375
1405.063039302826,1,1520.6,37749.29296875,83463.34375
1406.0741927623749,1,860.5,34961.8046875,83463.34375
1407.0906021595001,1,836.2,24278.8515625,83463.34375
1408.1019098758698,1,3028.0,17450.609375,83463.34375
1409.1379923820496,1,4773.9,17211.13671875,83463.34375
1410.1741275787354,1,4774.4,17053.984375,83463.34375
1411.21191239357,1,2998.6,19278.8046875,83463.34375
1412.2434031963348,1,1799.2,18949.81640625,83463.34375
1413.254900932312,1,1536.5,10449.8203125,83463.34375
1414.2899401187897,1,3336.7,10948.56640625,83463.34375
1415.3015596866608,1,2528.9,11720.765625,83463.34375
1416.3189067840576,1,1536.4,10658.0859375,83463.34375
1417.3430955410004,1,1322.9,9726.33984375,83463.34375
1418.3539016246796,1,2171.7,9080.93359375,83463.34375
1419.3861811161041,1,313.8,3082.7421875,83463.34375
1420.397901058197,1,3581.1,3397.1015625,83463.34375
1421.4712707996368,1,1702.1,6421.5703125,83463.34375
1422.4819071292877,1,2366.0,9911.8984375,83463.34375
1423.5159058570862,1,3358.8,10637.16796875,83463.34375
1424.5473668575287,1,3294.0,9897.65234375,83463.34375
1425.5589129924774,1,4047.4,12532.671875,83463.34375
1426.5829298496246,1,183.6,16044.8359375,83463.34375
1427.5938391685486,1,100.9,19604.5859375,83463.34375
1428.6049110889435,1,1664.8,18920.71484375,83463.34375
1429.6178469657898,1,100.7,22265.69140625,83463.34375
1430.6306869983673,1,101.7,25603.09375,83463.34375
1431.643408536911,1,104.7,28871.8203125,83463.34375
1432.6563189029694,1,107.6,32139.02734375,83463.34375
1433.6674146652222,1,105.8,34107.66796875,83463.34375
1434.6775529384613,1,105.9,33824.21875,83463.34375
1435.6885025501251,1,105.8,33610.2890625,83463.34375
1436.6989827156067,1,103.9,33389.66015625,83463.34375
1437.7100715637207,1,895.0,33438.62890625,83463.34375
1438.7247250080109,1,883.1,33564.98046875,83463.34375
1439.7489037513733,1,1186.5,34329.5546875,83463.34375
1440.7875702381134,1,1164.7,33566.875,83463.34375
1441.8034875392914,1,626.1,34040.421875,83463.34375
1442.8209028244019,1,1441.1,35590.765625,83463.34375
1443.8519134521484,1,1098.8,34937.69921875,83463.34375
1444.866310596466,1,847.7,33704.765625,83463.34375
1445.8878390789032,1,315.2,35934.0703125,83463.34375
1446.9037764072418,1,1833.1,38518.33984375,83463.34375
1447.943565607071,1,1423.1,41190.84765625,83463.34375
1448.9589576721191,1,1566.0,37018.33984375,83463.34375
1449.974241733551,1,847.0,35866.078125,83463.34375
1450.9908289909363,1,995.5,34282.39453125,83463.34375
1452.0059444904327,1,104.4,36758.85546875,83463.34375
1453.022486448288,1,104.3,39431.6640625,83463.34375
1454.0373275279999,1,806.1,43710.30859375,83463.34375
1455.0589065551758,1,4771.1,45063.0,83463.34375
1456.0999190807343,1,451.5,48562.625,83463.34375
1457.1121008396149,1,102.7,45246.33984375,83463.34375
1458.1229112148285,1,1126.9,40114.16796875,83463.34375
1459.1557054519653,1,1851.1,41671.03515625,83463.34375
1460.1665089130402,1,1512.8,37449.58203125,83463.34375
1461.1775796413422,1,800.1,36239.765625,83463.34375
1462.187581062317,1,904.0,28238.78515625,83463.34375
1463.1979134082794,1,2249.9,17724.89453125,83463.34375
1464.2349035739899,1,4771.8,17412.2578125,83463.34375
1465.2713804244995,1,4772.9,17208.0390625,83463.34375
1466.312905073166,1,2929.4,19832.88671875,83463.34375
1467.3249061107635,1,2393.3,19370.421875,83463.34375
1468.3506028652191,1,1946.7,16188.53125,83463.34375
1469.36177277565,1,3150.8,10486.65234375,83463.34375
1470.3735768795013,1,2293.9,11846.69140625,83463.34375
1471.3921208381653,1,1294.1,10275.85546875,83463.34375
1472.4049015045166,1,1813.1,9714.67578125,83463.34375
1473.4167816638947,1,1650.1,9323.65234375,83463.34375
1474.4272291660309,1,609.7,2613.78515625,83463.34375
1475.4389028549194,1,2543.4,3423.42578125,83463.34375
1476.4979202747345,1,2728.8,5895.84765625,83463.34375
1477.5080890655518,1,1903.6,9823.64453125,83463.34375
1478.519145488739,1,2930.6,10500.484375,83463.34375
1479.5295741558075,1,3730.5,11087.88671875,83463.34375
1480.5469105243683,1,3226.8,10551.5546875,83467.34375
1481.5839264392853,1,1661.4,14981.06640625,83467.34375
1482.5952582359314,1,100.9,18527.90625,83467.34375
1483.6057622432709,1,1643.6,20825.078125,83467.34375
1484.6174612045288,1,118.6,21139.66796875,83467.34375
1485.6289701461792,1,101.8,24549.3046875,83467.34375
1486.6392095088959,1,104.9,27829.99609375,83467.34375
1487.6502845287323,1,105.8,31155.1015625,83467.34375
1488.6602621078491,1,105.9,34209.26171875,83467.34375
1489.670518875122,1,106.9,33937.56640625,83467.34375
1490.6818554401398,1,104.8,33710.12109375,83467.34375
1491.694118976593,1,104.7,33482.26953125,83467.34375
1492.7047185897827,1,442.3,33286.52734375,83467.34375
1493.7209153175354,1,1282.1,33234.86328125,83467.34375
1494.7381234169006,1,1017.4,33313.15625,83467.34375
1495.7557621002197,1,934.7,34203.10546875,83467.34375
1496.7978630065918,1,1319.3,33293.23828125,83467.34375
1497.8144373893738,1,336.4,34366.9296875,83467.34375
1498.8304257392883,1,1831.7,36471.73046875,83467.34375
1499.8475141525269,1,936.1,35010.26953125,83467.34375
1500.863375902176,1,752.0,34081.62109375,83467.34375
1501.8798422813416,1,469.3,34686.328125,83467.34375
1502.8954763412476,1,101.4,36222.2421875,83467.34375
1503.911903142929,1,2512.1,38434.04296875,83467.34375
1504.9515488147736,1,955.0,41573.83984375,83467.34375
1505.9670028686523,1,1559.9,37300.3359375,83467.34375
1506.978257894516,1,858.5,35100.5625,83467.34375
1507.991626739502,1,921.2,34816.984375,83467.34375
1509.0038154125214,1,103.8,36896.64453125,83467.34375
1510.0148417949677,1,104.9,39569.46484375,83467.34375
1511.025761127472,1,1054.6,43706.41015625,83467.34375
1512.059000968933,1,4721.8,46963.70703125,83467.34375
1513.0709505081177,1,102.8,48720.859375,83467.34375
1514.081577539444,1,100.9,43707.41015625,83467.34375
1515.0927798748016,1,1639.8,40023.37109375,83467.34375
1516.126816034317,1,1358.6,41841.6171875,83467.34375
1517.1381981372833,1,1476.3,37610.48828125,83467.34375
1518.148293018341,1,818.8,35299.06640625,83467.34375
1519.1574182510376,1,873.9,25284.328125,83467.34375
1520.1689076423645,1,2849.4,17654.55859375,83467.34375
1521.2055461406708,1,4769.6,17322.68359375,83467.34375
1522.2409009933472,1,4770.3,17132.8046875,83467.34375
1523.2789051532745,1,2968.2,19577.921875,83467.34375
1524.3114213943481,1,2075.2,19267.87109375,83467.34375
1525.3221311569214,1,1554.4,11947.2421875,83467.34375
1526.3325634002686,1,3372.2,10671.43359375,83467.34375
1527.3496782779694,1,2601.9,11692.484375,83467.34375
1528.3611724376678,1,1248.8,10462.4765625,83467.34375
1529.371580839157,1,1616.4,9560.484375,83467.34375
1530.3839037418365,1,2244.3,9250.0234375,83467.34375
1531.3981363773346,1,825.2,2455.828125,83467.34375
1532.4088332653046,1,2547.9,3303.01953125,83467.34375
1533.4675450325012,1,2710.7,5845.69921875,83467.34375
1534.4783382415771,1,1893.6,9798.9453125,83467.34375
1535.4883127212524,1,2945.9,10504.49609375,83467.34375
1536.4979040622711,1,3790.7,11129.65234375,83467.34375
1537.5299112796783,1,3261.3,10959.5625,83467.34375
1538.5666830539703,1,1449.6,15185.05859375,83467.34375
1539.5779707431793,1,98.9,18753.4375,83467.34375
1540.5898621082306,1,1644.4,19986.59765625,83467.34375
1541.6000788211823,1,108.9,21508.6875,83467.34375
1542.6111896038055,1,100.9,24877.078125,83467.34375
1543.6221761703491,1,104.9,28115.03125,83467.34375
1544.6322989463806,1,105.9,31345.48828125,83467.34375
1545.64364528656,1,105.8,34240.703125,83467.34375
1546.653593301773,1,107.9,33956.34375,83467.34375
1547.6636793613434,1,106.9,33633.703125,83467.34375
1548.6736807823181,1,105.0,33395.05078125,83467.34375
1549.6825404167175,1,387.6,33233.26171875,83467.34375
1550.6992588043213,1,1263.7,33402.00390625,83467.34375
1551.7146337032318,1,1063.7,33456.109375,83467.34375
1552.7379627227783,1,934.1,33941.21484375,83467.34375
1553.754212141037,1,1014.6,33502.9375,83467.34375
1554.7688307762146,1,1636.0,36338.93359375,83467.34375
1555.783950805664,1,847.2,35104.1640625,83467.34375
1556.7985663414001,1,958.9,33682.24609375,83467.34375
1557.818974494934,1,187.2,36201.34375,83467.34375
1558.8359034061432,1,2397.7,38543.60546875,83467.34375
1559.8729231357574,1,775.2,40731.09375,83467.34375
1560.888941526413,1,1547.2,37546.10546875,83467.34375
1561.9045760631561,1,1212.0,34960.96875,83467.34375
1562.9200789928436,1,652.8,34523.9765625,83467.34375
1563.9367978572845,1,105.2,35896.3359375,83467.34375
1564.953444480896,1,103.3,38323.1328125,83467.34375
1565.9689400196075,1,105.4,40995.26953125,83467.34375
1566.9849152565002,1,3824.1,43448.4375,83467.34375
1568.0210206508636,1,2099.1,47991.19921875,83491.34375
1569.0313205718994,1,101.0,49474.92578125,83491.34375
1570.0429618358612,1,252.1,42173.48828125,83491.34375
1571.05317902565,1,2648.9,40968.9765625,83491.34375
1572.0639381408691,1,189.0,37472.3671875,83491.34375
1573.0789422988892,1,1619.3,35850.20703125,83491.34375
1574.1415956020355,1,1426.9,33232.390625,83491.34375
1575.1529121398926,1,1128.3,17661.94921875,83491.34375
1576.1913514137268,1,4770.9,17377.19140625,83491.34375
1577.2292404174805,1,4773.0,17133.90625,83491.34375
1578.2660083770752,1,3858.8,19624.6484375,83491.34375
1579.2760410308838,1,1956.6,19312.21484375,83491.34375
1580.287502527237,1,2322.3,18723.63671875,83491.34375
1581.303913116455,1,2887.5,10395.0390625,83491.34375
1582.3169074058533,1,2103.8,11948.12109375,83491.34375
1583.3286652565002,1,2017.1,10187.07421875,83491.34375
1584.3409008979797,1,1732.1,9781.1875,83491.34375
1585.3638684749603,1,1353.9,9793.20703125,83491.34375
1586.3753879070282,1,2030.4,2696.1484375,83491.34375
1587.3869059085846,1,525.0,3441.91015625,83491.34375
1588.46293258667,1,4565.7,4969.71875,83491.34375
1589.473444700241,1,1217.1,8715.1640625,83491.34375
1590.4869232177734,1,2864.5,9841.26953125,83491.34375
1591.5089056491852,1,3312.8,10625.2265625,83491.34375
1592.540910243988,1,2565.8,8305.09765625,83491.34375
1593.5834136009216,1,3548.0,13530.91796875,83515.34375
1594.593844652176,1,99.0,17077.09765625,83515.34375
1595.6052331924438,1,100.9,20646.8671875,83515.34375
1596.6160280704498,1,1664.0,20139.05859375,83515.34375
1597.625988483429,1,99.0,23545.75390625,83515.34375
1598.6373739242554,1,105.8,26819.3515625,83515.34375
1599.6485571861267,1,105.8,30051.171875,83515.34375
1600.6585614681244,1,107.9,33246.8046875,83515.34375
1601.6687705516815,1,107.9,34203.375,83515.34375
1602.678968667984,1,106.9,33927.640625,83515.34375
1603.689700126648,1,105.9,33692.0234375,83515.34375
1604.7001733779907,1,102.9,33440.6484375,83515.34375
1605.709906578064,1,1172.7,33405.49609375,83515.34375
1606.7235143184662,1,1123.5,34026.4140625,83515.34375
1607.7360637187958,1,1138.0,34283.0703125,83515.34375
1608.756675004959,1,982.5,33535.6328125,83515.34375
1609.7729439735413,1,682.9,33875.49609375,83515.34375
1610.790902376175,1,1187.9,35545.65234375,83515.34375
1611.8305492401123,1,779.0,35408.9375,83515.34375
1612.845498085022,1,1291.6,34557.6328125,83515.34375
1613.8610174655914,1,666.6,34427.5078125,83515.34375
1614.87739610672,1,102.3,36437.4140625,83515.34375
1615.8928201198578,1,2935.1,38475.69921875,83515.34375
1616.910082101822,1,433.5,39611.39453125,83515.34375
1617.9225487709045,1,1546.8,37626.64453125,83515.34375
1618.9337294101715,1,1173.0,35079.04296875,83515.34375
1619.94274020195,1,557.9,35705.00390625,83515.34375
1620.9525382518768,1,105.0,38314.36328125,83515.34375
1621.9630987644196,1,102.9,41004.16796875,83515.34375
1622.974914073944,1,3451.4,43617.9921875,83515.34375
1624.0120570659637,1,2272.5,47989.328125,83515.34375
1625.0224123001099,1,101.9,49148.4140625,83515.34375
1626.0325245857239,1,352.4,41853.3984375,83515.34375
1627.0431394577026,1,2654.1,40677.90625,83515.34375
1628.0573556423187,1,242.6,38217.6796875,83515.34375
1629.0715799331665,1,1423.5,36176.12109375,83515.34375
1630.083906173706,1,1468.1,34447.4609375,83515.34375
1631.0969023704529,1,333.7,17720.62890625,83515.34375
1632.1298186779022,1,4769.8,17433.28515625,83515.34375
1633.1696019172668,1,4766.5,17223.64453125,83515.34375
1634.2069118022919,1,4764.8,19334.97265625,83515.34375
1635.226544380188,1,2160.8,19242.80078125,83515.34375
1636.2367889881134,1,1769.9,18737.94921875,83515.34375
1637.2489094734192,1,2347.4,10264.06640625,83515.34375
1638.283692598343,1,2488.4,10624.88671875,83515.34375
1639.3027324676514,1,2593.8,9699.40625,83515.34375
1640.3179025650024,1,1507.1,10027.5078125,83515.34375
1641.3289034366608,1,1032.6,9887.12890625,83515.34375
1642.3610479831696,1,1410.5,2275.68359375,84027.3515625
1643.3729026317596,1,865.8,3410.7109375,83515.34375
1644.4662492275238,1,4185.1,5184.55859375,83515.34375
1645.4776921272278,1,1446.6,9092.26953125,83515.34375
1646.4959139823914,1,3149.4,9844.51171875,83515.34375
1647.5209004878998,1,3318.4,10625.7578125,83515.34375
1648.5529248714447,1,2588.9,9050.52734375,83515.34375
1649.5897901058197,1,2750.4,14177.95703125,83515.34375
1650.5999190807343,1,101.0,17724.14453125,83515.34375
1651.6099066734314,1,720.9,20827.2109375,83515.34375
1652.6349318027496,1,1030.1,20975.53125,83515.34375
1653.6451833248138,1,99.0,24413.6171875,83515.34375
1654.6553394794464,1,104.9,27707.41015625,83515.34375
1655.6658334732056,1,105.9,30937.25,83515.34375
1656.6772348880768,1,108.8,34007.74609375,83515.34375
1657.6883878707886,1,106.8,34151.47265625,83515.34375
1658.698914527893,1,107.9,33878.27734375,83515.34375
1659.7093784809113,1,104.9,33620.82421875,83515.34375
1660.7199306488037,1,104.9,33334.1015625,83515.34375
1661.7298007011414,1,1476.6,33304.80078125,83515.34375
1662.745130777359,1,991.7,33294.16015625,83515.34375
1663.7553915977478,1,1219.5,33960.0390625,83515.34375
1664.7659163475037,1,579.9,34602.828125,83515.34375
1665.777781009674,1,1557.5,35847.34765625,83515.34375
1666.7878158092499,1,1392.0,34187.62890625,83515.34375
1667.8009088039398,1,381.0,34872.5703125,83515.34375
1668.8131439685822,1,101.8,37169.94921875,83515.34375
1669.8236656188965,1,2952.7,40369.19140625,83515.34375
1670.835566997528,1,257.9,37868.14453125,83515.34375
1671.845935344696,1,1463.8,35918.54296875,83515.34375
1672.8578548431396,1,1434.8,34381.81640625,83515.34375
1673.8706991672516,1,265.6,36364.7734375,83515.34375
1674.8842720985413,1,103.6,39058.8828125,83515.34375
1675.8970313072205,1,108.6,41682.94921875,83515.34375
1676.9139068126678,1,4747.2,43544.125,83515.34375
1677.9467871189117,1,1043.6,48219.16015625,83515.34375
1678.9574205875397,1,103.9,46507.359375,83515.34375
1679.9679143428802,1,787.8,40054.7734375,83515.34375
1681.0024907588959,1,2171.7,41460.17578125,83515.34375
1682.0128359794617,1,1351.1,37327.421875,83515.34375
1683.0404002666473,1,918.6,36125.96875,83515.34375
1684.0506572723389,1,1057.1,29819.453125,83515.34375
1685.0619130134583,1,1866.1,17640.0546875,83515.34375
1686.09960603714,1,4754.2,17403.30859375,83515.34375
1687.1339032649994,1,4773.3,17143.11328125,83515.34375
1688.174575328827,1,3469.3,19817.17578125,83515.34375
1689.1889023780823,1,2166.4,19148.68359375,83515.34375
1690.2044656276703,1,2332.4,18070.98828125,83515.34375
1691.2149126529694,1,3042.3,10846.578125,83515.34375
1692.2363691329956,1,2149.8,11931.27734375,83515.34375
1693.2539491653442,1,1626.4,10203.55078125,83515.34375
1694.2650318145752,1,1738.0,9783.03125,83515.34375
1695.2767453193665,1,1458.9,9348.484375,83515.34375
1696.2916867733002,1,818.6,2555.08203125,83515.34375
1697.3029034137726,1,2177.7,3550.71484375,83515.34375
1698.36944937706,1,3056.7,5885.01953125,83515.34375
1699.3785998821259,1,1898.4,10997.8046875,83515.34375
1700.3897638320923,1,2913.6,10391.2734375,83571.34375
1701.400682926178,1,3619.3,11045.4609375,83571.34375
1702.4119126796722,1,3057.9,10297.15234375,83571.34375
1703.44881772995,1,1811.0,14928.13671875,83571.34375
1704.4598698616028,1,100.9,18479.015625,83571.34375
1705.4710307121277,1,1652.8,20832.67578125,83571.34375
1706.4824965000153,1,115.7,21999.08203125,83571.34375
1707.4939351081848,1,101.8,25435.29296875,83571.34375
1708.505152463913,1,105.8,28670.0859375,83571.34375
1709.5154151916504,1,106.9,31873.80078125,83571.34375
1710.526227235794,1,106.8,34787.76953125,83571.34375
1711.536231994629,1,107.9,34463.328125,83571.34375
1712.5471189022064,1,106.8,34108.7734375,83571.34375
1713.5579233169556,1,105.9,33810.26171875,83571.34375
1714.5682089328766,1,457.3,33541.921875,83571.34375
1715.5870044231415,1,1330.9,33332.765625,83571.34375
1716.6041417121887,1,1116.9,33334.09375,83571.34375
1717.6200065612793,1,967.6,34734.1640625,83571.34375
1718.6371810436249,1,875.9,33218.98046875,83571.34375
1719.654931306839,1,340.0,34353.5703125,83571.34375
1720.6714022159576,1,1786.6,36511.09375,83571.34375
1721.6877799034119,1,897.3,34911.71875,83571.34375
1722.70366024971,1,934.3,33576.125,83571.34375
1723.717838525772,1,174.5,34942.796875,83571.34375
1724.7349107265472,1,280.3,38302.6953125,83571.34375
1725.758460521698,1,3009.0,40702.59765625,83571.34375
1726.7699041366577,1,292.7,37008.18359375,83571.34375
1727.8008773326874,1,1722.7,35681.7421875,83571.34375
1728.8335542678833,1,1165.8,34439.05078125,83571.34375
1729.8438007831573,1,103.9,36925.90625,83571.34375
1730.854397535324,1,103.9,39572.51953125,83571.34375
1731.8659081459045,1,899.7,43769.453125,83571.34375
1732.8989071846008,1,4771.6,46686.63671875,83571.34375
1733.91948056221,1,161.7,48821.453125,83571.34375
1734.9299461841583,1,103.9,43902.234375,83571.34375
1735.9409120082855,1,1582.7,40089.9140625,83571.34375
1736.9737362861633,1,1431.9,41835.12890625,83571.34375
1737.9841797351837,1,1482.6,37611.88671875,83571.34375
1738.9955048561096,1,816.7,35351.43359375,83571.34375
1740.006095647812,1,873.8,24883.02734375,83571.34375
1741.0169086456299,1,2970.1,17577.625,83571.34375
1742.0538997650146,1,4774.7,17306.03125,83571.34375
1743.0900752544403,1,4770.5,17135.30078125,83571.34375
1744.1279120445251,1,2980.0,19398.94140625,83571.34375
1745.1521999835968,1,1907.5,19051.46875,83571.34375
1746.1637451648712,1,1505.6,10902.54296875,83571.34375
1747.1742017269135,1,3522.6,10706.74609375,83571.34375
1748.18465924263,1,2451.2,11760.2734375,83571.34375
1749.1960616111755,1,1224.0,10664.78515625,83571.34375
1750.2140114307404,1,1793.1,9649.04296875,83571.34375
1751.226112127304,1,1758.7,9356.46484375,83571.34375
1752.2396421432495,1,275.2,3123.98828125,83571.34375
1753.2499060630798,1,3498.5,3460.66796875,83571.34375
1754.3220629692078,1,1801.9,6456.578125,83571.34375
1755.3321108818054,1,2286.2,9945.2578125,83571.34375
1756.350906610489,1,3293.1,10754.4296875,83571.34375
1757.3878481388092,1,3456.1,10042.078125,83571.34375
1758.3979094028473,1,3882.9,12287.0078125,83571.34375
1759.436190366745,1,362.1,15960.609375,83595.34375
1760.4463098049164,1,99.0,19528.4296875,83595.34375
1761.458336353302,1,1669.1,18719.9921875,83595.34375
1762.4684569835663,1,100.0,22038.22265625,83595.34375
1763.4784650802612,1,102.0,25408.296875,83595.34375
1764.4888610839844,1,105.9,28707.421875,83595.34375
1765.4997019767761,1,105.9,31933.2265625,83595.34375
1766.5103492736816,1,107.9,33976.09765625,83595.34375
1767.520825624466,1,105.9,33741.26171875,83595.34375
1768.5308406352997,1,105.9,33495.08984375,83595.34375
1769.54332113266,1,103.7,33270.43359375,83595.34375
1770.5579669475555,1,788.4,33231.35546875,83595.34375
1771.574533700943,1,1057.4,33271.8984375,83595.34375
1772.591594696045,1,1088.5,33180.40234375,83595.34375
1773.60751247406,1,976.4,34841.13671875,83595.34375
1774.6235146522522,1,1045.5,33106.10546875,83595.34375
1775.6439011096954,1,1253.5,35597.109375,83595.34375
1776.682762145996,1,695.9,35263.34375,83595.34375
1777.6985857486725,1,1276.7,34450.48828125,83595.34375
1778.7146298885345,1,685.0,34203.37890625,83595.34375
1779.731874704361,1,102.2,36131.26953125,83595.34375
1780.7479026317596,1,2503.2,38463.9453125,83595.34375
1781.7877190113068,1,867.3,40908.16796875,83595.34375
1782.8030309677124,1,1613.4,37546.203125,83595.34375
1783.8188004493713,1,1173.4,34964.1796875,83595.34375
1784.8336095809937,1,559.7,35613.29296875,83595.34375
1785.8490538597107,1,105.4,38271.72265625,83595.34375
1786.8648188114166,1,103.4,41003.8515625,83595.34375
1787.8809146881104,1,3350.4,43664.36328125,83595.34375
1788.9127006530762,1,2378.1,47772.44921875,83595.34375
1789.9237883090973,1,101.9,49383.95703125,83595.34375
1790.9349546432495,1,392.6,41964.890625,83595.34375
1791.9453082084656,1,2666.4,40730.1484375,83595.34375
1792.9554703235626,1,254.4,38298.859375,83595.34375
1793.9661054611206,1,1437.7,36384.609375,83595.34375
1794.9779064655304,1,1416.4,34376.0546875,83595.34375
1795.9929060935974,1,661.1,17736.49609375,83595.34375
1797.030907869339,1,4773.5,17436.8203125,83595.34375
1798.066899061203,1,4772.4,17180.15234375,83595.34375
1799.1049361228943,1,4449.2,19383.83203125,83595.34375
1800.116338968277,1,1977.5,19384.38671875,83595.34375
1801.1273233890533,1,1992.0,18829.70703125,83595.34375
1802.1389145851135,1,2419.2,10367.42578125,83595.34375
1803.1719434261322,1,2313.4,11897.98046875,83595.34375
1804.1850340366364,1,2479.7,10107.2578125,83595.34375
1805.196051120758,1,1585.5,9779.7890625,83595.34375
1806.2070474624634,1,1276.9,10074.12890625,83595.34375
1807.2177278995514,1,1489.9,2313.21875,84107.3515625
1808.2289056777954,1,875.4,3524.15625,83595.34375
1809.326942205429,1,4169.1,5250.4453125,83595.34375
1810.337322473526,1,1384.8,9808.80078125,83595.34375
1811.3479235172272,1,3176.6,9909.6328125,83595.34375
1812.392540216446,1,3352.2,10648.17578125,83595.34375
1813.4227950572968,1,2586.5,9231.5,83595.34375
1814.4627394676208,1,2672.2,14222.05859375,83595.34375
1815.4731848239899,1,100.0,17766.6328125,83595.34375
1816.483328819275,1,720.8,20837.4453125,83595.34375
1817.507831811905,1,1025.7,21273.37890625,83595.34375
1818.517992258072,1,102.0,24692.25,83595.34375
1819.5278646945953,1,103.0,28018.671875,83595.34375
1820.5378079414368,1,106.9,31232.80859375,83595.34375
1821.548142194748,1,106.9,34400.48828125,83595.34375
1822.5597059726715,1,109.7,34514.7265625,83595.34375
1823.5697758197784,1,107.9,34161.234375,83595.34375
1824.5803155899048,1,105.9,33865.94921875,83595.34375
1825.5910489559174,1,103.9,33584.265625,83595.34375
1826.6026420593262,1,1388.7,33558.703125,83595.34375
1827.6206521987915,1,1116.9,33560.61328125,83595.34375
1828.631577014923,1,456.0,33997.32421875,83595.34375
1829.6429195404053,1,1377.4,33966.83203125,83595.34375
1830.6546049118042,1,696.8,33725.13671875,83595.34375
1831.6660871505737,1,809.9,35537.39453125,83595.34375
1832.6818985939026,1,1696.2,34824.7578125,83595.34375
1833.7059655189514,1,1195.2,33651.26953125,83595.34375
1834.7154831886292,1,103.0,36301.19921875,83595.34375
1835.7268979549408,1,2702.5,38529.140625,83595.34375
1836.7559180259705,1,697.7,40469.21875,83595.34375
1837.7670302391052,1,1644.7,37559.69921875,83595.34375
1838.7795219421387,1,1258.3,35023.75,83595.34375
1839.7905745506287,1,607.4,35522.39453125,83595.34375
1840.803689956665,1,103.6,38154.89453125,83595.34375
1841.8174335956573,1,104.6,40754.390625,83595.34375
1842.8309109210968,1,3043.5,43687.28125,83595.34375
1843.863835811615,1,2871.3,47712.578125,83595.34375
1844.8748733997345,1,103.9,49342.99609375,83595.34375
1845.8851680755615,1,270.2,41801.3125,83595.34375
1846.895804643631,1,2665.5,40601.46875,83595.34375
1847.9064745903015,1,180.1,38139.765625,83595.34375
1848.916804075241,1,1395.4,36360.5625,83595.34375
1849.9321732521057,1,1331.7,34839.36328125,83595.34375
1850.9422409534454,1,374.2,17703.9140625,83595.34375
1851.952904701233,1,4691.3,17469.59375,83595.34375
1852.9913575649261,1,4767.8,17228.10546875,83595.34375
1854.0331737995148,1,4749.1,18696.52734375,83595.34375
1855.073302268982,1,2585.2,19436.37890625,83595.34375
1856.0840802192688,1,1700.8,18906.30859375,83595.34375
1857.1019072532654,1,1791.1,10361.1640625,83595.34375
1858.135380268097,1,2951.0,10476.01953125,83595.34375
1859.1458339691162,1,2571.1,10352.80859375,83595.34375
1860.156346321106,1,1547.8,10785.796875,83595.34375
1861.166797876358,1,1166.8,9703.0546875,83595.34375
1862.1775381565094,1,1558.3,4578.02734375,83595.34375
1863.188903093338,1,251.2,3561.79296875,83595.34375
1864.2019271850586,1,4541.1,3700.17578125,83595.34375
1865.2369112968445,1,1183.7,8225.52734375,83595.34375
1866.271441936493,1,2894.9,9882.55078125,83595.34375
1867.306904554367,1,3318.6,10689.87890625,83595.34375
1868.3409087657928,1,2553.2,8037.94140625,83595.34375
1869.3601667881012,1,3899.5,13265.9296875,83595.34375
1870.3717293739319,1,99.8,16814.49609375,83595.34375
1871.3820977210999,1,100.0,20379.67578125,83595.34375
1872.3928472995758,1,1669.0,19897.7890625,83595.34375
1873.4033725261688,1,100.0,23283.7109375,83595.34375
1874.4145650863647,1,104.8,26553.23828125,83595.34375
1875.4250347614288,1,104.9,29794.64453125,83595.34375
1876.435940027237,1,106.8,32964.4453125,83595.34375
1877.445989370346,1,107.9,34291.01171875,83595.34375
1878.4572188854218,1,106.8,33927.66796875,83595.34375
1879.4671046733856,1,105.0,33684.4296875,83595.34375
1880.4774143695831,1,105.9,33403.390625,83595.34375
1881.4875357151031,1,1066.1,33279.296875,83595.34375
1882.5059115886688,1,968.4,33748.33984375,83595.34375
1883.5508420467377,1,1043.9,33406.6171875,83595.34375
1884.5671288967133,1,1005.6,34270.59765625,83595.34375
1885.5838639736176,1,1147.8,33172.375,83595.34375
1886.6009368896484,1,101.3,34699.64453125,83595.34375
1887.617948293686,1,1859.4,36800.01171875,83595.34375
1888.6338589191437,1,1014.0,34329.59765625,83595.34375
1889.6544544696808,1,1018.9,33966.98828125,83595.34375
1890.670283794403,1,102.4,35445.78125,83595.34375
1891.6869008541107,1,1242.6,38511.23828125,83595.34375
1892.7256436347961,1,2189.9,41119.12109375,83595.34375
1893.7419044971466,1,1148.5,36965.84765625,83595.34375
1894.7815601825714,1,1260.9,35872.68359375,83595.34375
1895.7969512939453,1,963.2,34777.1484375,83595.34375
1896.8128368854523,1,104.3,37336.296875,83595.34375
1897.8284034729004,1,104.4,40021.55078125,83595.34375
1898.8428676128387,1,1669.9,43748.9609375,83595.34375
1899.8847641944885,1,4171.8,47176.53515625,83595.34375
1900.8960094451904,1,102.8,48804.609375,83595.34375
1901.906379699707,1,101.9,41698.3828125,83595.34375
1902.9169099330902,1,2198.9,40020.05859375,83595.34375
1903.949567079544,1,797.9,41968.3203125,83595.34375
1904.960614681244,1,1563.6,37947.00390625,83595.34375
1905.9714314937592,1,1163.4,35113.42578125,83595.34375
1906.9826564788818,1,544.9,22445.12109375,83595.34375
1907.9939103126526,1,3467.3,17583.98828125,83595.34375
1909.0326085090637,1,4770.6,17340.91796875,83595.34375
1910.0658984184265,1,4776.1,17123.984375,83595.34375
1911.103913784027,1,2809.0,19367.16015625,83595.34375
1912.1347386837006,1,1762.5,18997.1171875,83595.34375
1913.1459007263184,1,1612.3,10408.25390625,83595.34375
1914.17804479599,1,3224.0,10824.9453125,83595.34375
1915.1889038085938,1,2625.7,11790.1640625,83595.34375
1916.2139058113098,1,1519.0,10581.80078125,83595.34375
1917.2251238822937,1,1349.7,9613.90234375,83595.34375
1918.235957622528,1,2173.8,9084.45703125,83595.34375
1919.2523498535156,1,196.7,3173.84765625,83595.34375
1920.2639002799988,1,3728.0,3357.359375,83595.34375
1921.3376669883728,1,1575.7,6488.1796875,83595.34375
1922.358909368515,1,2594.2,9958.80859375,83595.34375
1923.3919053077698,1,3317.5,10697.56640625,83595.34375
1924.4243052005768,1,3224.6,9972.19140625,83595.34375
1925.4371311664581,1,3919.6,12762.796875,83595.34375
1926.4512462615967,1,99.6,16271.43359375,83595.34375
1927.4640171527863,1,100.7,19840.41796875,83595.34375
1928.4767618179321,1,1668.4,19083.98828125,83595.34375
1929.4870104789734,1,100.0,22434.58984375,83595.34375
1930.4981608390808,1,102.9,25743.75390625,83595.34375
1931.508032798767,1,105.0,29013.6328125,83595.34375
1932.519983291626,1,106.7,32253.3828125,83595.34375
1933.5304894447327,1,105.9,34139.52734375,83595.34375
1934.5413012504578,1,106.8,33854.68359375,83595.34375
1935.5521285533905,1,104.9,33586.171875,83595.34375
1936.5625360012054,1,104.9,33343.31640625,83595.34375
1937.5735547542572,1,754.7,33280.953125,83595.34375
1938.584124803543,1,1017.4,33530.1640625,83595.34375
1939.5976221561432,1,1020.0,33763.84375,83595.34375
1940.6090569496155,1,1473.5,33448.00390625,83595.34375
1941.624552488327,1,463.8,35050.9921875,83595.34375
1942.6401381492615,1,1694.6,35042.84765625,83595.34375
1943.6579406261444,1,1626.2,33777.54296875,83595.34375
1944.6733961105347,1,173.3,36285.515625,83595.34375
1945.6889040470123,1,2584.1,38587.54296875,83595.34375
1946.727757692337,1,680.5,40684.9140625,83595.34375
1947.743490934372,1,1599.9,37598.48046875,83595.34375
1948.7591199874878,1,1214.0,35032.65625,83595.34375
1949.7744600772858,1,573.2,35634.18359375,83595.34375
1950.790275335312,1,103.4,38288.359375,83595.34375
1951.8051936626434,1,106.4,40900.40625,83595.34375
1952.8199121952057,1,3188.0,43721.07421875,83595.34375
1953.8588721752167,1,2654.5,47849.99609375,83595.34375
1954.869507074356,1,101.9,49245.02734375,83595.34375
1955.8804559707642,1,378.9,41775.3515625,83595.34375
1956.8904979228973,1,2647.4,40593.56640625,83595.34375
1957.9005744457245,1,240.6,38203.09765625,83595.34375
1958.9116163253784,1,1499.5,36614.4609375,83595.34375
1959.9217131137848,1,1334.5,34698.59375,83595.34375
1960.9369008541107,1,369.4,17746.94140625,83595.34375
1961.9699046611786,1,4767.6,17467.015625,83595.34375
1963.0069015026093,1,4772.4,17198.41796875,83595.34375
1964.0496311187744,1,4737.5,19491.25,83595.34375
1965.0612251758575,1,1896.9,19369.01953125,83595.34375
1966.0716586112976,1,1941.9,18846.3046875,83595.34375
1967.082911491394,1,2343.5,10427.171875,83595.34375
1968.1169095039368,1,2419.6,11972.46484375,83595.34375
1969.1290919780731,1,2539.0,10085.78125,83595.34375
1970.1402249336243,1,1576.7,10150.25,83595.34375
1971.1522986888885,1,1157.0,10100.32421875,83595.34375
1972.1680488586426,1,1679.4,2603.03125,83595.34375
1973.1789042949677,1,599.5,3580.61328125,83595.34375
1974.2643485069275,1,4451.5,5100.31640625,83595.34375
1975.2752678394318,1,1295.8,9119.80078125,83595.34375
1976.288913011551,1,3011.1,9915.58203125,83595.34375
1977.3279020786285,1,3314.0,10658.859375,83595.34375
1978.3599014282227,1,2598.8,8668.06640625,83595.34375
1979.396201133728,1,3136.8,13863.07421875,83619.34375
1980.406261920929,1,99.0,17432.390625,83619.34375
1981.4170196056366,1,317.5,20838.96875,83619.34375
1982.4447312355042,1,1420.8,20623.390625,83619.34375
1983.4557008743286,1,100.9,24034.42578125,83619.34375
1984.4659085273743,1,104.9,27321.9921875,83619.34375
1985.4767849445343,1,105.8,30559.453125,83619.34375
1986.4884066581726,1,107.8,33699.74609375,83619.34375
1987.4985737800598,1,107.9,34413.5703125,83619.34375
1988.5133202075958,1,106.4,34123.83203125,83619.34375
1989.5289814472198,1,105.4,33893.80078125,83619.34375
1990.5442304611206,1,104.4,33580.2265625,83619.34375
1991.559871673584,1,1284.7,33772.30859375,83619.34375
1992.5755908489227,1,897.9,33546.7109375,83619.34375
1993.5989639759064,1,1434.6,34510.8046875,83619.34375
1994.6144638061523,1,1017.3,33511.8671875,83619.34375
1995.6301591396332,1,1671.7,36332.19140625,83619.34375
1996.6461272239685,1,153.5,35378.3359375,83619.34375
1997.6624698638916,1,1545.9,33835.81640625,83619.34375
1998.679203748703,1,295.1,35916.25390625,83619.34375
1999.6949038505554,1,2018.5,38546.63671875,83619.34375
2000.7345886230469,1,1238.7,41482.46875,83619.34375
2001.7503254413605,1,1598.9,37359.5234375,83619.34375
2002.7662451267242,1,942.1,35054.12109375,83619.34375
2003.7867136001587,1,915.8,34663.37109375,83619.34375
2004.8025286197662,1,103.4,36298.4453125,83619.34375
2005.8176250457764,1,105.4,38896.51171875,83619.34375
2006.8323094844818,1,102.5,41635.06640625,83619.34375
2007.8489112854004,1,4588.0,43512.8828125,83619.34375
2008.882785320282,1,1348.2,48301.3359375,83643.34375
2009.8930945396423,1,102.0,47689.83203125,83643.34375
2010.9049072265625,1,359.8,40024.44921875,83643.34375
2011.936404466629,1,2512.6,41275.8203125,83643.34375
2012.9479084014893,1,954.1,37233.94140625,83643.34375
2013.9802844524384,1,1490.5,35759.88671875,83643.34375
2014.9919912815094,1,898.5,31034.60546875,83643.34375
2016.0029096603394,1,1633.3,17625.52734375,83643.34375
2017.0309047698975,1,4750.3,17390.83203125,83643.34375
2018.0673003196716,1,4765.7,17179.24609375,83643.34375
2019.1065301895142,1,4056.3,19632.921875,83643.34375
2020.1170070171356,1,2074.5,19359.9375,83643.34375
2021.126861333847,1,2074.5,18868.015625,83643.34375
2022.1427960395813,1,2722.4,10456.0546875,83643.34375
2023.176847934723,1,2218.5,11894.92578125,83643.34375
2024.1939816474915,1,2233.6,10105.60546875,83643.34375
2025.204871416092,1,1587.7,9771.3515625,83643.34375
2026.215913772583,1,1367.1,9905.33203125,83643.34375
2027.2274651527405,1,1184.3,2648.78515625,84155.3515625
2028.2379026412964,1,1349.9,3482.921875,83643.34375
2029.3153274059296,1,3784.7,5402.1953125,83643.34375
2030.3259117603302,1,1643.8,11767.96875,83643.34375
2031.3640608787537,1,3093.6,9826.05859375,83643.34375
2032.3759033679962,1,3522.8,10644.25390625,83643.34375
2033.4009137153625,1,2557.8,9372.671875,83643.34375
2034.437818288803,1,2534.2,14337.2734375,83691.34375
2035.4487924575806,1,100.9,17929.82421875,83691.34375
2036.462925195694,1,972.3,20842.28515625,83691.34375
2037.4882764816284,1,786.1,21089.96875,83691.34375
2038.4997804164886,1,101.8,24488.6171875,83691.34375
2039.5103647708893,1,104.9,27791.75390625,83691.34375
2040.5210700035095,1,105.9,31053.3828125,83691.34375
2041.5316259860992,1,106.9,34247.91796875,83691.34375
2042.5426166057587,1,107.8,34174.6875,83691.34375
2043.5539252758026,1,106.8,33884.6171875,83691.34375
2044.5649263858795,1,105.8,33637.2890625,83691.34375
2045.5754566192627,1,124.7,33414.94921875,83691.34375
2046.5949122905731,1,1433.0,33363.55859375,83691.34375
2047.6224629878998,1,1147.3,33458.453125,83691.34375
2048.6388070583344,1,475.2,33896.6015625,83691.34375
2049.6558616161346,1,1446.3,34011.65625,83691.34375
2050.671937227249,1,699.8,33829.59375,83691.34375
2051.687901735306,1,993.3,35610.6640625,83691.34375
2052.726622104645,1,982.8,35368.26953125,83691.34375
2053.7419140338898,1,1352.5,34009.15234375,83691.34375
2054.7771577835083,1,610.4,35269.52734375,83691.34375
2055.792902469635,1,867.4,38577.76171875,83691.34375
2056.8345844745636,1,2526.3,40944.50390625,83691.34375
2057.8459029197693,1,974.1,36985.31640625,83691.34375
2058.8770022392273,1,1406.1,35806.171875,83691.34375
2059.8886334896088,1,1001.3,34298.18359375,83691.34375
2060.8991401195526,1,103.9,36827.53125,83691.34375
2061.9096190929413,1,104.9,39509.578125,83691.34375
2062.9199068546295,1,849.4,43756.9375,83691.34375
2063.9519033432007,1,4774.1,45595.875,83691.34375
2064.9916517734528,1,361.6,48648.66015625,83691.34375
2066.0022139549255,1,102.9,44511.7265625,83691.34375
2067.0119109153748,1,1394.4,40037.0859375,83691.34375
2068.045869588852,1,1691.4,41710.984375,83691.34375
2069.0571146011353,1,1461.6,37479.3984375,83691.34375
2070.068044900894,1,800.3,35723.4453125,83691.34375
2071.0789573192596,1,896.2,26089.51171875,83691.34375
2072.089910030365,1,2711.5,17641.9765625,83691.34375
2073.127445459366,1,4767.3,17401.70703125,83691.34375
2074.160899877548,1,4775.2,17211.3515625,83691.34375
2075.200535058975,1,3035.6,19610.97265625,83691.34375
2076.220568418503,1,2321.1,19254.2890625,83691.34375
2077.2312359809875,1,1520.9,13140.52734375,83691.34375
2078.241362810135,1,3143.2,10833.03125,83691.34375
2079.2550208568573,1,2646.2,11869.66796875,83691.34375
2080.289524078369,1,1454.2,10496.72265625,83691.34375
2081.3002529144287,1,1739.6,9734.9921875,83691.34375
2082.3119039535522,1,1591.4,9573.5625,83691.34375
2083.331514120102,1,1270.9,2411.3515625,83691.34375
2084.3439016342163,1,2143.5,3403.02734375,83691.34375
2085.4211452007294,1,3028.0,5819.67578125,83691.34375
2086.4323885440826,1,1906.5,10834.1484375,83691.34375
2087.443930864334,1,2894.6,10348.41015625,83691.34375
2088.455119371414,1,3621.5,11054.703125,83691.34375
2089.4669115543365,1,3125.3,10420.3671875,83691.34375
2090.5041275024414,1,1802.8,14937.0078125,83691.34375
2091.514424800873,1,99.0,18500.22265625,83691.34375
2092.52534031868,1,1654.1,20860.9765625,83691.34375
2093.5358414649963,1,115.8,21594.62890625,83691.34375
2094.5466344356537,1,99.9,25035.3046875,83691.34375
2095.557662963867,1,105.8,28289.70703125,83691.34375
2096.5688309669495,1,105.8,31537.77734375,83691.34375
2097.579751729965,1,106.8,34532.2421875,83691.34375
2098.590307235718,1,107.9,34238.6171875,83691.34375
2099.601292848587,1,108.8,33969.69140625,83691.34375
2100.6121413707733,1,104.9,33757.35546875,83691.34375
2101.6228618621826,1,438.3,33502.56640625,83691.34375
2102.6395511627197,1,1389.7,33346.109375,83691.34375
2103.6548681259155,1,932.7,33317.94140625,83691.34375
2104.6709072589874,1,1215.6,34473.7421875,83691.34375
2105.6852774620056,1,777.7,33544.53515625,83691.34375
2106.7005076408386,1,463.0,34128.0234375,83691.34375
2107.717532157898,1,1829.2,36201.65625,83691.34375
2108.739900112152,1,363.9,34870.39453125,83691.34375
2109.7704451084137,1,1299.1,33873.5859375,83691.34375
2110.78160738945,1,420.3,34736.3671875,83691.34375
2111.793458223343,1,101.8,36696.625,83691.34375
2112.8041677474976,1,3315.5,39882.2109375,83691.34375
2113.815615415573,1,103.8,38062.0625,83691.34375
2114.827163696289,1,1525.4,37942.4140625,83691.34375
2115.839234352112,1,1215.3,34755.99609375,83691.34375
2116.8525624275208,1,545.7,36026.5390625,83691.34375
2117.863658428192,1,104.8,38663.48828125,83691.34375
2118.874861717224,1,103.8,41313.7578125,83691.34375
2119.8859112262726,1,3920.9,43647.06640625,83691.34375
2120.9187076091766,1,1841.5,47999.90234375,83691.34375
2121.928778409958,1,101.0,49447.26171875,83691.34375
2122.939943790436,1,365.9,42122.76171875,83691.34375
2123.950527906418,1,2654.9,40989.6328125,83691.34375
2124.961225271225,1,266.1,37421.5234375,83691.34375
2125.979083299637,1,1507.3,35929.45703125,83691.34375
2127.0147790908813,1,1428.1,33447.15625,83691.34375
2128.026909351349,1,1144.0,17731.46484375,83691.34375
2129.063852787018,1,4767.9,17438.21484375,83691.34375
2130.101614713669,1,4769.1,17203.046875,83691.34375
2131.1387434005737,1,3847.6,19679.27734375,83691.34375
2132.1494448184967,1,2103.5,19397.5,83691.34375
2133.1605503559113,1,2268.0,18748.33984375,83691.34375
2134.171910762787,1,2836.7,10432.04296875,83691.34375
2135.197915792465,1,2168.6,11927.8046875,83691.34375
2136.2157230377197,1,1950.1,10230.42578125,83691.34375
2137.2264082431793,1,1647.7,9816.87109375,83691.34375
2138.238112926483,1,1341.2,9645.7265625,83691.34375
2139.2538211345673,1,1585.9,2574.91796875,84203.3515625
2140.264904975891,1,1266.1,3539.03515625,83691.34375
2141.366255760193,1,3800.6,5505.09375,83691.34375
2142.3765830993652,1,1710.4,12191.3515625,83691.34375
2143.394560813904,1,3104.8,9860.07421875,83691.34375
2144.405903339386,1,3459.3,10655.89453125,83691.34375
2145.436914205551,1,2574.0,9460.5546875,83691.34375
2146.4778435230255,1,2436.2,14442.5078125,83715.34375
2147.4882955551147,1,100.0,18025.59375,83715.34375
2148.498920440674,1,1067.6,20847.12890625,83715.34375
2149.5243537425995,1,701.2,20848.6015625,83715.34375
2150.535141468048,1,102.9,24213.390625,83715.34375
2151.5463411808014,1,103.8,27545.48828125,83715.34375
2152.556854724884,1,105.9,30772.2578125,83715.34375
2153.5680198669434,1,106.8,33977.796875,83715.34375
2154.5782084465027,1,106.9,34006.18359375,83715.34375
2155.5891239643097,1,107.8,33739.6171875,83715.34375
2156.599470615387,1,103.9,33489.7890625,83715.34375
2157.6105904579163,1,102.9,33293.06640625,83715.34375
2158.625113248825,1,1419.2,33317.1484375,83715.34375
2159.6437883377075,1,1098.5,33512.45703125,83715.34375
2160.6559109687805,1,818.2,34202.16796875,83715.34375
2161.6770741939545,1,1090.7,33506.0625,83715.34375
2162.6939373016357,1,638.3,33981.4765625,83715.34375
2163.7109134197235,1,1544.0,35562.96484375,83715.34375
2164.7409048080444,1,467.0,34920.90234375,83715.34375
2165.7796700000763,1,1401.5,34007.2578125,83715.34375
2166.7945985794067,1,392.1,34839.85546875,83715.34375
2167.8115940093994,1,102.3,37005.25,83715.34375
2168.8267645835876,1,3202.1,40158.59765625,83715.34375
2169.8423960208893,1,252.1,37607.671875,83715.34375
2170.858605861664,1,1408.1,36550.08984375,83715.34375
2171.8736362457275,1,1164.5,35072.42578125,83715.34375
2172.8899846076965,1,552.0,35710.21875,83715.34375
2173.906107902527,1,104.3,38281.125,83715.34375
2174.9212980270386,1,104.4,40961.1875,83715.34375
2175.937911272049,1,3406.5,43615.7421875,83715.34375
2176.9756808280945,1,2372.1,47899.81640625,83715.34375
2177.9862847328186,1,101.9,49425.50390625,83715.34375
2178.9975175857544,1,380.7,41962.6328125,83715.34375
2180.0088222026825,1,2657.8,40828.04296875,83715.34375
2181.020059108734,1,260.1,38352.01171875,83715.34375
2182.031780719757,1,1426.2,36299.46875,83715.34375
2183.04274392128,1,1392.7,34584.16015625,83715.34375
2184.054372549057,1,606.0,17805.57421875,83715.34375
2185.0739068984985,1,4664.7,17522.609375,83715.34375
2186.1126697063446,1,4773.2,17265.65234375,83715.34375
2187.156216621399,1,4763.3,19392.6015625,83715.34375
2188.1695988178253,1,2022.7,19400.3984375,83715.34375
2189.180288553238,1,1774.3,18829.234375,83715.34375
2190.1919116973877,1,2339.6,10410.29296875,83715.34375
2191.22572350502,1,2495.7,10549.63671875,83715.34375
2192.2439708709717,1,2574.9,9903.8046875,83715.34375
2193.25435256958,1,1487.8,10129.4375,83715.34375
2194.2640039920807,1,1084.5,9995.53515625,83715.34375
2195.281185388565,1,1390.9,2339.15234375,84227.3515625
2196.2929198741913,1,856.0,3513.0859375,83715.34375
2197.3928413391113,1,4173.8,5299.6875,83715.34375
2198.4039556980133,1,1389.5,9793.23046875,83715.34375
2199.4159276485443,1,3180.8,9902.88671875,83715.34375
2200.4623041152954,1,3352.1,10674.62890625,83715.34375
2201.4929101467133,1,2510.0,9023.1875,83715.34375
2202.5297548770905,1,2823.7,14032.75,83715.34375
2203.540675163269,1,99.9,17583.28125,83715.34375
2204.5519206523895,1,471.7,20854.4375,83715.34375
2205.575834274292,1,1261.9,21063.1796875,83715.34375
2206.586403608322,1,101.9,24435.2890625,83715.34375
2207.5968346595764,1,103.9,27736.30859375,83715.34375
2208.6079342365265,1,107.8,30940.09765625,83715.34375
2209.617812871933,1,105.9,34111.6640625,83715.34375
2210.628651380539,1,109.8,34397.484375,83715.34375
2211.6395647525787,1,107.8,34109.5859375,83715.34375
2212.650395154953,1,105.9,33863.48828125,83715.34375
2213.661607027054,1,103.8,33600.2421875,83715.34375
2214.6774237155914,1,1484.6,33444.63671875,83715.34375
2215.692686319351,1,908.0,33383.85546875,83715.34375
2216.7132484912872,1,1036.8,34732.44921875,83715.34375
2217.7285993099213,1,989.8,33132.92578125,83715.34375
2218.749904155731,1,1241.6,35591.41796875,83715.34375
2219.791119813919,1,549.3,35147.48046875,83715.34375
2220.8085236549377,1,1356.5,34076.59765625,83715.34375
2221.8243358135223,1,391.8,35676.7109375,83715.34375
2222.8399035930634,1,1602.2,38528.59375,83715.34375
2223.8822498321533,1,1504.1,41475.0546875,83715.34375
2224.896746635437,1,1543.6,37232.109375,83715.34375
2225.91220331192,1,838.1,35244.4296875,83715.34375
2226.9275653362274,1,903.1,35263.37109375,83715.34375
2227.943118095398,1,103.4,37940.16796875,83715.34375
2228.9594054222107,1,105.3,40580.94140625,83715.34375
2229.974925518036,1,2630.2,43761.1875,83715.34375
2231.0139791965485,1,3126.2,47789.203125,83715.34375
2232.023939847946,1,102.0,49337.30859375,83715.34375
2233.0348324775696,1,245.3,41633.62890625,83715.34375
2234.0448729991913,1,2661.3,40397.3359375,83715.34375
2235.0554049015045,1,180.1,37924.60546875,83715.34375
2236.066289663315,1,1393.9,37677.9375,83715.34375
2237.077518939972,1,1337.9,34702.64453125,83715.34375
2238.0891807079315,1,370.7,17646.109375,83715.34375
2239.0999114513397,1,4531.2,17501.58984375,83715.34375
2240.13690161705,1,4768.9,17216.69921875,83715.34375
2241.1759185791016,1,4766.5,17984.578125,83715.34375
2242.2149431705475,1,2524.4,19545.4609375,83715.34375
2243.2265005111694,1,1807.1,18878.58203125,83715.34375
2244.2379133701324,1,1852.0,10408.96875,83715.34375
2245.2727794647217,1,2767.2,10568.015625,83715.34375
2246.283914089203,1,2557.9,10355.08203125,83715.34375
2247.3009057044983,1,1450.4,10879.49609375,83715.34375
2248.334316253662,1,1445.5,9743.45703125,83715.34375
2249.345105409622,1,2340.7,8838.9140625,83715.34375
2250.355271100998,1,103.9,3211.57421875,83715.34375
2251.3669044971466,1,3733.6,3369.61328125,83715.34375
2252.411271095276,1,1603.9,6453.484375,83715.34375
2253.4219114780426,1,2409.5,9963.51953125,83715.34375
2254.454907655716,1,3323.4,10685.8359375,83715.34375
2255.4863464832306,1,3361.0,9894.55859375,83715.34375
2256.4979140758514,1,3989.0,12468.9765625,83715.34375
2257.53528547287,1,267.0,16087.76953125,83715.34375
2258.5462419986725,1,99.9,19620.64453125,83715.34375
2259.556559562683,1,1654.9,19644.17578125,83715.34375
2260.567844390869,1,98.9,23031.75390625,83715.34375
2261.5789227485657,1,103.9,26360.61328125,83715.34375
2262.589345932007,1,105.9,29669.7265625,83715.34375
2263.5992810726166,1,106.9,32926.8671875,83715.34375
2264.6094291210175,1,107.9,34912.18359375,83715.34375
2265.619179725647,1,108.9,34501.4609375,83715.34375
2266.6302700042725,1,106.8,34209.49609375,83715.34375
2267.6448287963867,1,105.5,33920.703125,83715.34375
2268.6605517864227,1,758.1,33753.12890625,83715.34375
2269.6814017295837,1,1323.2,34128.078125,83715.34375
2270.697904109955,1,737.9,34505.48828125,83715.34375
2271.737750530243,1,1197.0,33614.25,83715.34375
2272.7546875476837,1,655.9,33933.18359375,83715.34375
2273.77090215683,1,1260.8,35576.1171875,83715.34375
2274.809688806534,1,1316.7,35246.98828125,83715.34375
2275.8256492614746,1,1006.9,34261.02734375,83715.34375
2276.8410561084747,1,101.4,37012.65625,83715.34375
2277.8559420108795,1,3233.9,40115.50390625,83715.34375
2278.8709342479706,1,179.3,37702.7890625,83715.34375
2279.885600090027,1,1544.3,36451.640625,83715.34375
2280.900542974472,1,1295.4,34603.70703125,83715.34375
2281.917652130127,1,656.9,35403.41796875,83715.34375
2282.932928800583,1,105.4,37982.1328125,83715.34375
2283.94881439209,1,105.3,40569.1015625,83715.34375
2284.9639115333557,1,2882.8,43571.3828125,83715.34375
2285.9978024959564,1,3084.1,47508.5234375,83739.34375
2287.0078670978546,1,101.0,49006.4921875,83739.34375
2288.0180835723877,1,267.3,41510.53125,83739.34375
2289.0284357070923,1,2668.3,40336.5,83739.34375
2290.0389144420624,1,140.5,37947.0546875,83739.34375
2291.0602040290833,1,1433.5,38311.734375,83739.34375
2292.0713613033295,1,1171.0,34864.8671875,83739.34375
2293.0881826877594,1,529.1,19518.31640625,83739.34375
2294.0989062786102,1,4093.4,17578.03125,83739.34375
2295.1351215839386,1,4769.4,17345.140625,83739.34375
2296.170916557312,1,4763.0,17138.13671875,83739.34375
2297.2147872447968,1,2896.9,19526.94140625,83739.34375
2298.233653783798,1,1559.6,19112.8203125,83739.34375
2299.245902776718,1,1695.3,10501.18359375,83739.34375
2300.280924320221,1,3186.0,10626.921875,83739.34375
2301.292118549347,1,2698.1,11913.31640625,83739.34375
2302.306032896042,1,1436.0,10575.51171875,83739.34375
2303.315924882889,1,1233.9,9713.078125,83739.34375
2304.3242721557617,1,2049.6,8203.8671875,83739.34375
2305.335378408432,1,102.9,3319.18359375,83739.34375
2306.3467965126038,1,3921.2,3396.50390625,83739.34375
2307.419022798538,1,1493.3,7737.32421875,83739.34375
2308.435826063156,1,2686.8,9995.75,83739.34375
2309.471426486969,1,3300.6,10703.8046875,83739.34375
2310.5027551651,1,3087.8,9781.79296875,83739.34375
2311.5180287361145,1,4072.8,12767.453125,83739.34375
2312.5294301509857,1,99.9,16314.0703125,83739.34375
2313.539969444275,1,99.9,19879.1171875,83739.34375
2314.550462961197,1,1658.6,19555.6875,83739.34375
2315.5613915920258,1,98.9,22940.4453125,83739.34375
2316.5728352069855,1,102.8,26281.66796875,83739.34375
2317.5827674865723,1,105.0,29581.55078125,83739.34375
2318.5932631492615,1,105.9,32814.48046875,83739.34375
2319.603737592697,1,106.9,34569.55078125,83739.34375
2320.614376306534,1,107.9,34268.69140625,83739.34375
2321.6242122650146,1,106.9,33982.75390625,83739.34375
2322.635484457016,1,105.8,33738.63671875,83739.34375
2323.6454150676727,1,919.8,33632.69140625,83739.34375
2324.660171031952,1,1180.7,34219.19921875,83739.34375
2325.6753113269806,1,1397.8,34672.20703125,83739.34375
2326.691152572632,1,705.8,33663.2109375,83739.34375
2327.7084860801697,1,450.2,34277.00390625,83739.34375
2328.7254054546356,1,1645.2,36388.69921875,83739.34375
2329.7425565719604,1,822.9,34973.4765625,83739.34375
2330.7583940029144,1,885.9,33734.96484375,83739.34375
2331.7751302719116,1,256.7,35516.9765625,83739.34375
2332.7909071445465,1,1367.6,38465.65625,83739.34375
2333.8331146240234,1,1762.5,40923.0703125,83739.34375
2334.848908662796,1,832.9,36918.39453125,83739.34375
2335.8935725688934,1,1594.2,35750.26171875,83739.34375
2336.908942222595,1,949.7,34234.90625,83739.34375
2337.9249629974365,1,105.3,36732.35546875,83739.34375
2338.9399495124817,1,103.4,39405.078125,83739.34375
2339.955907344818,1,612.3,43750.74609375,83739.34375
2340.998093366623,1,4770.9,45133.66015625,83739.34375
2342.036941051483,1,448.5,48582.56640625,83739.34375
2343.047482728958,1,101.9,44671.86328125,83739.34375
2344.0599126815796,1,1413.5,40095.484375,83739.34375
2345.0928757190704,1,1441.4,41774.25,83739.34375
2346.1032667160034,1,1489.6,37623.91015625,83739.34375
2347.114787340164,1,825.5,35346.0390625,83739.34375
2348.1256120204926,1,867.6,25221.2578125,83739.34375
2349.1369092464447,1,2871.8,17637.1015625,83739.34375
2350.173898935318,1,4771.8,17370.3046875,83739.34375
2351.2113494873047,1,4767.4,17148.39453125,83739.34375
2352.25004196167,1,2944.8,19574.6640625,83739.34375
2353.2609045505524,1,2348.7,19177.828125,83739.34375
2354.29128575325,1,1970.9,16204.87890625,83739.34375
2355.30233836174,1,3130.4,10459.109375,83739.34375
2356.3139662742615,1,2260.7,11725.98828125,83739.34375
2357.332234144211,1,1395.5,10164.63671875,83739.34375
2358.343289375305,1,1796.4,9620.69140625,83739.34375
2359.35498714447,1,1441.9,9327.47265625,83739.34375
2360.3651983737946,1,854.4,2512.625,83739.34375
2361.378903865814,1,2491.7,3390.234375,83739.34375
2362.4451014995575,1,2730.1,5934.32421875,83739.34375
2363.4555139541626,1,1849.7,9920.83984375,83739.34375
2364.4661717414856,1,2931.8,10572.93359375,83739.34375
2365.4779059886932,1,3847.2,11158.4765625,83739.34375
2366.512008666992,1,3320.5,10936.890625,83739.34375
2367.5492010116577,1,1443.3,15184.45703125,83763.34375
2368.5599303245544,1,99.9,18733.3203125,83763.34375
2369.569862127304,1,1660.4,19789.93359375,83763.34375
2370.581093788147,1,115.7,21273.87109375,83763.34375
2371.5920054912567,1,100.9,24670.47265625,83763.34375
2372.602112531662,1,104.0,27987.52734375,83763.34375
2373.6125197410583,1,105.9,31202.56640625,83763.34375
2374.6231005191803,1,106.9,34024.171875,83763.34375
2375.6339406967163,1,105.9,33716.83984375,83763.34375
2376.6457448005676,1,106.7,33460.05859375,83763.34375
2377.655741214752,1,104.0,33284.02734375,83763.34375
2378.6669096946716,1,529.2,33101.05859375,83763.34375
2379.6789045333862,1,1112.6,33578.62109375,83763.34375
2380.6949026584625,1,1435.0,34327.40625,83763.34375
2381.7270245552063,1,1210.0,33453.09375,83763.34375
2382.7377376556396,1,1586.9,36368.29296875,83763.34375
2383.748197555542,1,838.2,35276.8828125,83763.34375
2384.7597358226776,1,967.8,33972.59375,83763.34375
2385.7718031406403,1,103.7,35383.8046875,83763.34375
2386.7839052677155,1,723.4,38562.8984375,83763.34375
2387.8153235912323,1,2361.6,41006.171875,83763.34375
2388.826905488968,1,919.4,36994.671875,83763.34375
2389.8582723140717,1,1452.2,35748.61328125,83763.34375
2390.870257139206,1,798.5,34420.66015625,83763.34375
2391.883921146393,1,267.4,36497.30859375,83763.34375
2392.894201517105,1,104.9,39115.375,83763.34375
2393.904545545578,1,207.9,42238.9765625,83763.34375
2394.9220011234283,1,4749.8,43531.5703125,83763.34375
2395.9590096473694,1,992.2,48527.91796875,83763.34375
2396.9695723056793,1,101.9,46474.8671875,83763.34375
2397.9809110164642,1,832.7,40253.18359375,83763.34375
2399.0192737579346,1,2143.6,41643.34375,83763.34375
2400.0299184322357,1,1250.7,37495.03515625,83763.34375
2401.0579385757446,1,1007.8,36330.8515625,83763.34375
2402.06942820549,1,916.5,28389.39453125,83763.34375
2403.0799100399017,1,2182.0,17768.4765625,83763.34375
2404.1168920993805,1,4771.8,17467.33984375,83763.34375
2405.1545026302338,1,4769.6,17245.28125,83763.34375
2406.1923489570618,1,3207.2,19411.7109375,83763.34375
2407.2039110660553,1,1942.5,19382.78125,83763.34375
2408.214907646179,1,2017.1,18804.3515625,83763.34375
2409.224913597107,1,2522.5,10384.15625,83763.34375
2410.260970592499,1,2289.5,11833.4453125,83763.34375
2411.27263379097,1,2407.7,10069.45703125,83763.34375
2412.282764196396,1,1592.9,9816.66015625,83763.34375
2413.295905828476,1,1206.3,10169.875,83763.34375
2414.3176534175873,1,1804.5,2300.8515625,84275.3515625
2415.3275651931763,1,695.2,3511.85546875,83763.34375
2416.3770654201508,1,4488.2,5157.6015625,83763.34375
2417.3935663700104,1,1214.7,8768.1328125,83763.34375
2418.4079246520996,1,2914.3,9963.2734375,83763.34375
2419.439905643463,1,3338.8,10717.7109375,83763.34375
2420.4729130268097,1,2542.0,8645.7421875,83763.34375
2421.5098192691803,1,3144.7,13899.875,83787.34375
2422.5207703113556,1,99.9,17482.484375,83787.34375
2423.533932685852,1,349.4,20856.36328125,83787.34375
2424.5609498023987,1,1394.5,20615.46875,83787.34375
2425.571557998657,1,100.9,24034.5,83787.34375
2426.5820167064667,1,103.9,27382.515625,83787.34375
2427.593552350998,1,105.8,30618.84375,83787.34375
2428.6038253307343,1,105.9,33850.38671875,83787.34375
2429.6149818897247,1,106.8,34423.44140625,83787.34375
2430.625078201294,1,107.9,34155.671875,83787.34375
2431.635734319687,1,105.9,33834.56640625,83787.34375
2432.645721912384,1,104.0,33608.4296875,83787.34375
2433.6569147109985,1,1287.7,33756.23046875,83787.34375
2434.692490339279,1,1120.0,34186.953125,83787.34375
2435.709624528885,1,729.5,33766.875,83787.34375
2436.726912498474,1,1252.6,33840.0390625,83787.34375
2437.766488790512,1,900.3,33506.7734375,83787.34375
2438.782648086548,1,103.3,34923.984375,83787.34375
2439.798704624176,1,1887.8,35303.5703125,83787.34375
2440.8136541843414,1,1354.9,34027.546875,83787.34375
2441.8290033340454,1,613.5,34619.52734375,83787.34375
2442.8448629379272,1,101.4,36654.5546875,83787.34375
2443.860908985138,1,3377.1,39678.5,83787.34375
2444.8780403137207,1,140.6,38518.328125,83787.34375
2445.8885169029236,1,1587.4,37675.609375,83787.34375
2446.89950966835,1,1158.3,35118.85546875,83787.34375
2447.9104776382446,1,565.8,35461.3828125,83787.34375
2448.9206142425537,1,104.9,38130.2265625,83787.34375
2449.93092417717,1,104.9,40783.4765625,83787.34375
2450.942911863327,1,2988.2,43734.95703125,83787.34375
2451.9791440963745,1,2800.4,47844.03515625,83787.34375
2452.989090204239,1,103.0,49412.29296875,83787.34375
2453.999924182892,1,245.3,41774.7421875,83787.34375
2455.0117383003235,1,2646.6,40577.39453125,83787.34375
2456.0219583511353,1,187.1,38216.390625,83787.34375
2457.0335421562195,1,1435.3,36287.73828125,83787.34375
2458.044904947281,1,1367.6,34564.37890625,83787.34375
2459.058906316757,1,451.7,17806.87890625,83787.34375
2460.0966432094574,1,4756.3,17517.0,83787.34375
2461.134298324585,1,4766.8,17263.83984375,83787.34375
2462.1731719970703,1,4767.5,19407.05078125,83787.34375
2463.1907749176025,1,2235.7,19360.64453125,83787.34375
2464.201905965805,1,1736.8,18883.671875,83787.34375
2465.2179143428802,1,2360.9,10452.43359375,83787.34375
2466.2535676956177,1,2448.0,10182.29296875,83787.34375
2467.266951560974,1,2620.9,9894.93359375,83787.34375
2468.279053211212,1,1491.9,10264.7890625,83787.34375
2469.2882375717163,1,1174.1,9875.5625,83787.34375
2470.2989790439606,1,1574.1,3202.81640625,83787.34375
2471.3109028339386,1,410.1,3476.390625,83787.34375
2472.408845424652,1,4595.6,5044.62109375,83787.34375
2473.4199039936066,1,1162.3,8531.18359375,83787.34375
2474.4389188289642,1,2930.9,9918.4765625,83787.34375
2475.4679028987885,1,3342.6,10676.0,83787.34375
2476.5021913051605,1,2534.1,8184.1796875,83787.34375
2477.5343267917633,1,3572.8,13537.390625,83811.34375
2478.544332265854,1,100.0,17066.29296875,83811.34375
2479.5550498962402,1,99.9,20643.640625,83811.34375
2480.566126346588,1,1677.4,19707.890625,83811.34375
2481.57683134079,1,99.9,23081.5703125,83811.34375
2482.587658405304,1,102.9,26422.93359375,83811.34375
2483.5982806682587,1,104.9,29666.8359375,83811.34375
2484.60857796669,1,107.9,32919.625,83811.34375
2485.618373155594,1,107.0,33983.87109375,83811.34375
2486.628460407257,1,105.9,33716.38671875,83811.34375
2487.6384179592133,1,105.9,33486.3671875,83811.34375
2488.649770975113,1,102.8,33303.83984375,83811.34375
2489.6609053611755,1,1218.6,33466.52734375,83811.34375
2490.6809089183807,1,1057.8,33474.2109375,83811.34375
2491.698807954788,1,1264.3,34645.6796875,83811.34375
2492.7139225006104,1,1002.9,33273.1015625,83811.34375
2493.729913711548,1,1504.0,35648.00390625,83811.34375
2494.7657709121704,1,999.1,35223.34375,83811.34375
2495.7820875644684,1,982.1,33714.46875,83811.34375
2496.7981531620026,1,102.4,35243.97265625,83811.34375
2497.814905643463,1,776.1,38506.77734375,83811.34375
2498.8580887317657,1,2511.3,40957.671875,83811.34375
2499.8739125728607,1,854.5,37041.34375,83811.34375
2500.9173934459686,1,1497.8,35788.86328125,83811.34375
2501.9328496456146,1,925.6,34727.83203125,83811.34375
2502.948340177536,1,104.4,37259.15234375,83811.34375
2503.9629361629486,1,104.5,39951.83984375,83811.34375
2504.978912830353,1,1437.1,43810.37890625,83811.34375
2506.0230236053467,1,4285.8,47195.03125,83811.34375
2507.034220933914,1,101.9,48891.9609375,83811.34375
2508.045310497284,1,102.9,42305.12109375,83811.34375
2509.0569109916687,1,2038.5,40119.7421875,83811.34375
2510.0896830558777,1,988.5,42077.08203125,83811.34375
2511.1000940799713,1,1483.7,37877.8125,83811.34375
2512.11190366745,1,932.1,35199.3046875,83811.34375
2513.144340276718,1,759.3,23260.609375,83811.34375
2514.1549150943756,1,3277.5,17637.921875,83811.34375
2515.189900636673,1,4772.4,17391.5390625,83811.34375
2516.2284264564514,1,4770.2,17190.3125,83811.34375
2517.265987634659,1,2928.8,19493.0390625,83811.34375
2518.282714366913,1,2304.2,19187.4765625,83811.34375
2519.293436527252,1,1525.7,12858.99609375,83811.34375
2520.3037865161896,1,3170.5,10784.44921875,83811.34375
2521.319144487381,1,2715.6,11836.08203125,83811.34375
2522.3499381542206,1,1368.2,10462.61328125,83811.34375
2523.3598449230194,1,1609.2,9687.578125,83811.34375
2524.3713488578796,1,1660.8,9386.48828125,83811.34375
2525.3835649490356,1,304.3,3155.6484375,83811.34375
2526.3949036598206,1,3475.8,3501.703125,83811.34375
2527.4661366939545,1,1824.0,6524.4296875,83811.34375
2528.4769101142883,1,2289.5,9993.8203125,83811.34375
2529.511660337448,1,3290.7,10750.27734375,83811.34375
2530.543289899826,1,3428.6,10130.60546875,83811.34375
2531.553910970688,1,3878.5,12115.984375,83811.34375
2532.5909719467163,1,511.0,15888.19921875,83811.34375
2533.6022481918335,1,99.9,19426.21484375,83811.34375
2534.6123344898224,1,1657.3,19370.96875,83811.34375
2535.622634410858,1,99.9,22764.14453125,83811.34375
2536.633125305176,1,103.9,26085.52734375,83811.34375
2537.643827199936,1,106.9,29261.234375,83811.34375
2538.6541125774384,1,106.9,32356.9375,83811.34375
2539.664338827133,1,107.9,34444.98046875,83811.34375
2540.673288822174,1,107.0,34106.12890625,83811.34375
2541.6850538253784,1,105.8,33755.015625,83811.34375
2542.6954164505005,1,104.9,33522.84765625,83811.34375
2543.705306529999,1,721.8,33321.18359375,83811.34375
2544.7229483127594,1,1175.2,33248.12890625,83811.34375
2545.7390089035034,1,1055.2,33153.1953125,83811.34375
2546.7560353279114,1,1110.0,34553.58203125,83811.34375
2547.77108335495,1,777.2,33535.73046875,83811.34375
2548.7875304222107,1,474.2,34164.03515625,83811.34375
2549.803843975067,1,1831.3,36319.94921875,83811.34375
2550.8201899528503,1,150.5,35422.19921875,83811.34375
2551.8363919258118,1,1301.9,34418.96484375,83811.34375
2552.8532440662384,1,644.1,34384.2109375,83811.34375
2553.869073867798,1,102.4,36278.30859375,83811.34375
2554.885900735855,1,2826.8,38398.8359375,83811.34375
2555.916528940201,1,580.2,41488.515625,83811.34375
2556.927041053772,1,1623.9,37164.453125,83811.34375
2557.9388525485992,1,818.3,35195.1328125,83811.34375
2558.949394226074,1,946.1,35174.7578125,83811.34375
2559.9601612091064,1,103.9,37715.21875,83811.34375
2560.9710853099823,1,102.9,40448.10546875,83811.34375
2561.9829099178314,1,2385.0,43699.7265625,83811.34375
2563.014169216156,1,3451.8,47572.59765625,83811.34375
2564.024978160858,1,103.9,49209.7890625,83811.34375
2565.036238193512,1,249.2,41497.203125,83811.34375
2566.0475952625275,1,2653.7,40318.1328125,83811.34375
2567.058341741562,1,102.9,38279.65234375,83811.34375
2568.069123029709,1,1543.4,38296.83203125,83811.34375
2569.0792684555054,1,1180.0,34904.53515625,83811.34375
2570.0903975963593,1,534.1,19799.75390625,83811.34375
2571.1019155979156,1,3989.2,17585.8125,83811.34375
2572.139616727829,1,4770.5,17287.6015625,83811.34375
2573.1750450134277,1,4773.9,17068.25390625,83811.34375
2574.212499856949,1,2641.7,19540.6875,83811.34375
2575.223554611206,1,1690.5,18982.90234375,83811.34375
2576.24090719223,1,1826.2,10471.74609375,83811.34375
2577.276247739792,1,2969.1,10468.05078125,83811.34375
2578.288408756256,1,2544.8,10552.5859375,83811.34375
2579.299723148346,1,1478.5,10873.1875,83811.34375
2580.3160758018494,1,1378.2,9715.30078125,83811.34375
2581.326171875,1,1814.7,5774.01953125,83811.34375
2582.3368360996246,1,102.9,3426.5078125,83811.34375
2583.347903728485,1,4418.5,3330.9375,83811.34375
2584.375505208969,1,1197.9,8260.6484375,83811.34375
2585.3879249095917,1,2796.4,9964.890625,83811.34375
2586.4209015369415,1,3320.8,10737.49609375,83811.34375
2587.454047203064,1,2935.7,9709.23828125,83811.34375
2588.4663450717926,1,4010.1,12665.47265625,83811.34375
2589.4770872592926,1,99.9,16217.90234375,83811.34375
2590.4870743751526,1,100.0,19787.546875,83811.34375
2591.498386621475,1,1678.0,18779.140625,83811.34375
2592.5088763237,1,99.9,22109.53125,83811.34375
2593.520382642746,1,102.8,25459.09765625,83811.34375
2594.5316154956818,1,102.8,28790.23828125,83811.34375
2595.542229413986,1,107.9,31974.40625,83811.34375
2596.5522577762604,1,106.9,33928.76953125,83811.34375
2597.563062429428,1,105.9,33680.01171875,83811.34375
2598.573009967804,1,104.0,33451.62109375,83811.34375
2599.587795495987,1,104.5,33251.69140625,83811.34375
2600.6035623550415,1,938.1,33268.3203125,83811.34375
2601.620628595352,1,987.2,33349.0703125,83811.34375
2602.6370582580566,1,1183.6,33117.9375,83811.34375
2603.6537623405457,1,1014.0,34771.421875,83811.34375
2604.6699211597443,1,957.7,33255.86328125,83811.34375
2605.6899602413177,1,304.9,34471.5546875,83811.34375
2606.706233739853,1,1874.5,36584.91796875,83811.34375
2607.7232151031494,1,928.3,35316.484375,83811.34375
2608.737951517105,1,1075.2,33967.04296875,83811.34375
2609.753863096237,1,102.4,35469.51953125,83811.34375
2610.770900249481,1,422.9,38629.1171875,83811.34375
2611.791454076767,1,3048.0,40637.609375,83811.34375
2612.8039066791534,1,193.6,36959.37109375,83811.34375
2613.835598230362,1,1720.4,35655.35546875,83811.34375
2614.8477442264557,1,1222.2,34419.19921875,83811.34375
2615.8647685050964,1,317.6,36279.22265625,83811.34375
2616.874874353409,1,103.9,38958.95703125,83811.34375
2617.8856489658356,1,104.9,41543.2109375,83811.34375
2618.896911382675,1,4454.2,43576.2421875,83811.34375
2619.9306302070618,1,1314.5,48445.546875,83811.34375
2620.9417901039124,1,101.9,47410.90234375,83811.34375
2621.9529061317444,1,559.9,40193.69921875,83811.34375
2622.987368822098,1,2404.9,41378.41015625,83811.34375
2623.9979100227356,1,1051.0,37392.01953125,83811.34375
2625.0354883670807,1,1209.5,36055.94140625,83811.34375
2626.0459744930267,1,892.6,29720.58203125,83811.34375
2627.05691242218,1,1845.9,17709.05859375,83811.34375
2628.093900680542,1,4767.9,17409.640625,83811.34375
2629.130229473114,1,4763.9,17180.5390625,83811.34375
2630.1699402332306,1,3211.9,19739.34375,83811.34375
2631.1847739219666,1,2361.3,19257.97265625,83811.34375
2632.2185583114624,1,1940.3,15876.5,83811.34375
2633.2299213409424,1,3117.5,10475.6171875,83811.34375
2634.2405025959015,1,2456.6,11773.55859375,83811.34375
2635.269905567169,1,1397.3,10213.88671875,83811.34375
2636.292202949524,1,1724.6,9627.9453125,83811.34375
2637.303655385971,1,1683.4,9338.5859375,83811.34375
2638.313939809799,1,797.8,2478.546875,83811.34375
2639.3249051570892,1,2433.5,3406.3671875,83811.34375
2640.3981037139893,1,2799.0,5875.9609375,83811.34375
2641.408730506897,1,1870.1,9840.609375,83811.34375
2642.4189882278442,1,2943.9,10553.04296875,83811.34375
2643.429905653,1,3768.3,11187.36328125,83811.34375
2644.462913274765,1,3285.3,11048.94921875,83811.34375
2645.4997882843018,1,1375.1,15236.03125,83811.34375
2646.510099172592,1,99.0,18777.40234375,83811.34375
2647.520790576935,1,1662.1,20046.5625,83811.34375
2648.532425880432,1,110.7,21482.74609375,83811.34375
2649.5435910224915,1,103.8,24852.68359375,83811.34375
2650.554917573929,1,104.8,28115.65625,83811.34375
2651.5658478736877,1,106.8,31362.9921875,83811.34375
2652.577032804489,1,106.8,34245.84375,83811.34375
2653.5869765281677,1,106.9,33992.81640625,83811.34375
2654.596959590912,1,105.9,33749.1328125,83811.34375
2655.606922864914,1,103.0,33558.0703125,83811.34375
2656.6167669296265,1,472.4,33344.64453125,83811.34375
2657.626439809799,1,1311.2,33203.171875,83811.34375
2658.640324115753,1,948.7,33227.4453125,83811.34375
2659.65527009964,1,1169.6,33840.48828125,83811.34375
2660.67169880867,1,1078.2,33653.72265625,83811.34375
2661.6839027404785,1,545.5,35626.76953125,83811.34375
2662.7169563770294,1,1351.1,36828.15234375,83811.34375
2663.728848218918,1,1004.1,34320.04296875,83811.34375
2664.763777256012,1,996.2,34225.8203125,83811.34375
2665.7750470638275,1,101.9,36951.47265625,83811.34375
2666.786952495575,1,3377.5,39953.53515625,83811.34375
2667.799305200577,1,100.8,38212.859375,83811.34375
2668.810416698456,1,1603.2,37739.0078125,83811.34375
2669.8209142684937,1,1076.8,34949.34765625,83811.34375
2670.8488342761993,1,704.1,35566.73046875,83811.34375
2671.8593666553497,1,104.9,38156.8046875,83811.34375
2672.8705303668976,1,103.8,40832.4140625,83811.34375
2673.8819127082825,1,3041.4,43656.96875,83811.34375
2674.9144961833954,1,2788.1,47753.55078125,83811.34375
2675.9250631332397,1,101.9,49230.828125,83811.34375
2676.9353597164154,1,379.1,41689.1796875,83811.34375
2677.9463379383087,1,2672.7,40480.3984375,83811.34375
2678.957477092743,1,211.6,38083.6171875,83811.34375
2679.968401670456,1,1397.8,36966.8984375,83811.34375
2680.9795072078705,1,1442.1,34842.84375,83811.34375
2681.994905948639,1,358.5,18510.83984375,83811.34375
2683.006909608841,1,4225.9,17600.41015625,83811.34375
2684.0458755493164,1,4774.2,17357.2578125,83811.34375
2685.081910133362,1,4762.1,17354.38671875,83811.34375
2686.1242020130157,1,2784.1,19587.2578125,83811.34375
2687.135337114334,1,1814.0,19047.33984375,83811.34375
2688.1459074020386,1,1774.2,10512.5234375,83811.34375
2689.1801948547363,1,2914.8,10606.9765625,83811.34375
2690.1915097236633,1,2563.2,10457.76171875,83811.34375
2691.212844848633,1,1565.6,10924.12890625,83811.34375
2692.2270834445953,1,1132.8,9862.8125,83811.34375
2693.2384960651398,1,1998.2,6469.16015625,83811.34375
2694.248904466629,1,1548.9,2700.08984375,83811.34375
2695.2899012565613,1,1473.7,5618.359375,83811.34375
2696.3229048252106,1,3320.3,6235.84765625,83811.34375
2697.355462551117,1,2776.4,5932.56640625,83811.34375
2698.3934059143066,1,376.7,9380.0390625,83811.34375
2699.4039273262024,1,866.9,10942.5234375,83811.34375
2700.414528131485,1,100.9,14277.7421875,83811.34375
2701.425767660141,1,102.8,17487.890625,83811.34375
2702.4369280338287,1,101.9,17360.51953125,83811.34375
2703.4480118751526,1,210.7,17260.24609375,83811.34375
2704.462928056717,1,1278.8,17526.94921875,83811.34375
2705.4749088287354,1,1173.0,18329.48046875,83811.34375
2706.5085616111755,1,1319.5,17359.49609375,83811.34375
2707.5219151973724,1,1497.1,20166.82421875,83811.34375
2708.533545732498,1,799.7,19293.6875,83811.34375
2709.544422864914,1,894.3,18363.91796875,83811.34375
2710.554600715637,1,102.0,21038.34765625,83811.34375
2711.5654838085175,1,2886.7,24286.234375,83811.34375
2712.575803041458,1,256.3,21767.16796875,83811.34375
2713.5860102176666,1,1441.3,19838.2578125,83811.34375
2714.596850156784,1,1392.1,18324.99609375,83811.34375
2715.6059124469757,1,2382.2,9807.1171875,83811.34375
2716.642528772354,1,4623.4,10575.51953125,83811.34375
2717.652952194214,1,2038.1,10265.44140625,83811.34375
2718.6656148433685,1,2151.4,6688.73828125,83811.34375
2719.677675008774,1,1620.5,6294.515625,83811.34375
2720.689080476761,1,1475.4,5774.0,83811.34375
2721.700495004654,1,1591.6,5555.2421875,83811.34375
2722.714435338974,1,1837.4,6203.16015625,84101.359375
2723.725240468979,1,3443.3,4782.30859375,84101.359375
2724.735223531723,1,1209.8,5642.28515625,84101.359375
2725.749338388443,1,2941.5,5053.12890625,84101.359375
2726.760056734085,1,2953.3,4798.4296875,84101.359375
2727.7771410942078,1,1546.6,2945.8359375,84101.359375
2728.788903951645,1,3146.4,5188.6953125,84101.359375
2729.8200466632843,1,1869.8,5258.625,84101.359375
2730.8319084644318,1,2511.0,4697.49609375,84101.359375
2731.858390569687,1,2844.9,4757.99609375,84101.359375
2732.8685472011566,1,2422.1,3393.421875,84101.359375
2733.878947019577,1,1975.5,5004.140625,84101.359375
2734.9094784259796,1,2976.0,5088.6953125,84101.359375
2735.919690132141,1,1307.6,5365.30078125,84101.359375
2736.9330406188965,1,3110.1,4888.94921875,84101.359375
2737.9469060897827,1,2818.9,4854.140625,84101.359375
2738.960073709488,1,1924.4,3114.28125,84101.359375
2739.970902442932,1,3529.2,5172.08203125,84101.359375
2740.9928212165833,1,1679.2,5268.53125,84101.359375
2742.002909898758,1,2564.9,4695.390625,84101.359375
2743.029664993286,1,2809.1,4741.9296875,84101.359375
2744.0383541584015,1,2255.1,2285.41015625,84101.359375
2745.0496673583984,1,2275.5,4959.2890625,84101.36328125
2746.063332557678,1,2781.7,5226.1015625,84101.36328125
2747.0743279457092,1,1473.9,5297.125,84101.36328125
2748.0906727313995,1,3125.0,4875.22265625,84101.36328125
2749.104903459549,1,2823.8,4810.19140625,84101.36328125
2750.117371559143,1,1701.8,4690.21484375,84101.36328125
2751.128231048584,1,3360.6,4996.00390625,84101.36328125
2752.138242483139,1,1583.9,5334.6171875,84101.36328125
2753.152015209198,1,2749.2,4960.83203125,84101.36328125
2754.1629066467285,1,2791.9,5017.15625,84101.36328125
2755.197130203247,1,1868.1,2473.78125,84101.36328125
2756.208904504776,1,2686.4,5185.7265625,84101.36328125
2757.2412328720093,1,2316.2,5283.2578125,84101.36328125
2758.2539114952087,1,2083.4,4731.2265625,84101.36328125
2759.2939150333405,1,3205.8,4625.8515625,84101.36328125
2760.321802377701,1,2558.8,4762.04296875,84101.36328125
2761.33775639534,1,1802.9,5124.61328125,84101.36328125
2762.349023103714,1,3407.8,4681.63671875,84101.36328125
2763.359902858734,1,1348.5,5522.28125,84101.36328125
2764.374097585678,1,2908.4,4965.703125,84101.36328125
2765.3876044750214,1,3001.9,4641.05078125,84101.36328125
2766.3980660438538,1,1616.9,2833.16796875,84101.36328125
2767.4099020957947,1,2992.9,5181.1796875,84101.36328125
2768.44166970253,1,2020.5,5311.46484375,84101.36328125
2769.455910682678,1,2332.0,4725.13671875,84101.36328125
2770.492568254471,1,2931.2,4723.7578125,84101.36328125
2771.503797531128,1,2637.7,4602.3046875,84101.36328125
2772.5380399227142,1,1790.3,4973.6484375,84101.36328125
2773.5597681999207,1,3462.6,4763.45703125,84101.36328125
2774.579472541809,1,1313.0,5602.90234375,84101.36328125
2775.5897104740143,1,2982.0,4894.19140625,84101.36328125
2776.6048316955566,1,2932.0,4663.9453125,84165.36328125
2777.6148405075073,1,2176.6,2691.13671875,84165.36328125
2778.624901533127,1,2770.1,5159.58203125,84165.36328125
2779.656110525131,1,2310.0,5200.42578125,84165.36328125
2780.668915748596,1,2088.0,4644.64453125,84165.36328125
2781.7065665721893,1,3083.0,4558.8984375,84165.36328125
2782.738998413086,1,2404.0,4663.72265625,84165.36328125
2783.757927417755,1,1689.6,4981.17578125,84165.36328125
2784.7879853248596,1,3489.0,4756.9609375,84165.36328125
2785.806429386139,1,1281.4,5632.203125,84165.36328125
2786.8210203647614,1,3008.9,4938.36328125,84165.36328125
2787.8339149951935,1,2850.3,4724.29296875,84165.36328125
2788.8449087142944,1,1966.4,6893.6875,84171.36328125
2789.869692325592,1,3631.9,4824.14453125,84171.36328125
2790.9021775722504,1,1386.8,5657.54296875,84171.36328125
2791.9121992588043,1,3422.1,6046.58203125,84171.36328125
2792.922665834427,1,1850.6,6209.4453125,84171.36328125
2793.9339022636414,1,2552.3,5618.43359375,84171.36328125
2794.9660079479218,1,2540.2,5767.05859375,84171.36328125
2795.9809472560883,1,2203.6,5792.3125,84171.36328125
2797.0008504390717,1,3595.0,5784.46875,84171.36328125
2798.0114817619324,1,1282.4,6118.03515625,84171.36328125
2799.0249450206757,1,3358.7,6393.34375,84171.36328125
2800.036782503128,1,2060.9,6256.90234375,84171.36328125
2801.0515105724335,1,2753.8,5780.15234375,84171.36328125
2802.06290602684,1,2576.1,5622.91015625,84171.36328125
2803.0862429142,1,2167.2,5830.70703125,84171.36328125
2804.0975711345673,1,3014.3,6085.0546875,84171.36328125
2805.1096930503845,1,1556.9,5451.40625,84171.36328125
2806.123250246048,1,3366.4,6487.609375,84171.36328125
2807.134172439575,1,2267.3,6223.18359375,84171.36328125
2808.145203113556,1,2429.2,6173.5546875,84171.36328125
2809.15522813797,1,2494.4,2806.171875,84171.36328125
2810.1649010181427,1,2968.2,5885.94921875,84171.36328125
2811.1958377361298,1,2523.9,6091.49609375,84171.36328125
2812.209909915924,1,2093.5,5349.8125,84171.36328125
2813.246510744095,1,3143.1,6482.17578125,84171.36328125
2814.27343916893,1,1978.7,6101.2109375,84171.36328125
2815.287903547287,1,2383.5,5743.68359375,84171.36328125
2816.3129074573517,1,2479.9,5767.4453125,84174.3671875
2817.3420116901398,1,3067.4,4986.74609375,84174.3671875
2818.3521547317505,1,2833.2,4891.02734375,84174.3671875
2819.3639085292816,1,2750.9,4447.67578125,84174.3671875
2820.3814895153046,1,2728.8,3676.8984375,84174.3671875
2821.3919093608856,1,1980.3,3257.59765625,84174.3671875
2822.4047861099243,1,2851.8,2642.90234375,84174.3671875
2823.4211530685425,1,3563.2,2121.11328125,84174.3671875
2824.431321144104,1,2493.9,3362.12890625,84174.3671875
2825.4449031352997,1,2689.5,3188.6015625,84174.3671875
2826.458436489105,1,2810.0,3051.05859375,84174.3671875
2827.4750788211823,1,2391.3,2660.5859375,84174.3671875
2828.488731622696,1,3164.7,2473.20703125,84174.3671875
