elapsed_time,nproc,cpu,mem_real,mem_virtual
4.0531158447265625e-05,2,0.0,14.44140625,3199.01953125
1.0056865215301514,4,6.9,385.11328125,4413.21875
2.0129525661468506,4,100.3,536.91796875,4595.21875
3.02016282081604,4,99.2,532.9453125,4623.21875
4.028273105621338,4,100.2,537.0234375,4623.21875
5.03593897819519,4,99.3,541.546875,4623.21875
6.04256272315979,4,100.2,542.1328125,4623.21875
7.050873041152954,4,99.4,542.1328125,4623.21875
8.057178735733032,4,99.2,529.6953125,4623.21875
9.065101623535156,4,99.3,539.53125,4623.21875
10.072316884994507,4,100.3,591.66796875,4671.21875
11.079326152801514,4,100.2,641.26953125,4727.21875
12.087116479873657,4,99.1,685.09765625,4791.21875
13.096641063690186,4,100.1,733.1171875,4877.21875
14.105689287185669,4,100.0,778.296875,4877.21875
15.115315675735474,4,99.0,822.80859375,4973.21875
16.125560760498047,4,100.0,863.62109375,4973.21875
17.135902643203735,4,99.0,381.8984375,5085.203125
18.145639419555664,2,82.2,242.34765625,3815.3984375
19.154996395111084,2,0.0,249.1953125,3916.91796875
20.165221691131592,2,99.1,320.375,4062.91796875
21.17443585395813,2,101.0,327.296875,4062.91796875
22.184382438659668,2,100.2,334.16015625,4174.91796875
23.19285011291504,2,99.1,338.1015625,4174.91796875
24.20158815383911,2,100.1,338.01171875,4174.91796875
25.21088695526123,2,100.1,366.5546875,4302.91796875
26.219529151916504,2,100.0,382.125,4302.91796875
27.229109048843384,2,99.1,399.98046875,4330.91796875
28.237947702407837,2,100.0,413.7421875,4330.91796875
29.247642755508423,2,97.1,263.84765625,4365.17578125
30.25721764564514,2,1134.8,481.15625,8598.13671875
31.266211986541748,2,1510.7,830.078125,9328.16796875
32.275659799575806,2,1016.6,1715.4375,10608.16796875
33.286638021469116,2,1442.6,2629.84765625,12144.16796875
34.307740449905396,2,1317.8,1513.54296875,13344.23046875
35.31613206863403,2,99.2,1533.46875,13344.23046875
36.32386374473572,2,100.2,1504.265625,13344.23046875
37.33153200149536,2,100.2,1957.09375,13344.20703125
38.33958458900452,2,951.3,2590.2578125,16063.69921875
39.34663701057434,2,342.8,2542.46875,16575.71484375
40.356037616729736,2,2535.2,5336.875,19742.18359375
41.36419606208801,2,547.9,8076.96484375,19742.18359375
42.37362217903137,2,2468.0,9685.7890625,23852.18359375
43.39562010765076,2,2802.4,10577.8203125,23852.18359375
44.4156231880188,2,3104.4,10319.21484375,23852.18359375
45.43411946296692,2,1636.5,11320.3046875,25155.68359375
46.441100120544434,2,1125.6,13437.73046875,30275.68359375
47.448588132858276,2,100.2,15224.9453125,30275.68359375
48.45611619949341,2,929.0,15402.15625,30275.68359375
49.464768171310425,2,1320.5,15396.8125,30289.68359375
50.47463822364807,2,1243.6,15657.39453125,30342.68359375
51.493136405944824,2,627.1,17759.85546875,36502.68359375
52.502626180648804,2,1885.5,16744.6484375,36562.68359375
53.514628648757935,2,1265.4,11363.62109375,36584.68359375
54.539647579193115,2,4770.9,11252.90625,36584.68359375
55.56296253204346,2,2715.5,12252.75,37249.68359375
56.573628425598145,2,2843.4,9814.76171875,37269.68359375
57.5937135219574,2,2725.8,9872.6015625,37269.68359375
58.60074329376221,2,2342.5,9700.8984375,37269.68359375
59.60814571380615,2,1618.6,9859.2109375,37269.68359375
60.61459159851074,2,1063.4,9834.3359375,37269.68359375
61.621787309646606,2,1698.8,3050.44140625,37781.69140625
62.629536628723145,2,934.9,3064.8515625,37269.68359375
63.63708734512329,2,215.5,3057.68359375,37269.68359375
64.6439802646637,2,893.8,4166.3203125,37269.68359375
65.65263271331787,2,1464.4,8937.2578125,37269.68359375
66.67263889312744,2,3219.6,10617.4921875,37269.68359375
67.69862174987793,2,2802.5,11461.5390625,37269.68359375
68.71672987937927,2,3032.7,10665.38671875,37269.68359375
69.72336888313293,2,1304.9,11867.44140625,37269.68359375
70.73575758934021,2,310.6,14584.1640625,37269.68359375
71.74355149269104,2,99.3,15358.91015625,37269.68359375
72.75027251243591,2,1345.4,15425.1953125,37269.68359375
73.75824737548828,2,909.1,16440.94921875,37269.68359375
74.76572895050049,2,1578.1,15717.96484375,37269.68359375
75.77263259887695,2,1446.1,18684.90234375,37269.68359375
76.78026628494263,2,776.5,17691.08984375,37269.68359375
77.78964376449585,2,2156.6,12076.578125,37269.68359375
78.81362462043762,2,3758.6,13367.83984375,37489.68359375
79.83191752433777,2,2107.0,12833.25,37499.68359375
80.83950567245483,2,3835.7,10645.296875,37499.68359375
81.84747791290283,2,2319.0,12111.7578125,37499.68359375
82.85689234733582,2,1457.3,10690.484375,37499.68359375
83.8658971786499,2,1641.3,10308.359375,37499.68359375
84.87268543243408,2,1375.4,10287.3515625,37499.68359375
85.88113141059875,2,1112.3,3121.5546875,37499.68359375
86.88799357414246,2,1073.3,3666.3671875,37627.68359375
87.89517331123352,2,223.6,3638.921875,37627.68359375
88.90159583091736,2,1061.1,3287.2890625,37627.68359375
89.90962386131287,2,1043.4,3177.13671875,37627.68359375
90.91727375984192,2,1910.9,7682.78515625,37627.68359375
91.92516088485718,2,2326.9,16481.4140625,37627.68359375
92.93294739723206,2,2646.6,13375.00390625,37627.68359375
93.9416286945343,2,3700.1,13928.50390625,37627.68359375
94.95972967147827,2,2621.8,13093.94140625,37627.68359375
95.97051787376404,2,1564.1,15003.859375,37651.68359375
96.97745609283447,2,1474.9,16429.07421875,47891.68359375
97.98497676849365,2,100.2,20202.5390625,47891.68359375
98.99291062355042,2,100.3,24011.6796875,47891.68359375
100.0000536441803,2,100.3,24315.12890625,47891.68359375
101.00745224952698,2,102.3,24270.01953125,47891.68359375
102.01404547691345,2,1375.0,24581.078125,47891.68359375
103.02162384986877,2,1459.8,25357.7578125,47891.68359375
104.04066276550293,2,978.2,24599.30859375,47891.68359375
105.0495674610138,2,1479.5,27306.46484375,47891.68359375
106.05663824081421,2,1116.2,24996.8515625,47891.68359375
107.06363081932068,2,539.9,25944.4140625,60179.68359375
108.07162857055664,2,1123.3,29077.8828125,60179.68359375
109.0913667678833,2,1810.3,31852.79296875,60193.68359375
110.09885764122009,2,1514.1,27938.49609375,60193.68359375
111.10604906082153,2,1116.1,25677.8515625,60193.68359375
112.11362552642822,2,2211.8,16684.3515625,60193.68359375
113.13462281227112,2,4769.2,16503.5625,60193.68359375
114.15464162826538,2,2866.6,17848.890625,60965.68359375
115.16377258300781,2,1916.7,17083.109375,60965.68359375
116.17065978050232,2,3158.4,12583.48046875,60965.68359375
117.18972873687744,2,2692.9,12626.2890625,60965.68359375
118.19787740707397,2,3185.3,14316.375,60965.68359375
119.20755219459534,2,1511.4,12727.99609375,60965.68359375
120.21473288536072,2,1626.9,12006.44921875,60965.68359375
121.22134399414062,2,1473.2,11741.43359375,60965.68359375
122.22937417030334,2,786.5,3091.4453125,60965.68359375
123.23767471313477,2,1591.1,3504.89453125,60965.68359375
124.24580073356628,2,841.5,3131.265625,60965.68359375
125.25466179847717,2,2326.1,5836.51171875,60965.68359375
126.26262712478638,2,1611.0,12471.05078125,60965.68359375
127.28249096870422,2,3269.1,10573.93359375,60965.68359375
128.29061913490295,2,2902.3,11504.44921875,60965.68359375
129.30877566337585,2,2437.7,10570.0625,60965.68359375
130.3153202533722,2,1713.9,13046.046875,60965.68359375
131.32235646247864,2,1568.3,14456.84375,60965.68359375
132.33108401298523,2,100.2,18190.875,60965.68359375
133.33935356140137,2,101.2,21972.37890625,60965.68359375
134.34716057777405,2,102.3,22312.51953125,60965.68359375
135.35377597808838,2,102.2,22237.80078125,60965.68359375
136.36185765266418,2,1358.9,22347.53125,60965.68359375
137.36930203437805,2,1231.3,23238.96875,60965.68359375
138.37973999977112,2,1217.3,22280.0546875,60965.68359375
139.38767218589783,2,1495.1,25052.55078125,60965.68359375
140.39494490623474,2,794.8,22939.58984375,60965.68359375
141.4040288925171,2,843.7,23748.97265625,60965.68359375
142.41163039207458,2,566.7,27246.83203125,60965.68359375
143.43145394325256,2,2370.7,29617.59765625,60965.68359375
144.43951153755188,2,1482.6,25758.11328125,60965.68359375
145.44721937179565,2,803.0,23836.04296875,60965.68359375
146.4556348323822,2,1977.7,14664.66796875,60965.68359375
147.480628490448,2,4764.8,14439.12890625,60965.68359375
148.50263285636902,2,3426.9,15909.45703125,61067.68359375
149.5116229057312,2,1994.8,15010.47265625,61067.68359375
150.52164340019226,2,3505.3,10632.35546875,61067.68359375
151.54263019561768,2,2217.3,12158.30078125,61067.68359375
152.56235361099243,2,2061.8,10500.34375,61067.68359375
153.56962609291077,2,1703.3,10382.2109375,61067.68359375
154.576514005661,2,1100.3,10475.37109375,61067.68359375
155.58445286750793,2,1554.6,2929.62890625,61579.69140625
156.59173321723938,2,1413.0,3526.3671875,61067.68359375
157.59742712974548,2,818.3,3200.41015625,61067.68359375
158.62165808677673,2,1625.4,3799.69140625,61067.68359375
159.63739919662476,2,1214.5,8881.65625,61067.68359375
160.64662885665894,2,2925.7,10647.38671875,61067.68359375
161.66662192344666,2,2762.8,11513.14453125,61067.68359375
162.68579626083374,2,3575.9,11008.32421875,61067.68359375
163.6936993598938,2,2194.1,11793.828125,61067.68359375
164.70088982582092,2,543.2,15104.46484375,61067.68359375
165.71385502815247,2,1110.6,16557.19140625,61067.68359375
166.72095108032227,2,100.2,20321.85546875,61067.68359375
167.7289228439331,2,102.3,22098.8046875,61067.68359375
168.73583841323853,2,102.2,22022.4921875,61067.68359375
169.74340915679932,2,922.4,22152.5703125,61067.68359375
170.75166630744934,2,1323.7,21903.89453125,61067.68359375
171.7586967945099,2,1161.4,22260.921875,61067.68359375
172.7670087814331,2,520.9,23779.87890625,61067.68359375
173.77562475204468,2,1835.4,23535.046875,61067.68359375
174.79478526115417,2,1175.7,22617.41796875,61067.68359375
175.80180263519287,2,101.2,25411.36328125,61067.68359375
176.80976104736328,2,2849.3,28729.93359375,61067.68359375
177.81737852096558,2,176.6,26521.26171875,61067.68359375
178.825621843338,2,1659.2,24280.2265625,61067.68359375
179.84474992752075,2,1207.3,19048.62109375,61067.68359375
180.8526256084442,2,4089.3,14542.33203125,61067.68359375
181.87375283241272,2,3883.4,16000.46484375,61081.68359375
182.8801772594452,2,2614.2,15307.7890625,61081.68359375
183.88663172721863,2,2651.6,10685.69140625,61081.68359375
184.90642094612122,2,3107.3,10638.67578125,61081.68359375
185.91497588157654,2,2551.5,10377.92578125,61081.68359375
186.92217755317688,2,1505.8,11079.77734375,61081.68359375
187.93102049827576,2,1242.9,10084.14453125,61081.68359375
188.9382312297821,2,1779.6,9724.96484375,61081.68359375
189.94661784172058,2,778.2,3393.44921875,61081.68359375
190.96149849891663,2,1221.0,3496.67578125,61081.68359375
191.9680941104889,2,1182.0,3056.453125,61081.68359375
192.975732088089,2,1959.5,6374.9140625,61081.68359375
193.9831507205963,2,1817.6,10573.15625,61081.68359375
194.9905481338501,2,3033.5,11076.84765625,61081.68359375
195.99862265586853,2,3954.7,11488.8671875,61081.68359375
197.01762652397156,2,2069.4,9738.671875,61081.68359375
198.03901648521423,2,1004.3,13862.94140625,61081.68359375
199.04664492607117,2,1531.5,15411.23828125,61081.68359375
200.05415272712708,2,100.2,19149.8359375,61081.68359375
201.0617003440857,2,101.2,22545.734375,61081.68359375
202.06978511810303,2,101.3,22481.75,61081.68359375
203.07651209831238,2,425.7,22377.23046875,61081.68359375
204.0843493938446,2,1388.0,22931.6796875,61081.68359375
205.09221363067627,2,1236.1,23609.36328125,61081.68359375
206.09937930107117,2,871.7,22844.58984375,61081.68359375
207.10773611068726,2,1440.2,25512.17578125,61081.68359375
208.11524319648743,2,1118.2,23145.2890625,61081.68359375
209.12221097946167,2,530.0,24085.69140625,61081.68359375
210.13063097000122,2,1276.7,27211.34765625,61081.68359375
211.15036582946777,2,1644.4,29956.0859375,61081.68359375
212.15797686576843,2,1417.7,25952.85546875,61081.68359375
213.16562867164612,2,1143.2,23643.0,61081.68359375
214.17663717269897,2,1956.1,14675.6328125,61081.68359375
215.20362973213196,2,4760.9,14494.93359375,61081.68359375
216.2239646911621,2,3364.4,15599.8125,61109.68359375
217.23384022712708,2,2137.4,14931.01953125,61109.68359375
218.24363207817078,2,3674.6,10793.37890625,61109.68359375
219.26463174819946,2,2236.7,12115.625,61109.68359375
220.28489685058594,2,1799.9,10476.7265625,61109.68359375
221.29319882392883,2,1691.3,10209.87890625,61109.68359375
222.300701379776,2,1232.1,10473.09375,61109.68359375
223.30711603164673,2,1999.8,4098.79296875,61109.68359375
224.3142170906067,2,1245.0,3486.94140625,61109.68359375
225.32224535942078,2,755.7,3147.0234375,61109.68359375
226.3296253681183,2,1496.9,3531.85546875,61109.68359375
227.36559343338013,2,1374.7,8014.0625,61109.68359375
228.375629901886,2,2907.5,10628.07421875,61109.68359375
229.3956220149994,2,2788.7,11519.2578125,61109.68359375
230.41400909423828,2,3786.5,12026.33984375,61109.68359375
231.43384957313538,2,2301.9,11617.1328125,61109.68359375
232.44164419174194,2,368.7,15104.171875,61109.68359375
233.45357537269592,2,1271.3,16442.52734375,61109.68359375
234.4610435962677,2,100.4,20143.34765625,61109.68359375
235.4669370651245,2,100.3,22202.265625,61109.68359375
236.4743344783783,2,102.3,22084.94140625,61109.68359375
237.4810757637024,2,920.2,21996.2421875,61109.68359375
238.4873559474945,2,1270.4,21946.3515625,61109.68359375
239.49339771270752,2,1215.0,22729.3515625,61109.68359375
240.50166726112366,2,531.0,23641.49609375,61109.68359375
241.50909543037415,2,1518.3,23580.66015625,61109.68359375
242.51814079284668,2,1475.3,22424.2578125,61109.68359375
243.52537441253662,2,101.2,25194.7890625,61109.68359375
244.5330548286438,2,2825.8,28501.46484375,61109.68359375
245.54227781295776,2,180.9,26272.3359375,61109.68359375
246.5483558177948,2,1409.9,24695.46875,61109.68359375
247.5541226863861,2,1429.7,22961.19140625,61109.68359375
248.56262755393982,2,3281.6,14653.90625,61109.68359375
249.58322405815125,2,4717.9,15590.89453125,61153.68359375
250.58910584449768,2,2131.0,15445.23828125,61153.68359375
251.59667444229126,2,2564.6,13585.1640625,61153.68359375
252.60381484031677,2,3405.0,10923.7109375,61153.68359375
253.6117775440216,2,2702.5,12062.8984375,61153.68359375
254.62962913513184,2,1558.5,10638.96484375,61153.68359375
255.64052438735962,2,1482.1,10162.21484375,61153.68359375
256.6473243236542,2,1392.0,9803.765625,61153.68359375
257.6569550037384,2,1086.5,2847.87109375,61153.68359375
258.6643810272217,2,1567.8,3679.26953125,61153.68359375
259.67152667045593,2,943.1,3001.29296875,61153.68359375
260.6788113117218,2,1877.3,6490.6328125,61153.68359375
261.68763494491577,2,2441.2,9725.73046875,61153.68359375
262.7076208591461,2,2766.0,10560.39453125,61153.68359375
263.7260410785675,2,2860.2,9855.609375,61153.68359375
264.733190536499,2,1511.7,11462.75390625,61153.68359375
265.7400221824646,2,1286.1,13027.5078125,61153.68359375
266.74849677085876,2,100.3,14897.62109375,61153.68359375
267.75554180145264,2,924.0,15001.30078125,61153.68359375
268.76306533813477,2,1258.0,15000.01953125,61153.68359375
269.77112197875977,2,1208.6,15809.328125,61153.68359375
270.7788438796997,2,552.6,16706.859375,61153.68359375
271.78682684898376,2,1533.4,17104.62890625,61153.68359375
272.797621011734,2,1422.1,15511.03125,61153.68359375
273.8056309223175,2,3717.4,11348.578125,61153.68359375
274.82662749290466,2,3644.1,12630.16796875,61153.68359375
275.83720564842224,2,2259.2,12100.4375,61153.68359375
276.8437740802765,2,3642.0,9866.25,61153.68359375
277.85199785232544,2,2349.6,10971.4921875,61153.68359375
278.86204171180725,2,1379.0,10047.9921875,61153.68359375
279.8699061870575,2,1713.6,9405.4921875,61153.68359375
280.8766083717346,2,1544.0,9009.93359375,61153.68359375
281.8843882083893,2,755.1,3101.15234375,61153.68359375
282.8922510147095,2,1659.8,3492.39453125,61153.68359375
283.90019059181213,2,1012.8,3070.78125,61153.68359375
284.90827775001526,2,1922.8,6361.296875,61153.68359375
285.91764187812805,2,1750.7,10179.95703125,61153.68359375
286.9421784877777,2,2752.8,11011.6328125,61153.68359375
287.95634269714355,2,4120.3,11315.3671875,61153.68359375
288.96352434158325,2,2533.3,10380.28125,61153.68359375
289.9713077545166,2,100.1,14012.1640625,61153.68359375
290.97996044158936,2,1399.5,15799.73046875,61153.68359375
291.98817801475525,2,100.2,19511.99609375,61153.68359375
292.9958267211914,2,99.3,21921.05078125,61153.68359375
294.00266671180725,2,103.2,21823.6953125,61153.68359375
295.0102381706238,2,808.6,21841.76953125,61153.68359375
296.01945090293884,2,1278.1,21885.484375,61153.68359375
297.0264096260071,2,1285.1,22371.23046875,61153.68359375
298.038209438324,2,543.5,23260.27734375,61153.68359375
299.0463352203369,2,1517.8,23579.01953125,61153.68359375
300.05365800857544,2,1456.4,21867.48046875,61153.68359375
301.06167817115784,2,145.9,24557.86328125,61153.68359375
302.0696310997009,2,2738.9,27718.45703125,61153.68359375
303.09374594688416,2,268.7,25776.15234375,61153.68359375
304.10284519195557,2,1384.0,24206.984375,61153.68359375
305.1086390018463,2,1352.2,22597.6640625,61153.68359375
306.11762952804565,2,2996.3,14258.92578125,61153.68359375
307.13937425613403,2,4321.7,15264.125,61183.68359375
308.1479215621948,2,2420.1,14762.40625,61183.68359375
309.15663504600525,2,2731.8,10154.2109375,61183.68359375
310.176855802536,2,2899.1,9909.76953125,61183.68359375
311.1840178966522,2,2508.1,9627.58984375,61183.68359375
312.19302129745483,2,1387.3,10277.421875,61183.68359375
313.2000308036804,2,1205.5,9750.38671875,61183.68359375
314.2087242603302,2,1991.8,7790.9921875,61183.68359375
315.2168309688568,2,974.7,3571.0390625,61183.68359375
316.22428846359253,2,924.9,3503.50390625,61183.68359375
317.23089814186096,2,1147.0,3084.73046875,61183.68359375
318.24484491348267,2,1887.5,6707.30078125,61183.68359375
319.2526249885559,2,2335.4,10249.94921875,61183.68359375
320.272625207901,2,2790.1,11108.09765625,61183.68359375
321.2912120819092,2,3788.4,11609.7890625,61183.68359375
322.30854630470276,2,2434.4,10818.7734375,61183.68359375
323.3169686794281,2,134.3,14449.68359375,61183.68359375
324.32964515686035,2,1454.4,15978.47265625,61183.68359375
325.33757042884827,2,100.3,19696.2421875,61183.68359375
326.3448214530945,2,101.1,21779.1640625,61183.68359375
327.35326194763184,2,102.3,21680.99609375,61183.68359375
328.36025881767273,2,885.2,21599.43359375,61183.68359375
329.367928981781,2,1210.1,21616.35546875,61183.68359375
330.3753123283386,2,1294.0,22239.34765625,61183.68359375
331.3822569847107,2,537.2,23167.57421875,61183.68359375
332.3892912864685,2,1525.4,23602.2734375,61183.68359375
333.3972418308258,2,1439.9,22058.73828125,61183.68359375
334.40529227256775,2,146.9,24726.39453125,61183.68359375
335.4136309623718,2,2774.0,28105.82421875,61183.68359375
336.4356315135956,2,207.5,25849.0625,61183.68359375
337.46155524253845,2,1386.4,24272.85546875,61183.68359375
338.47353649139404,2,1359.6,22741.75,61183.68359375
339.4816219806671,2,3064.6,14374.9296875,61183.68359375
340.5015172958374,2,4568.1,15375.765625,61197.68359375
341.5096273422241,2,2533.9,14962.328125,61197.68359375
342.5216233730316,2,2278.7,10267.5390625,61197.68359375
343.5416216850281,2,3246.5,10269.56640625,61197.68359375
344.55658745765686,2,2414.8,10187.39453125,61197.68359375
345.56562519073486,2,1598.0,10705.609375,61197.68359375
346.5736744403839,2,1331.0,9785.55859375,61197.68359375
347.5803623199463,2,1625.3,9497.375,61197.68359375
348.5896215438843,2,981.5,3487.1796875,61197.68359375
349.61386609077454,2,1321.2,3514.85546875,61197.68359375
350.6239769458771,2,1033.8,3042.3125,61197.68359375
351.6309313774109,2,1913.2,6493.51953125,61197.68359375
352.63849091529846,2,1981.6,10162.70703125,61197.68359375
353.6486222743988,2,2758.3,11011.24609375,61197.68359375
354.6668555736542,2,3916.4,11414.82421875,61197.68359375
355.67386412620544,2,2786.2,10351.4140625,61197.68359375
356.6806616783142,2,100.3,13975.27734375,61197.68359375
357.6879184246063,2,1428.9,15582.5390625,61197.68359375
358.6949577331543,2,99.2,19284.0546875,61197.68359375
359.70267510414124,2,101.2,21733.6015625,61197.68359375
360.7105190753937,2,101.3,21662.18359375,61197.68359375
361.71701765060425,2,659.6,21662.82421875,61197.68359375
362.72520565986633,2,1336.1,21887.08984375,61197.68359375
363.7326512336731,2,1073.2,22393.15625,61197.68359375
364.7408215999603,2,839.7,22912.0390625,61197.68359375
365.7483296394348,2,1503.2,23677.80078125,61197.68359375
366.75618076324463,2,1391.2,22077.34375,61197.68359375
367.7632164955139,2,252.9,24352.6015625,61197.68359375
368.7726311683655,2,2343.5,26811.7734375,61197.68359375
369.7924599647522,2,544.8,27812.5,61197.68359375
370.80007219314575,2,1483.6,26139.46484375,61197.68359375
371.8071162700653,2,1306.3,22906.3671875,61197.68359375
372.81563806533813,2,2592.9,14211.859375,61197.68359375
373.82888746261597,2,4686.4,15081.8359375,61197.68359375
374.83962512016296,2,2456.4,14971.57421875,61197.68359375
375.85062193870544,2,2341.7,10321.265625,61197.68359375
376.87062191963196,2,3173.9,10189.15625,61197.68359375
377.88557052612305,2,2452.7,10168.41796875,61197.68359375
378.89508509635925,2,1575.3,10648.0078125,61197.68359375
379.90304803848267,2,1331.2,9713.4453125,61197.68359375
380.90968203544617,2,1609.0,9459.703125,61197.68359375
381.9186222553253,2,874.4,3482.30859375,61197.68359375
382.9287099838257,2,1870.0,3923.07421875,61197.68359375
383.9356300830841,2,848.7,3129.3046875,61197.68359375
384.94187021255493,2,1497.6,3882.703125,61197.68359375
385.9482491016388,2,1266.3,8906.34375,61197.68359375
386.957626581192,2,3012.8,10648.85546875,61197.68359375
387.9776210784912,2,2790.9,11518.33984375,61197.68359375
388.99584126472473,2,3487.7,11055.4296875,61197.68359375
390.00392174720764,2,2253.1,11831.44140625,61197.68359375
391.01097321510315,2,565.0,15118.453125,61197.68359375
392.021644115448,2,1063.6,16738.86328125,61197.68359375
393.02857542037964,2,100.3,20433.90625,61197.68359375
394.03599071502686,2,101.2,22300.98046875,61197.68359375
395.0435166358948,2,102.3,22158.34765625,61197.68359375
396.050728559494,2,911.7,22167.0234375,61197.68359375
397.0587100982666,2,1327.8,21969.92578125,61197.68359375
398.06862568855286,2,1148.0,22292.9921875,61197.68359375
399.07521319389343,2,514.2,23842.78125,61197.68359375
400.0826232433319,2,1899.2,23568.0546875,61197.68359375
401.1015348434448,2,1086.2,22643.80859375,61197.68359375
402.10958671569824,2,100.3,25516.6875,61197.68359375
403.11703658103943,2,2852.7,28806.25390625,61197.68359375
404.1248426437378,2,194.6,26589.51953125,61197.68359375
405.1326274871826,2,1486.9,24296.8203125,61197.68359375
406.15113830566406,2,1391.3,21704.3828125,61197.68359375
407.1596293449402,2,3529.5,14607.45703125,61197.68359375
408.18219566345215,2,4443.9,15840.265625,61197.68359375
409.1956238746643,2,2462.1,15293.66015625,61197.68359375
410.2055733203888,2,2181.2,10633.28515625,61197.68359375
411.22230410575867,2,3442.8,11003.328125,61197.68359375
412.23132610321045,2,2534.6,11988.828125,61197.68359375
413.2393629550934,2,1205.3,11001.7265625,61197.68359375
414.2467768192291,2,1673.2,10059.75390625,61197.68359375
415.2538478374481,2,1481.1,9965.9765625,61197.68359375
416.2629783153534,2,1523.1,2903.55078125,61197.68359375
417.27077984809875,2,2055.4,3709.0859375,61197.68359375
418.277859210968,2,783.2,3055.7890625,61197.68359375
419.284631729126,2,2012.2,5046.29296875,61197.68359375
420.3103094100952,2,1332.5,9512.68359375,61197.68359375
421.317631483078,2,3280.0,10167.01171875,61197.68359375
422.34362149238586,2,2745.0,11058.8203125,61197.68359375
423.3586974143982,2,2545.3,10215.7734375,61197.68359375
424.36765789985657,2,1651.2,12310.8671875,61197.68359375
425.3747208118439,2,1416.4,13894.05859375,61197.68359375
426.38222312927246,2,101.3,17564.87109375,61197.68359375
427.3894350528717,2,100.3,21276.3828125,61197.68359375
428.39646553993225,2,101.3,21740.8046875,61197.68359375
429.403213262558,2,101.2,21670.0546875,61197.68359375
430.41115498542786,2,1355.3,21573.8984375,61197.68359375
431.41829109191895,2,890.4,22401.578125,61197.68359375
432.42572808265686,2,1572.8,21606.859375,61197.68359375
433.4340989589691,2,1469.0,24542.71875,61197.68359375
434.4422650337219,2,814.2,22762.4921875,61197.68359375
435.45054721832275,2,849.2,23151.6484375,61197.68359375
436.45854806900024,2,178.3,26100.23046875,61197.68359375
437.46806716918945,2,2730.3,29120.02734375,61197.68359375
438.4766299724579,2,1149.0,25184.921875,61197.68359375
439.4986307621002,2,1110.5,24251.25390625,61197.68359375
440.5086193084717,2,1203.7,14201.66015625,61197.68359375
441.52891993522644,2,4759.5,14023.546875,61197.68359375
442.5542540550232,2,3513.4,15129.37109375,61197.68359375
443.5597620010376,2,2141.7,14372.78125,61197.68359375
444.5684049129486,2,3599.1,10087.1015625,61197.68359375
445.57638788223267,2,2326.5,11438.80859375,61197.68359375
446.5896224975586,2,1576.6,10089.68359375,61197.68359375
447.6028664112091,2,1722.2,9711.91796875,61197.68359375
448.6096603870392,2,1320.6,9847.73828125,61197.68359375
449.61531162261963,2,1090.4,2724.79296875,61197.68359375
450.62226700782776,2,2091.2,3614.84765625,61197.68359375
451.62977933883667,2,599.7,2964.79296875,61197.68359375
452.63694071769714,2,2629.7,6546.5,61197.68359375
453.64461612701416,2,886.4,10615.0390625,61197.68359375
454.659645318985,2,2998.4,12804.1796875,61197.68359375
455.68650007247925,2,2723.7,13687.265625,61197.68359375
456.70362305641174,2,3765.2,14162.015625,61197.68359375
457.72069787979126,2,2191.3,12562.62890625,61197.68359375
458.7278072834015,2,1301.8,14534.21875,61197.68359375
459.7356472015381,2,100.2,17722.73828125,61197.68359375
460.74373984336853,2,465.7,17682.6015625,61197.68359375
461.75065541267395,2,1354.4,18461.1640625,61197.68359375
462.7591710090637,2,1230.2,19232.33984375,61197.68359375
463.76630425453186,2,866.6,18361.18359375,61197.68359375
464.7747929096222,2,1475.7,21130.30078125,61197.68359375
465.7818012237549,2,1117.9,18835.16015625,61197.68359375
466.7906413078308,2,2688.1,13887.2734375,61197.68359375
467.82136154174805,2,4751.2,13792.25390625,61197.68359375
468.8434944152832,2,2997.5,15470.8203125,61197.68359375
469.85365629196167,2,1949.4,14784.4609375,61197.68359375
470.8596353530884,2,3531.4,12268.33984375,61197.68359375
471.87993335723877,2,2875.0,12298.51171875,61197.68359375
472.8889980316162,2,3105.5,13943.7734375,61197.68359375
473.90470242500305,2,1426.6,12510.53125,61197.68359375
474.91177201271057,2,1853.3,11738.26171875,61197.68359375
475.9186475276947,2,1664.6,11396.12109375,61197.68359375
476.9273467063904,2,1003.9,2704.48046875,61197.68359375
477.9343891143799,2,2135.1,3351.69140625,61197.68359375
478.94180130958557,2,1864.2,5760.7734375,61197.68359375
479.94868874549866,2,1222.3,10152.53125,61197.68359375
480.95764350891113,2,3301.9,10707.6640625,61197.68359375
481.98362398147583,2,2802.9,11586.20703125,61197.68359375
483.0019459724426,2,2521.1,10659.09375,61197.68359375
484.0146429538727,2,1396.2,11256.78515625,61197.68359375
485.0216245651245,2,565.8,12431.52734375,61197.68359375
486.0290229320526,2,1253.2,12979.49609375,61197.68359375
487.03684163093567,2,1245.1,14414.21484375,61197.68359375
488.04463815689087,2,2006.9,10717.37109375,61197.68359375
489.07158756256104,2,4504.2,11443.54296875,61197.68359375
490.08007311820984,2,2183.3,11572.6640625,61197.68359375
491.0866265296936,2,2990.3,10049.31640625,61197.68359375
492.10629749298096,2,3351.2,10597.6015625,61197.68359375
493.11418533325195,2,2558.2,11687.46484375,61197.68359375
494.1243076324463,2,1396.7,10823.8046875,61197.68359375
495.13383889198303,2,1399.1,9958.4453125,61197.68359375
496.1401994228363,2,1541.3,9851.6484375,61197.68359375
497.14662051200867,2,1506.3,2999.3203125,61197.68359375
498.16164469718933,2,1362.1,3316.94140625,61197.68359375
499.16959404945374,2,1988.8,6772.77734375,61197.68359375
500.1786262989044,2,2111.3,15167.0,61197.68359375
501.1951127052307,2,3254.0,11494.06640625,61197.68359375
502.2036199569702,2,2972.1,12419.36328125,61197.68359375
503.221896648407,2,2449.8,11502.515625,61197.68359375
504.2301425933838,2,1542.0,12012.15625,61197.68359375
505.23855662345886,2,522.5,13207.94921875,61197.68359375
506.2491283416748,2,1275.6,13819.76953125,61197.68359375
507.2572228908539,2,1230.0,15124.54296875,61197.68359375
508.2646315097809,2,2044.6,11520.83984375,61197.68359375
509.29131865501404,2,4438.5,12322.375,61197.68359375
510.3016436100006,2,2238.0,12469.4765625,61197.68359375
511.32763266563416,2,2988.6,10981.1484375,61197.68359375
512.3477942943573,2,3319.9,11399.1015625,61197.68359375
513.3547434806824,2,2669.9,12644.71875,61197.68359375
514.3645076751709,2,1381.2,11392.62890625,61197.68359375
515.3715031147003,2,1486.0,10744.41796875,61197.68359375
516.3782570362091,2,1778.8,10559.2578125,61197.68359375
517.3874228000641,2,1244.1,3182.1640625,61709.69140625
518.3953759670258,2,1652.9,3672.58984375,61197.68359375
519.4026737213135,2,655.5,3522.80078125,61197.68359375
520.409453868866,2,2935.7,3772.40234375,61197.68359375
521.4331936836243,2,1390.2,7499.6953125,61197.68359375
522.4456255435944,2,2739.5,10817.10546875,61197.68359375
523.4656238555908,2,2768.9,11665.765625,61197.68359375
524.4846258163452,2,3790.3,12152.0390625,61197.68359375
525.5034446716309,2,2414.9,12232.91796875,61281.68359375
526.5104672908783,2,100.2,15909.90625,61281.68359375
527.5184741020203,2,2728.4,16169.6171875,61281.68359375
528.5264055728912,2,99.3,19909.0625,61281.68359375
529.5336263179779,2,102.3,23032.40234375,61281.68359375
530.5408697128296,2,103.2,22906.54296875,61281.68359375
531.548502445221,2,509.8,22677.74609375,61281.68359375
532.5548739433289,2,1316.1,23199.546875,61281.68359375
533.5631401538849,2,1226.3,23847.47265625,61281.68359375
534.571008682251,2,883.9,22946.64453125,61281.68359375
535.5778865814209,2,1509.8,25675.4140625,61281.68359375
536.5859923362732,2,1136.1,22863.6484375,61281.68359375
537.5938265323639,2,512.7,24384.203125,61281.68359375
538.6026337146759,2,1572.1,27259.26953125,61281.68359375
539.6225237846375,2,1320.4,30239.0078125,61281.68359375
540.6297378540039,2,1432.6,26340.29296875,61281.68359375
541.6370098590851,2,1100.7,23892.93359375,61281.68359375
542.6446349620819,2,2225.9,14775.23046875,61281.68359375
543.6756210327148,2,4762.3,14519.5234375,61281.68359375
544.695627450943,2,3438.8,15796.484375,61281.68359375
545.7046313285828,2,2088.2,15004.9296875,61281.68359375
546.7166373729706,2,3455.0,10565.1640625,61281.68359375
547.7368876934052,2,2248.0,12202.8984375,61281.68359375
548.74396276474,2,2421.5,10461.03515625,61281.68359375
549.7520051002502,2,1554.1,10676.671875,61281.68359375
550.7622745037079,2,1186.2,10404.02734375,61281.68359375
551.7704885005951,2,1382.3,3542.875,61281.68359375
552.7796211242676,2,859.9,3835.20703125,61441.68359375
553.8007826805115,2,1370.9,4172.53125,61441.68359375
554.8096227645874,2,1776.7,3264.14453125,61441.68359375
555.8292076587677,2,2898.9,6134.796875,61441.68359375
556.8371176719666,2,1746.1,10281.6640625,61441.68359375
557.845627784729,2,2868.4,10879.5,61441.68359375
558.8526229858398,2,4130.4,11179.6484375,61441.68359375
559.8707196712494,2,2094.3,9775.84375,61441.68359375
560.8910377025604,2,1548.1,14669.62890625,61923.68359375
561.898645401001,2,100.3,18386.7109375,61923.68359375
562.9057767391205,2,2244.1,20389.62890625,61923.68359375
563.9160144329071,2,1020.2,21354.94140625,82403.68359375
564.9236836433411,2,100.1,25084.34375,82403.68359375
565.9324741363525,2,103.2,28803.37890625,82403.68359375
566.9398441314697,2,105.3,32400.265625,82403.68359375
567.9465157985687,2,105.2,34676.8984375,82403.68359375
568.9539263248444,2,104.2,34458.71875,82403.68359375
569.9611759185791,2,105.4,34234.8984375,82403.68359375
570.9669075012207,2,103.2,34014.88671875,82403.68359375
571.9746205806732,2,876.4,33878.91796875,82403.68359375
572.9842810630798,2,1087.7,34499.93359375,82403.68359375
573.9937727451324,2,615.8,34385.37890625,82403.68359375
575.0021903514862,2,1411.5,34219.84765625,82403.68359375
576.0106225013733,2,935.3,36312.07421875,82403.68359375
577.0293052196503,2,1670.7,35737.32421875,82403.68359375
578.0372042655945,2,918.3,34681.4453125,82403.68359375
579.0444741249084,2,102.2,37471.65625,82403.68359375
580.0524322986603,2,3091.9,40627.359375,82403.68359375
581.0602304935455,2,269.7,38427.453125,82403.68359375
582.0687463283539,2,1453.7,36802.9140625,82403.68359375
583.0771842002869,2,1594.6,34931.26171875,82403.68359375
584.083771944046,2,104.1,36410.65234375,82403.68359375
585.0926477909088,2,104.3,38954.296875,82403.68359375
586.099630355835,2,104.4,41614.02734375,82403.68359375
587.105633020401,2,3496.9,44244.20703125,82403.68359375
588.1254053115845,2,2255.6,48585.4140625,82889.68359375
589.1334793567657,2,101.2,49936.203125,82889.68359375
590.1416275501251,2,1010.2,40713.6796875,82889.68359375
591.1619732379913,2,1824.7,42336.09765625,82889.68359375
592.1697568893433,2,1510.7,38431.0625,82889.68359375
593.177209854126,2,1111.4,35827.7265625,82889.68359375
594.1886222362518,2,1007.8,18578.48046875,82889.68359375
595.2096257209778,2,4764.9,18283.9140625,82889.68359375
596.2298843860626,2,4406.5,19537.16796875,82889.68359375
597.2386257648468,2,2470.4,18994.85546875,82889.68359375
598.2488293647766,2,2041.8,13812.33203125,82889.68359375
599.2561435699463,2,3304.9,10687.51171875,82889.68359375
600.2653920650482,2,2694.6,11711.76953125,82889.68359375
601.2751226425171,2,1296.3,10714.984375,82889.68359375
602.2833046913147,2,1785.9,9859.16015625,82889.68359375
603.2901077270508,2,1763.4,9497.625,82889.68359375
604.2961041927338,2,800.3,2958.1171875,82889.68359375
605.3046200275421,2,1827.3,4180.78515625,82889.68359375
606.3227074146271,2,875.5,3603.34765625,82889.68359375
607.3416199684143,2,2137.4,3512.33984375,82889.68359375
608.3969624042511,2,1732.2,6704.015625,82889.68359375
609.4046268463135,2,2720.9,10099.859375,82889.68359375
610.4246220588684,2,2792.8,10990.4375,82889.68359375
611.4436254501343,2,3736.7,11499.23828125,82889.68359375
612.4626324176788,2,3100.0,11752.87109375,82893.68359375
613.4834747314453,2,549.9,15627.43359375,82937.68359375
614.4908680915833,2,100.2,19364.51953125,82937.68359375
615.4989337921143,2,2692.0,19376.3046875,82937.68359375
616.5067625045776,2,106.1,22430.08984375,82937.68359375
617.5147712230682,2,102.3,26118.1640625,82937.68359375
618.5216777324677,2,102.2,29837.05078125,82937.68359375
619.5290634632111,2,104.1,33445.875,82937.68359375
620.5372838973999,2,107.3,34628.59765625,82937.68359375
621.5439276695251,2,107.1,34407.91015625,82937.68359375
622.5519509315491,2,104.3,34161.7578125,82937.68359375
623.5590953826904,2,105.2,33875.7421875,82937.68359375
624.5665946006775,2,1160.4,33923.4296875,82937.68359375
625.5757768154144,2,1236.0,33881.48828125,82937.68359375
626.5846197605133,2,1291.6,34009.6328125,82937.68359375
627.6026933193207,2,711.6,36180.7578125,82937.68359375
628.619987487793,2,1973.1,35435.96484375,82937.68359375
629.6487379074097,2,917.1,34209.05078125,82937.68359375
630.6573424339294,2,162.7,36789.5859375,82937.68359375
631.6656353473663,2,2707.1,39223.44921875,82937.68359375
632.703328371048,2,358.4,38236.8515625,82937.68359375
633.7104716300964,2,1561.3,38441.75,82937.68359375
634.7179350852966,2,1361.0,34983.1328125,82937.68359375
635.7238273620605,2,345.1,37016.76171875,82937.68359375
636.7322702407837,2,104.3,39712.015625,82937.68359375
637.7390489578247,2,324.8,43252.4375,82937.68359375
638.7496485710144,2,4759.0,44433.80859375,82937.68359375
639.7767331600189,2,657.4,49002.07421875,83029.68359375
640.7836654186249,2,103.2,42215.7734375,83029.68359375
641.792649269104,2,2569.6,40717.3046875,83029.68359375
642.8176589012146,2,265.0,38535.609375,83029.68359375
643.8251483440399,2,1386.6,36839.0390625,83029.68359375
644.832004070282,2,1353.1,35082.21484375,83029.68359375
645.840621471405,2,2186.0,18354.20703125,83029.68359375
646.8606269359589,2,4775.8,18104.84375,83029.68359375
647.8806335926056,2,4768.9,18616.1796875,83029.68359375
648.9055964946747,2,2400.1,19692.01171875,83029.68359375
649.9133543968201,2,1834.5,18975.0,83029.68359375
650.9206297397614,2,2736.6,10495.76953125,83029.68359375
651.9404819011688,2,2487.0,11943.77734375,83029.68359375
652.94975066185,2,2403.0,10228.59375,83029.68359375
653.9575932025909,2,1524.8,10394.3125,83029.68359375
654.9646286964417,2,1271.3,9992.11328125,83029.68359375
655.9737224578857,2,1599.4,4905.27734375,83029.68359375
656.9808912277222,2,364.8,4234.32421875,83029.68359375
657.9898464679718,2,1907.2,4941.08984375,83029.68359375
658.9975574016571,2,1265.4,3687.55078125,83029.68359375
660.0056281089783,2,3213.8,4724.58984375,83029.68359375
661.0264403820038,2,1334.2,8906.078125,83029.68359375
662.0464761257172,2,3231.2,10252.47265625,83029.68359375
663.0636193752289,2,2796.3,11144.546875,83029.68359375
664.0818839073181,2,2727.8,10399.89453125,83029.68359375
665.0911498069763,2,3082.3,13353.4921875,83077.68359375
666.0988013744354,2,99.2,17042.52734375,83077.68359375
667.1067218780518,2,100.3,20738.87109375,83077.68359375
668.113790512085,2,2177.7,20576.3828125,83077.68359375
669.1207914352417,2,101.2,24292.48046875,83077.68359375
670.1289129257202,2,102.1,27930.93359375,83077.68359375
671.1376724243164,2,104.1,31539.828125,83077.68359375
672.1460747718811,2,106.3,34938.078125,83077.68359375
673.1530680656433,2,105.3,34680.75390625,83077.68359375
674.1600904464722,2,107.2,34395.15625,83077.68359375
675.1672492027283,2,104.3,34175.73046875,83077.68359375
676.1741814613342,2,405.9,33959.03515625,83077.68359375
677.182620048523,2,1448.3,34449.43359375,83077.68359375
678.2002367973328,2,618.4,34740.875,83077.68359375
679.2076480388641,2,1644.6,33944.28125,83077.68359375
680.2158000469208,2,1532.0,36896.34765625,83077.68359375
681.2242612838745,2,794.2,35996.09765625,83077.68359375
682.2315912246704,2,905.6,35343.265625,83077.68359375
683.2397818565369,2,103.2,38164.2578125,83077.68359375
684.2477042675018,2,2911.4,41324.15234375,83077.68359375
685.2556257247925,2,1038.3,37538.22265625,83077.68359375
686.2747781276703,2,1220.1,36400.0390625,83077.68359375
687.2828116416931,2,921.1,35014.30859375,83077.68359375
688.2903304100037,2,103.2,37707.1640625,83077.68359375
689.2981214523315,2,104.1,40413.5,83077.68359375
690.306622505188,2,1565.4,44298.7109375,83077.68359375
691.3253531455994,2,4154.4,47796.83203125,83161.68359375
692.3336861133575,2,101.2,49413.60546875,83161.68359375
693.3411593437195,2,329.3,42220.2578125,83161.68359375
694.349277973175,2,2538.8,41219.2578125,83161.68359375
695.3576390743256,2,186.6,38052.3203125,83161.68359375
696.3656251430511,2,1872.2,36519.48046875,83161.68359375
697.3846859931946,2,1012.5,30630.56640625,83161.68359375
698.3926246166229,2,3050.7,18418.984375,83161.68359375
699.4136183261871,2,4769.3,18136.1015625,83161.68359375
700.4337849617004,2,4453.5,19919.3359375,83161.68359375
701.4435198307037,2,1882.6,19828.765625,83161.68359375
702.451119184494,2,2117.6,19117.6015625,83161.68359375
703.4586300849915,2,2733.1,10699.75,83161.68359375
704.4784746170044,2,2390.6,12234.83984375,83161.68359375
705.4873676300049,2,2354.0,10515.00390625,83161.68359375
706.4958946704865,2,1518.8,10600.49609375,83161.68359375
707.5032181739807,2,1125.6,10300.58984375,83161.68359375
708.5116381645203,2,1765.8,4050.23046875,83161.68359375
709.5196228027344,2,1105.4,4115.8125,83161.68359375
710.540685415268,2,1221.5,4309.06640625,83161.68359375
711.5474338531494,2,1240.2,3344.43359375,83161.68359375
712.5553200244904,2,2641.3,5923.91015625,83161.68359375
713.563624382019,2,1935.2,9542.18359375,83161.68359375
714.5836238861084,2,2706.3,10389.46875,83161.68359375
715.6022217273712,2,3148.8,10005.9375,83161.68359375
716.6098148822784,2,3531.9,11789.0390625,83253.68359375
717.6172623634338,2,100.2,15442.875,83253.68359375
718.6253051757812,2,100.3,19155.0703125,83253.68359375
719.6322045326233,2,2124.5,18985.6484375,83253.68359375
720.6408994197845,2,100.2,22703.01171875,83253.68359375
721.6484649181366,2,103.2,26436.46484375,83253.68359375
722.6559681892395,2,103.3,30095.72265625,83253.68359375
723.6632096767426,2,104.2,33758.3359375,83253.68359375
724.6704165935516,2,105.3,34160.62109375,83253.68359375
725.677491903305,2,105.2,33974.29296875,83253.68359375
726.6850752830505,2,105.2,33692.07421875,83253.68359375
727.6929197311401,2,104.2,33451.203125,83253.68359375
728.7004065513611,2,1461.0,33303.74609375,83253.68359375
729.7100658416748,2,966.2,33294.1796875,83253.68359375
730.7192440032959,2,1356.3,33887.7890625,83253.68359375
731.7293567657471,2,591.3,34821.91015625,83253.68359375
732.7390947341919,2,1613.9,36949.890625,83253.68359375
733.7496290206909,2,1206.4,34240.66015625,83253.68359375
734.7586622238159,2,576.9,35125.03515625,83253.68359375
735.7696235179901,2,976.3,38431.46484375,83253.68359375
736.7903649806976,2,2197.8,40603.25,83253.68359375
737.7995209693909,2,1006.0,36840.3515625,83253.68359375
738.8214726448059,2,1303.5,35959.546875,83253.68359375
739.8317837715149,2,963.9,34921.66796875,83253.68359375
740.8422009944916,2,103.1,37636.84765625,83253.68359375
741.8512580394745,2,104.1,40372.8046875,83253.68359375
742.8606216907501,2,2376.9,43743.40625,83253.68359375
743.879326581955,2,3489.1,47313.53515625,83337.68359375
744.8872725963593,2,103.3,49000.109375,83337.68359375
745.8943569660187,2,354.1,41930.57421875,83337.68359375
746.9026577472687,2,2569.5,40927.765625,83337.68359375
747.9106225967407,2,713.2,37431.58984375,83337.68359375
748.9296386241913,2,1581.2,36035.953125,83337.68359375
749.9383115768433,2,867.2,27604.99609375,83337.68359375
750.9466288089752,2,3357.9,17712.2109375,83337.68359375
751.9676189422607,2,4776.0,17419.4375,83337.68359375
752.9862105846405,2,3620.5,19205.1640625,83337.68359375
753.9956583976746,2,2181.0,18630.546875,83337.68359375
755.0050637722015,2,2306.2,16570.53125,83337.68359375
756.0153675079346,2,2873.3,10158.109375,83337.68359375
757.0229032039642,2,2505.3,11157.64453125,83337.68359375
758.0340352058411,2,1200.3,10277.484375,83337.68359375
759.0411870479584,2,1567.0,9311.26953125,83337.68359375
760.0482401847839,2,1561.6,9030.359375,83337.68359375
761.0536725521088,2,593.1,3511.71875,83337.68359375
762.0619833469391,2,2233.4,4344.34375,83337.68359375
763.0694031715393,2,848.4,3511.08203125,83337.68359375
764.0925905704498,2,3024.2,5023.86328125,83337.68359375
765.0996265411377,2,1278.4,10376.09765625,83337.68359375
766.1103744506836,2,2816.4,9699.02734375,83337.68359375
767.1190571784973,2,3219.8,10469.44921875,83337.68359375
768.1266286373138,2,2412.3,9454.25,83337.68359375
769.1473670005798,2,1845.2,13995.19140625,83341.68359375
770.1553268432617,2,101.3,17686.26953125,83341.68359375
771.1626534461975,2,1966.4,19944.26171875,83341.68359375
772.2011177539825,2,229.7,21293.8671875,83341.68359375
773.2087264060974,2,100.2,25012.6875,83341.68359375
774.2171638011932,2,103.2,28701.359375,83341.68359375
775.2246344089508,2,104.3,32337.6796875,83341.68359375
776.2315058708191,2,106.1,34206.7890625,83341.68359375
777.2396793365479,2,106.3,34001.140625,83341.68359375
778.2466366291046,2,105.3,33782.078125,83341.68359375
779.2535448074341,2,105.2,33528.21875,83341.68359375
780.260796546936,2,991.3,33352.6640625,83341.68359375
781.2665729522705,2,1219.2,33334.10546875,83341.68359375
782.274706363678,2,1128.7,34834.09375,83341.68359375
783.2828600406647,2,957.1,33424.11328125,83341.68359375
784.2911431789398,2,1591.6,36326.7578125,83341.68359375
785.2986190319061,2,939.7,34210.59765625,83341.68359375
786.3135843276978,2,818.2,34921.921875,83341.68359375
787.3206233978271,2,533.2,38494.0078125,83341.68359375
788.339127779007,2,2613.0,40770.57421875,83341.68359375
789.3466198444366,2,1185.7,36835.2265625,83341.68359375
790.3648550510406,2,1121.0,35779.359375,83341.68359375
791.3742949962616,2,880.1,34101.0703125,83341.68359375
792.384450674057,2,158.8,36635.3203125,83341.68359375
793.3918702602386,2,102.2,39375.42578125,83341.68359375
794.3993875980377,2,845.0,43641.4296875,83341.68359375
795.4116258621216,2,4760.3,46256.046875,83449.68359375
796.4349844455719,2,223.4,48574.4609375,83449.68359375
797.4426548480988,2,375.1,41138.30078125,83449.68359375
798.4876375198364,2,2524.2,40144.5390625,83449.68359375
799.512452840805,2,250.0,38014.37890625,83449.68359375
800.5204956531525,2,1391.5,36296.3203125,83449.68359375
801.5309579372406,2,1356.4,34393.68359375,83449.68359375
802.5416235923767,2,2046.3,17731.171875,83449.68359375
803.5652952194214,2,4774.6,17461.7109375,83449.68359375
804.584627866745,2,4754.0,18982.52734375,83449.68359375
805.5977649688721,2,2377.2,19049.34375,83449.68359375
806.6051204204559,2,1902.1,18414.7265625,83449.68359375
807.6146292686462,2,2728.3,9978.90234375,83449.68359375
808.6346211433411,2,2427.7,11236.2734375,83449.68359375
809.6535737514496,2,1894.4,9714.22265625,83449.68359375
810.661764383316,2,1694.4,9384.8828125,83449.68359375
811.6697788238525,2,1203.2,9699.09375,83449.68359375
812.677098274231,2,1326.5,3251.4921875,83961.69140625
813.684618473053,2,1123.6,4462.0859375,83449.68359375
814.7026822566986,2,1240.9,4055.01171875,83449.68359375
815.7095003128052,2,1230.3,3757.91796875,83449.68359375
816.7164976596832,2,3933.4,5596.17578125,83449.68359375
817.7245705127716,2,1285.6,10264.484375,83449.68359375
818.7302401065826,2,3350.3,10325.96484375,83449.68359375
819.7386200428009,2,2858.2,11227.875,83449.68359375
820.7535393238068,2,2472.9,10275.21484375,83449.68359375
821.7600736618042,2,3364.7,13520.7578125,83497.68359375
822.7681827545166,2,99.3,17206.50390625,83497.68359375
823.7751307487488,2,100.3,20924.86328125,83497.68359375
824.7823884487152,2,2864.1,19912.53125,83497.68359375
825.7896738052368,2,99.2,23637.1484375,83497.68359375
826.797979593277,2,103.2,27294.51953125,83497.68359375
827.8056662082672,2,104.3,30878.19140625,83497.68359375
828.8125534057617,2,106.3,34406.3515625,83497.68359375
829.8193345069885,2,105.3,34952.22265625,83497.68359375
830.826188325882,2,108.3,34659.00390625,83497.68359375
831.8328628540039,2,105.3,34375.20703125,83497.68359375
832.8397977352142,2,103.3,34131.40234375,83497.68359375
833.8465921878815,2,1269.3,34188.77734375,83497.68359375
834.8542201519012,2,1064.6,34421.359375,83497.68359375
835.8621332645416,2,1410.9,34047.0546875,83497.68359375
836.8735604286194,2,1062.8,36434.9921875,83497.68359375
837.893568277359,2,1423.6,35845.04296875,83497.68359375
838.9015033245087,2,891.4,34738.7265625,83497.68359375
839.9100868701935,2,102.2,36324.08984375,83497.68359375
840.9186279773712,2,1752.5,39153.1484375,83497.68359375
841.9383518695831,2,1187.4,42224.765625,83497.68359375
842.9455337524414,2,1458.8,38265.64453125,83497.68359375
843.9539020061493,2,1136.2,35815.1796875,83497.68359375
844.961677312851,2,534.7,36636.86328125,83497.68359375
845.9696877002716,2,103.2,39288.76171875,83497.68359375
846.9770786762238,2,104.3,41992.0859375,83497.68359375
847.9846296310425,2,3923.5,44338.3515625,83497.68359375
849.004359960556,2,1707.2,48672.1328125,83517.68359375
850.0111899375916,2,104.3,49293.48046875,83517.68359375
851.0186340808868,2,1242.1,40631.25,83517.68359375
852.0400156974792,2,1523.8,42365.44921875,83517.68359375
853.0476350784302,2,1500.4,38482.4921875,83517.68359375
854.0553126335144,2,1104.8,35961.06640625,83517.68359375
855.0627293586731,2,882.8,18651.1953125,83517.68359375
856.0746264457703,2,4761.8,18307.66796875,83517.68359375
857.0978846549988,2,4777.5,18074.6328125,83517.68359375
858.1206240653992,2,2714.5,20243.421875,83517.68359375
859.1388697624207,2,2609.2,19425.6328125,83517.68359375
860.1719150543213,2,1926.6,15976.25390625,83517.68359375
861.1797304153442,2,3118.5,10976.1015625,83517.68359375
862.1879432201385,2,2567.8,12183.03125,83517.68359375
863.2009279727936,2,1377.9,10880.92578125,83517.68359375
864.2088694572449,2,1475.0,10144.60546875,83517.68359375
865.2156915664673,2,1507.6,9788.05078125,83517.68359375
866.2225744724274,2,1005.0,3183.59375,83517.68359375
867.2304534912109,2,982.4,5025.859375,83517.68359375
868.246621131897,2,1668.2,4607.53125,83517.68359375
869.2752089500427,2,513.4,4276.08203125,83517.68359375
870.2826299667358,2,2633.7,4047.08203125,83517.68359375
871.3386526107788,2,3760.2,6481.39453125,83517.68359375
872.3471846580505,2,1561.5,11815.37890625,83517.68359375
873.3558497428894,2,2679.0,12276.90234375,83517.68359375
874.3636221885681,2,3231.0,13075.19921875,83517.68359375
875.3818402290344,2,2241.1,11361.06640625,83517.68359375
876.3894681930542,2,4304.9,16155.26171875,84517.68359375
877.3971683979034,2,100.2,19853.19140625,84517.68359375
878.404997587204,2,100.2,23578.828125,84517.68359375
879.4127395153046,2,2335.0,22499.33984375,84517.68359375
880.4208664894104,2,100.3,26224.50390625,84517.68359375
881.4281842708588,2,103.2,29866.00390625,84517.68359375
882.436084985733,2,106.3,33435.125,84517.68359375
883.443109035492,2,109.2,36932.0859375,84517.68359375
884.4499986171722,2,108.2,37431.49609375,84517.68359375
885.4573283195496,2,109.3,37061.76953125,84517.68359375
886.4641692638397,2,107.2,36740.4921875,84517.68359375
887.4716498851776,2,107.3,36328.7890625,84517.68359375
888.4785327911377,2,1402.3,36089.171875,84517.68359375
889.4905033111572,2,1100.7,35876.53515625,84517.68359375
890.4998726844788,2,894.6,36438.48828125,84517.68359375
891.5104215145111,2,964.2,35893.37109375,84517.68359375
892.5205290317535,2,1604.4,38572.28515625,84517.68359375
893.5314788818359,2,642.0,37049.26171875,84517.68359375
894.5533332824707,2,1132.4,35904.453125,84517.68359375
895.5635623931885,2,101.0,37431.75390625,84517.68359375
896.5736246109009,2,535.0,40645.46875,84517.68359375
897.5830407142639,2,2581.8,42837.06640625,84517.68359375
898.5906229019165,2,782.7,39074.12109375,84517.68359375
899.6112933158875,2,1608.0,37896.16015625,84517.68359375
900.6193771362305,2,924.0,36854.23046875,84517.68359375
901.6269207000732,2,103.1,39476.41015625,84517.68359375
902.6354479789734,2,103.2,42165.0078125,84517.68359375
903.6436197757721,2,1721.2,45904.75390625,84517.68359375
904.6633129119873,2,4021.3,49487.453125,84517.68359375
905.6709201335907,2,101.2,51230.62890625,84517.68359375
906.6790859699249,2,245.0,43730.25,84517.68359375
907.6871206760406,2,2554.5,42674.859375,84517.68359375
908.6951425075531,2,247.0,40509.4765625,84517.68359375
909.703230381012,2,1408.9,38211.265625,84517.68359375
910.7147381305695,2,1451.2,35908.8359375,84517.68359375
911.7226281166077,2,2342.6,20094.79296875,84517.68359375
912.7449295520782,2,4771.9,19804.8203125,84517.68359375
913.766622543335,2,4766.0,19529.2265625,84517.68359375
914.7869184017181,2,4717.7,22081.04296875,84517.68359375
915.7953188419342,2,2644.6,21963.7578125,84517.68359375
916.8052232265472,2,1698.3,21394.3828125,84517.68359375
917.8126490116119,2,2064.8,17720.25,84517.68359375
918.8204882144928,2,3767.8,12527.4375,84517.68359375
919.8296344280243,2,2182.9,14144.24609375,84517.68359375
920.8497717380524,2,2183.3,12028.99609375,84517.68359375
921.8568751811981,2,1676.4,11937.03515625,84517.68359375
922.8638858795166,2,1127.3,11886.82421875,84517.68359375
923.8716270923615,2,1850.3,6048.88671875,84517.68359375
924.8789913654327,2,102.2,4271.12109375,84517.68359375
925.8870210647583,2,2219.2,5010.52734375,84517.68359375
926.8945634365082,2,549.1,4045.55078125,85029.71484375
927.9026181697845,2,2447.6,3829.18359375,84517.68359375
928.9575641155243,2,3112.5,6590.84765625,84517.68359375
929.9656286239624,2,1993.3,14506.56640625,84517.68359375
930.9866302013397,2,3326.3,11773.875,84517.68359375
932.002938747406,2,2769.1,12644.7421875,84517.68359375
933.0238316059113,2,2682.9,11998.515625,84517.68359375
934.0336275100708,2,4020.6,14916.62109375,84693.68359375
935.0544173717499,2,412.9,18831.09375,84797.68359375
936.0619339942932,2,99.3,22539.37890625,84797.68359375
937.0693879127502,2,2928.0,22271.140625,84797.68359375
938.0762465000153,2,106.2,24470.0625,84797.68359375
939.0834906101227,2,102.2,28126.890625,84797.68359375
940.0912544727325,2,105.2,31745.625,84797.68359375
941.0988490581512,2,108.2,35221.51953125,84797.68359375
942.1062140464783,2,108.3,36681.328125,84797.68359375
943.1124181747437,2,108.3,36283.69921875,84797.68359375
944.11927485466,2,109.3,35918.15234375,84797.68359375
945.125969171524,2,106.3,35567.2578125,84797.68359375
946.1326262950897,2,995.0,35354.375,84797.68359375
947.141804933548,2,1158.7,35627.75,84797.68359375
948.1498322486877,2,1132.2,36676.07421875,84797.68359375
949.1576457023621,2,965.9,35366.1640625,84797.68359375
950.1666226387024,2,396.4,37429.57421875,84797.68359375
951.1852414608002,2,1876.5,36700.25,84797.68359375
952.1979520320892,2,1017.8,35658.5078125,84797.68359375
953.2070181369781,2,102.0,37240.93359375,84797.68359375
954.2166271209717,2,496.4,40304.56640625,84797.68359375
955.2358641624451,2,2486.6,42742.26171875,84797.68359375
956.2436318397522,2,1346.5,38754.734375,84797.68359375
957.263346195221,2,929.2,37946.4140625,84797.68359375
958.2706859111786,2,883.9,36648.85546875,84797.68359375
959.2797768115997,2,104.1,38083.4140625,84797.68359375
960.28852891922,2,103.3,40655.734375,84797.68359375
961.2955167293549,2,105.2,43379.828125,84797.68359375
962.3034930229187,2,4529.4,45366.87109375,84797.68359375
963.3242704868317,2,1182.4,50202.9609375,84797.68359375
964.3314573764801,2,103.1,47727.2265625,84797.68359375
965.3406302928925,2,1665.7,41910.375,84797.68359375
966.360360622406,2,1151.7,43775.58203125,84797.68359375
967.369238615036,2,1440.0,39868.30859375,84797.68359375
968.376856803894,2,1116.1,37172.90625,84797.68359375
969.3838844299316,2,1086.5,19767.109375,84797.68359375
970.395622253418,2,4763.7,19453.97265625,84797.68359375
971.4186193943024,2,4769.0,19143.4609375,84797.68359375
972.4416258335114,2,4761.0,18944.4921875,84797.68359375
973.4613976478577,2,2257.7,21437.4296875,84797.68359375
974.4716234207153,2,2201.1,20929.95703125,84797.68359375
975.4826290607452,2,2216.5,20467.4453125,84797.68359375
976.4916279315948,2,3124.5,12027.19140625,84797.68359375
977.5112240314484,2,2151.8,13008.6328125,84797.68359375
978.5201034545898,2,2938.4,11510.43359375,84797.68359375
979.5276234149933,2,1338.7,12340.984375,84797.68359375
980.5466935634613,2,1145.2,11254.234375,84797.68359375
981.5537655353546,2,2045.7,9765.47265625,84797.68359375
982.5607249736786,2,230.4,4013.7578125,84797.68359375
983.5676290988922,2,2109.9,4653.84765625,84797.68359375
984.5761742591858,2,1018.8,3463.0390625,84797.68359375
985.5832731723785,2,2763.4,5268.734375,84797.68359375
986.5916318893433,2,1954.4,8117.83203125,84797.68359375
987.6116228103638,2,2755.8,8957.3984375,84797.68359375
988.6296904087067,2,2414.5,8023.4765625,84797.68359375
989.6364231109619,2,2063.2,11397.890625,84797.68359375
990.6435401439667,2,1860.5,13622.08203125,84797.68359375
991.6510269641876,2,537.7,15569.12109375,84797.68359375
992.6587460041046,2,101.2,19199.98046875,84797.68359375
993.6666355133057,2,103.2,20707.94921875,84797.68359375
994.6741898059845,2,104.2,20593.234375,84797.68359375
995.68230676651,2,949.1,20629.87109375,84797.68359375
996.6919455528259,2,1319.9,20182.71875,84797.68359375
997.697919845581,2,1141.1,20881.8671875,84797.68359375
998.7048528194427,2,544.7,21732.6796875,84797.68359375
999.7126560211182,2,1539.4,22038.83203125,84797.68359375
1000.7208242416382,2,1509.6,20317.4765625,84797.68359375
1001.7284228801727,2,101.2,23076.40234375,84797.68359375
1002.7366309165955,2,2791.4,26426.40234375,84797.68359375
1003.750137090683,2,102.3,24258.8359375,84797.68359375
1004.7574062347412,2,1417.7,24537.10546875,84797.68359375
1005.7653543949127,2,1309.0,21026.0859375,84797.68359375
1006.7716300487518,2,2749.8,12583.94921875,84797.68359375
1007.795914888382,2,4754.1,12675.3515625,84797.68359375
1008.8214678764343,2,2336.0,13309.34765625,84797.68359375
1009.8316249847412,2,2382.5,8735.5859375,84797.68359375
1010.8516247272491,2,2808.8,9683.11328125,84797.68359375
1011.8704347610474,2,1597.7,8774.92578125,84797.68359375
1012.8862681388855,2,1660.7,8346.2578125,84797.68359375
1013.8930971622467,2,1311.0,8374.3515625,84797.68359375
1014.899201631546,2,1077.7,3027.5,84797.68359375
1015.9076189994812,2,1909.1,4221.97265625,84797.68359375
1016.9226198196411,2,818.9,3545.9609375,84797.68359375
1017.9306180477142,2,2629.9,3483.33203125,84797.68359375
1018.962055683136,2,1325.7,8537.4296875,84797.68359375
1019.9705619812012,2,2973.1,10052.6953125,84797.68359375
1020.9946191310883,2,2733.1,10905.99609375,84797.68359375
1022.0097744464874,2,3049.8,10644.59375,84797.68359375
1023.0199911594391,2,3567.0,12369.0625,84805.68359375
1024.028074979782,2,99.3,16051.4765625,84805.68359375
1025.034809589386,2,100.2,19749.02734375,84805.68359375
1026.0428507328033,2,2704.6,19299.96484375,84805.68359375
1027.0500259399414,2,101.2,23013.60546875,84805.68359375
1028.0582094192505,2,102.2,26709.70703125,84805.68359375
1029.0658314228058,2,104.2,30310.7890625,84805.68359375
1030.073525428772,2,105.2,33840.7109375,84805.68359375
1031.0815522670746,2,106.2,34612.33203125,84805.68359375
1032.0891659259796,2,106.2,34365.3125,84805.68359375
1033.096434354782,2,107.2,34071.875,84805.68359375
1034.1037282943726,2,103.2,33861.87890625,84805.68359375
1035.1118292808533,2,1117.4,33854.8125,84805.68359375
1036.1230971813202,2,1181.7,34155.23828125,84805.68359375
1037.1318261623383,2,671.3,34419.2421875,84805.68359375
1038.1418235301971,2,1397.9,34409.9140625,84805.68359375
1039.1519141197205,2,681.0,34238.35546875,84805.68359375
1040.162814617157,2,1409.7,35974.4375,84805.68359375
1041.184293270111,2,530.7,35300.76953125,84805.68359375
1042.194631576538,2,1586.7,34200.546875,84805.68359375
1043.2083323001862,2,286.0,35231.0,84805.68359375
1044.2186760902405,2,103.0,37360.84375,84805.68359375
1045.2288012504578,2,3300.1,40481.5234375,84805.68359375
1046.2369315624237,2,177.5,38193.03125,84805.68359375
1047.2453184127808,2,1475.2,36452.5,84805.68359375
1048.2525720596313,2,1537.1,34626.6328125,84805.68359375
1049.2603528499603,2,112.1,37232.37890625,84805.68359375
1050.2680740356445,2,104.3,39997.8828125,84805.68359375
1051.275627374649,2,937.4,44231.41015625,84805.68359375
1052.2956235408783,2,4748.8,47375.06640625,84805.68359375
1053.3033974170685,2,101.3,49246.59765625,84805.68359375
1054.3104939460754,2,241.9,41754.0546875,84805.68359375
1055.3190813064575,2,2571.8,40672.81640625,84805.68359375
1056.3269383907318,2,230.3,38530.6171875,84805.68359375
1057.3341026306152,2,1402.2,36767.1796875,84805.68359375
1058.341741323471,2,1412.5,35013.73828125,84805.68359375
1059.348622083664,2,2211.2,18305.99609375,84805.68359375
1060.3686256408691,2,4773.6,17987.77734375,84805.68359375
1061.3896341323853,2,4772.3,18784.41015625,84805.68359375
1062.4139831066132,2,2305.1,19562.8125,84805.68359375
1063.4217195510864,2,1913.4,18877.63671875,84805.68359375
1064.4286317825317,2,2616.4,10483.83984375,84805.68359375
1065.4483366012573,2,2540.7,10891.8828125,84805.68359375
1066.45548081398,2,2522.1,10108.37890625,84805.68359375
1067.4634063243866,2,1436.1,10536.20703125,84805.68359375
1068.4744455814362,2,1216.4,9926.10546875,84805.68359375
1069.4831686019897,2,1712.4,5665.44921875,84805.68359375
1070.489619255066,2,861.8,4082.2109375,84805.68359375
1071.5046701431274,2,1516.4,4306.75,84805.68359375
1072.5129525661469,2,1150.1,3425.23046875,84805.68359375
1073.520646572113,2,2669.6,5631.1875,84805.68359375
1074.5296382904053,2,2272.0,8441.4375,84805.68359375
1075.5506224632263,2,2689.2,9330.63671875,84805.68359375
1076.568724155426,2,2485.7,8339.42578125,84805.68359375
1077.5758819580078,2,1951.4,11565.859375,84805.68359375
1078.5833280086517,2,1819.4,13824.421875,84805.68359375
1079.5919771194458,2,491.1,15535.375,84805.68359375
1080.5999405384064,2,100.2,19168.5390625,84805.68359375
1081.6077489852905,2,101.2,20707.5703125,84805.68359375
1082.6160471439362,2,102.2,20609.69921875,84805.68359375
1083.6233611106873,2,1104.9,20850.41015625,84805.68359375
1084.6307082176208,2,1147.0,20531.17578125,84805.68359375
1085.6385307312012,2,1167.7,20726.046875,84805.68359375
1086.646493434906,2,518.5,22230.8046875,84805.68359375
1087.6551067829132,2,1638.7,21809.99609375,84805.68359375
1088.664490699768,2,1396.4,20626.83984375,84805.68359375
1089.6728003025055,2,102.3,23373.35546875,84805.68359375
1090.6796534061432,2,2838.4,26746.4140625,84805.68359375
1091.6876556873322,2,229.4,24322.55078125,84805.68359375
1092.711410999298,2,1395.5,22769.59765625,84805.68359375
1093.7232508659363,2,1373.2,21311.6015625,84805.68359375
1094.7296273708344,2,2808.9,12808.37890625,84805.68359375
1095.7506365776062,2,4760.6,13150.20703125,84805.68359375
1096.7747485637665,2,2330.6,13463.2578125,84805.68359375
1097.7846219539642,2,2329.8,8989.67578125,84805.68359375
1098.803811788559,2,2780.1,9903.52734375,84805.68359375
1099.8097989559174,2,1605.8,8968.01953125,84805.68359375
1100.8176245689392,2,1822.1,8526.89453125,84805.68359375
1101.8326668739319,2,1423.5,8881.99609375,84805.68359375
1102.840719461441,2,1648.5,3160.74609375,85317.69140625
1103.8486182689667,2,1580.6,4333.04296875,84805.68359375
1104.8667075634003,2,980.9,3568.6328125,84805.68359375
1105.8736219406128,2,2099.8,3401.96875,84805.68359375
1106.9150807857513,2,1910.9,7751.703125,84805.68359375
1107.9249963760376,2,2647.4,8699.84375,84805.68359375
1108.9323654174805,2,3197.1,9498.91015625,84805.68359375
1109.9406249523163,2,2350.1,8778.16015625,84805.68359375
1110.9607481956482,2,1156.5,13017.28125,84809.68359375
1111.9680590629578,2,1734.7,13401.734375,84809.68359375
1112.97514128685,2,100.3,17065.1640625,84809.68359375
1113.9821043014526,2,102.1,20705.94140625,84809.68359375
1114.9906554222107,2,102.3,20802.7265625,84809.68359375
1115.9977338314056,2,104.2,20655.80859375,84809.68359375
1117.005090713501,2,1353.8,20787.5078125,84809.68359375
1118.0136301517487,2,1268.7,21560.18359375,84809.68359375
1119.0326478481293,2,1187.4,20530.70703125,84809.68359375
1120.0397889614105,2,1509.8,23302.8984375,84809.68359375
1121.0478086471558,2,798.4,21454.20703125,84809.68359375
1122.053570985794,2,840.6,21869.73046875,84809.68359375
1123.0616295337677,2,254.7,25140.6328125,84809.68359375
1124.0740566253662,2,2651.2,27773.5703125,84809.68359375
1125.0816233158112,2,955.5,23867.96484375,84809.68359375
1126.10155916214,2,1328.1,22852.98046875,84809.68359375
1127.1096966266632,2,889.6,14551.625,84809.68359375
1128.1156277656555,2,4298.0,12813.11328125,84809.68359375
1129.135944366455,2,4442.5,14222.21484375,84809.68359375
1130.1426358222961,2,2276.6,13760.0546875,84809.68359375
1131.1596224308014,2,2223.8,9174.1484375,84809.68359375
1132.1788356304169,2,2879.7,10225.74609375,84809.68359375
1133.1877036094666,2,1787.1,9050.5,84809.68359375
1134.1927120685577,2,1688.9,8757.625,84809.68359375
1135.2010741233826,2,1166.8,9050.62890625,84809.68359375
1136.2080943584442,2,1486.4,3356.73828125,85321.69140625
1137.2146186828613,2,1438.9,4447.17578125,84809.68359375
1138.230610370636,2,1125.3,3721.84375,84809.68359375
1139.242618560791,2,1833.5,3586.34375,84809.68359375
1140.2624657154083,2,1959.2,6595.50390625,84809.68359375
1141.2706227302551,2,2388.3,10114.45703125,84809.68359375
1142.2906239032745,2,2769.3,10980.25390625,84809.68359375
1143.3111107349396,2,3786.8,11464.375,84809.68359375
1144.3256313800812,2,3027.7,11252.88671875,84813.68359375
1145.3473980426788,2,982.6,15267.765625,84813.68359375
1146.3558399677277,2,99.2,18950.59765625,84813.68359375
1147.3635709285736,2,2154.6,19349.08203125,84813.68359375
1148.3706858158112,2,100.4,22767.57421875,84813.68359375
1149.376405954361,2,102.2,26485.08984375,84813.68359375
1150.3842737674713,2,103.2,30132.5859375,84813.68359375
1151.3917162418365,2,105.5,33711.11328125,84813.68359375
1152.396713733673,2,105.3,35009.7265625,84813.68359375
1153.4038166999817,2,107.3,34778.2265625,84813.68359375
1154.4106395244598,2,105.2,34500.796875,84813.68359375
1155.4181742668152,2,106.9,34205.9453125,84813.68359375
1156.4296391010284,2,1193.8,34321.76953125,84813.68359375
1157.4383056163788,2,1160.5,33875.4765625,84813.68359375
1158.4501867294312,2,936.4,35322.74609375,84813.68359375
1159.4602191448212,2,864.7,33717.3984375,84813.68359375
1160.4696226119995,2,1260.7,36092.2890625,84813.68359375
1161.4904127120972,2,1152.6,35553.609375,84813.68359375
1162.5011491775513,2,795.0,34093.31640625,84813.68359375
1163.513754606247,2,269.5,36397.5,84813.68359375
1164.5236234664917,2,2307.9,38853.125,84813.68359375
1165.544587135315,2,770.6,40727.98828125,84813.68359375
1166.5541639328003,2,1482.3,38242.0234375,84813.68359375
1167.5620319843292,2,1153.8,35071.05859375,84813.68359375
1168.5717792510986,2,536.2,36290.12109375,84813.68359375
1169.580808877945,2,104.0,38924.33203125,84813.68359375
1170.5905404090881,2,105.0,41595.48828125,84813.68359375
1171.6006286144257,2,3615.3,44124.484375,84813.68359375
1172.6223907470703,2,2075.2,48321.39453125,84813.68359375
1173.6304666996002,2,103.2,49854.0546875,84813.68359375
1174.638623714447,2,895.7,40571.953125,84813.68359375
1175.6576251983643,2,2045.9,42008.15625,84813.68359375
1176.6644444465637,2,1417.2,38073.078125,84813.68359375
1177.6720955371857,2,806.1,35931.73046875,84813.68359375
1178.6794543266296,2,863.3,18319.421875,84813.68359375
1179.6876273155212,2,4521.6,18128.48046875,84813.68359375
1180.7086219787598,2,4772.3,17819.5,84813.68359375
1181.740121603012,2,2939.8,19615.83984375,84813.68359375
1182.7493538856506,2,2505.3,19193.69921875,84813.68359375
1183.757110118866,2,1856.3,13721.3984375,84813.68359375
1184.76287150383,2,3189.2,10712.3359375,84813.68359375
1185.772004365921,2,2616.8,11820.890625,84813.68359375
1186.7812492847443,2,1335.9,10605.41796875,84813.68359375
1187.789451599121,2,1480.4,9898.66015625,84813.68359375
1188.7960135936737,2,1498.9,9545.515625,84813.68359375
1189.804060459137,2,600.6,3481.0546875,84813.68359375
1190.8129816055298,2,2312.3,4149.46484375,84813.68359375
1191.8198282718658,2,717.9,3661.92578125,84813.68359375
1192.8276398181915,2,2727.7,3938.68359375,84813.68359375
1193.8542296886444,2,1657.2,10832.21875,84813.68359375
1194.8607518672943,2,2114.4,9175.625,84813.68359375
1195.8686246871948,2,3260.2,9935.34765625,84813.68359375
1196.8869228363037,2,3143.6,10224.734375,84817.68359375
1197.903944015503,2,101.3,13787.38671875,84817.68359375
1198.9111652374268,2,1718.8,14367.76171875,84817.68359375
1199.9188430309296,2,100.2,18038.59765625,84817.68359375
1200.926341533661,2,102.3,21042.2109375,84817.68359375
1201.9335570335388,2,103.3,20922.37890625,84817.68359375
1202.940798997879,2,513.6,20821.53515625,84817.68359375
1203.9474649429321,2,1324.0,21429.1484375,84817.68359375
1204.9542870521545,2,1238.9,22038.0859375,84817.68359375
1205.961668729782,2,876.5,21112.1328125,84817.68359375
1206.969034910202,2,1475.7,23858.49609375,84817.68359375
1207.9759821891785,2,1113.6,21404.73828125,84817.68359375
1208.983550310135,2,531.8,22273.73046875,84817.68359375
1209.9915142059326,2,879.8,25509.109375,84817.68359375
1211.0123307704926,2,2054.5,28175.9609375,84817.68359375
1212.0193152427673,2,1462.0,24125.66015625,84817.68359375
1213.027518749237,2,773.4,23179.140625,84817.68359375
1214.0347378253937,2,897.0,13092.98046875,84817.68359375
1215.0446259975433,2,4751.7,12864.796875,84817.68359375
1216.0652649402618,2,4151.5,14234.34375,84817.68359375
1217.0746290683746,2,2330.5,13621.7734375,84817.68359375
1218.08363199234,2,2535.3,9098.046875,84817.68359375
1219.1036264896393,2,2735.7,10168.4140625,84817.68359375
1220.1236267089844,2,1665.9,9126.515625,84817.68359375
1221.1366233825684,2,1819.3,8706.5,84817.68359375
1222.143637418747,2,1273.7,8879.3671875,84817.68359375
1223.150886774063,2,1683.2,3294.4609375,85329.69140625
1224.1596195697784,2,1631.0,4418.03515625,84817.68359375
1225.1786892414093,2,880.7,3631.515625,84817.68359375
1226.1856236457825,2,1750.7,3434.8125,84817.68359375
1227.2478199005127,2,2012.1,7237.64453125,84817.68359375
1228.2555856704712,2,3121.3,8514.3359375,84817.68359375
1229.263619184494,2,2849.8,9458.83984375,84817.68359375
1230.2786326408386,2,2005.4,7772.9140625,84817.68359375
1231.2890055179596,2,1870.7,12453.2109375,84817.68359375
1232.2959928512573,2,2248.2,14355.5078125,84817.68359375
1233.3025722503662,2,111.1,16573.2109375,84817.68359375
1234.3104357719421,2,102.2,20178.94921875,84817.68359375
1235.31813621521,2,103.3,21328.0,84817.68359375
1236.325272321701,2,102.2,21235.390625,84817.68359375
1237.3329122066498,2,1137.0,21116.54296875,84817.68359375
1238.3408951759338,2,1144.1,21025.16015625,84817.68359375
1239.3477902412415,2,1317.1,20865.99609375,84817.68359375
1240.356879234314,2,552.8,22925.92578125,84817.68359375
1241.3666203022003,2,1822.7,21855.62890625,84817.68359375
1242.3856220245361,2,979.4,21014.21875,84817.68359375
1243.3933274745941,2,100.3,23796.62890625,84817.68359375
1244.4005417823792,2,2867.6,27072.81640625,84817.68359375
1245.4079909324646,2,209.8,24694.578125,84817.68359375
1246.4139280319214,2,1391.4,23013.87890625,84817.68359375
1247.4216203689575,2,1406.8,21323.1953125,84817.68359375
1248.444654226303,2,2911.7,12979.23828125,84817.68359375
1249.4654211997986,2,4777.1,12784.02734375,84817.68359375
1250.484275341034,2,2791.5,13881.04296875,84817.68359375
1251.491866827011,2,2369.1,13261.67578125,84817.68359375
1252.5003168582916,2,2849.9,9437.91796875,84817.68359375
1253.5083622932434,2,2305.3,8763.05859375,84817.68359375
1254.515205860138,2,1441.6,9284.4921875,84817.68359375
1255.5217249393463,2,1253.8,8669.3984375,84817.68359375
1256.5298869609833,2,1947.0,6720.3203125,84817.68359375
1257.5376217365265,2,707.2,3948.88671875,84817.68359375
1258.5524411201477,2,1720.6,4598.515625,84817.68359375
1259.5595710277557,2,1119.2,3356.82421875,84817.68359375
1260.564811706543,2,2495.9,5476.34375,84817.68359375
1261.5736286640167,2,2612.9,8021.4296875,84817.68359375
1262.5886220932007,2,2796.6,8884.125,84817.68359375
1263.6076278686523,2,2148.6,7354.6796875,84817.68359375
1264.627254486084,2,1484.5,11866.84765625,84817.68359375
1265.63494181633,2,1651.1,12755.7265625,84817.68359375
1266.642694234848,2,100.4,16358.28515625,84817.68359375
1267.6491289138794,2,101.3,20022.72265625,84817.68359375
1268.6561319828033,2,102.3,20383.1328125,84817.68359375
1269.6628408432007,2,104.3,20244.3671875,84817.68359375
1270.6697330474854,2,1350.3,20237.05078125,84817.68359375
1271.676954984665,2,896.1,20892.3984375,84817.68359375
1272.6845908164978,2,1575.9,19932.0859375,84817.68359375
1273.6916365623474,2,1469.5,22757.9296875,84817.68359375
1274.7104814052582,2,782.5,21930.20703125,84817.68359375
1275.7174489498138,2,878.2,21097.125,84817.68359375
1276.7252414226532,2,101.3,23900.91796875,84817.68359375
1277.7323832511902,2,2822.3,27202.35546875,84817.68359375
1278.7406253814697,2,461.1,23566.70703125,84817.68359375
1279.7597999572754,2,1746.4,22258.41015625,84817.68359375
1280.7675223350525,2,882.2,16289.8359375,84817.68359375
1281.7756297588348,2,3951.2,12480.51953125,84817.68359375
1282.7959473133087,2,3786.5,13600.40234375,84817.68359375
1283.8046972751617,2,2501.7,13149.953125,84817.68359375
1284.813630104065,2,3101.2,8951.9375,84817.68359375
1285.8302235603333,2,1937.7,9620.8515625,84817.68359375
1286.8386216163635,2,1479.0,9163.484375,84817.68359375
1287.8590064048767,2,1430.7,8231.56640625,84817.68359375
1288.8655183315277,2,1651.8,8085.5,84817.68359375
1289.872294664383,2,597.9,3961.12890625,84817.68359375
1290.8775570392609,2,2211.4,4571.75390625,84817.68359375
1291.8854825496674,2,936.5,3422.40234375,84817.68359375
1292.8924946784973,2,2592.1,5280.60546875,84817.68359375
1293.9005312919617,2,1617.7,8578.73046875,84817.68359375
1294.9206218719482,2,2755.4,9406.0078125,84817.68359375
1295.9389753341675,2,2930.4,8701.97265625,84817.68359375
1296.94664144516,2,2743.4,11016.1328125,84817.68359375
1297.954433441162,2,574.6,14304.109375,84817.68359375
1298.9671528339386,2,1866.0,14831.7578125,84817.68359375
1299.97505402565,2,99.2,18518.81640625,84817.68359375
1300.9831540584564,2,101.2,21182.08984375,84817.68359375
1301.9908151626587,2,103.2,21074.5078125,84817.68359375
1302.9986605644226,2,670.9,20906.10546875,84817.68359375
1304.0066225528717,2,1276.2,20959.75,84817.68359375
1305.025064945221,2,1098.5,22078.48046875,84817.68359375
1306.0327277183533,2,872.4,21453.12890625,84817.68359375
1307.0402562618256,2,1492.8,24072.42578125,84817.68359375
1308.0486216545105,2,1289.6,20945.31640625,84817.68359375
1309.0580656528473,2,347.5,22608.6796875,84817.68359375
1310.0656173229218,2,1551.0,25503.46875,84817.68359375
1311.0846240520477,2,1754.2,28235.29296875,84817.68359375
1312.0913195610046,2,1459.0,24159.43359375,84817.68359375
1313.0995438098907,2,803.5,22149.9453125,84817.68359375
1314.1075575351715,2,1232.5,13016.63671875,84817.68359375
1315.1293814182281,2,4747.2,12794.44140625,84817.68359375
1316.1507489681244,2,3770.6,14170.10546875,84817.68359375
1317.1582531929016,2,2374.8,13571.84375,84817.68359375
1318.1656286716461,2,2626.6,9035.05078125,84817.68359375
1319.1854557991028,2,2674.9,10107.8046875,84817.68359375
1320.2056262493134,2,1683.9,9113.09375,84817.68359375
1321.2146022319794,2,1613.9,8693.52734375,84817.68359375
1322.2214658260345,2,1346.8,8688.61328125,84817.68359375
1323.2298352718353,2,1028.8,3151.76953125,84817.68359375
1324.2367796897888,2,2251.6,3893.72265625,84817.68359375
1325.2431905269623,2,315.9,4107.6875,84817.68359375
1326.2506184577942,2,2050.1,3752.71875,84817.68359375
1327.2777500152588,2,1450.7,8775.484375,84817.68359375
1328.287629365921,2,2899.4,10504.9609375,84817.68359375
1329.307621717453,2,2765.0,11344.10546875,84817.68359375
1330.3258652687073,2,3449.0,10855.5546875,84817.68359375
1331.3339183330536,2,2459.8,11791.4140625,84817.68359375
1332.3416423797607,2,326.5,15265.61328125,84817.68359375
1333.3551795482635,2,1435.2,16661.8984375,84817.68359375
1334.3626382350922,2,101.2,20347.3046875,84817.68359375
1335.3700761795044,2,101.3,22481.4375,84817.68359375
1336.3766441345215,2,103.2,22404.14453125,84817.68359375
1337.3841812610626,2,856.9,22234.09375,84817.68359375
1338.3908190727234,2,1245.6,22236.8515625,84817.68359375
1339.3977081775665,2,1270.2,22696.265625,84817.68359375
1340.4053869247437,2,532.2,23535.4375,84817.68359375
1341.412436723709,2,1534.7,23900.453125,84817.68359375
1342.420396566391,2,1437.1,22262.14453125,84817.68359375
1343.4266519546509,2,166.8,24792.03125,84817.68359375
1344.4346277713776,2,2518.1,27085.4765625,84817.68359375
1345.4530055522919,2,404.7,27678.87109375,84817.68359375
1346.4609372615814,2,1424.4,26392.6015625,84817.68359375
1347.4690628051758,2,1295.9,23167.48828125,84817.68359375
1348.4776329994202,2,2530.0,14498.27734375,84817.68359375
1349.5096271038055,2,4766.1,14267.02734375,84817.68359375
1350.5300374031067,2,3242.3,15705.66015625,84817.68359375
1351.5381860733032,2,2137.4,14799.35546875,84817.68359375
1352.5456323623657,2,3458.1,10405.90234375,84817.68359375
1353.56906747818,2,2309.8,11921.91796875,84817.68359375
1354.5808973312378,2,1801.2,10360.00390625,84817.68359375
1355.588877439499,2,1686.9,10105.40625,84817.68359375
1356.5960295200348,2,1217.6,10499.55078125,84817.68359375
1357.6045219898224,2,2054.2,4286.609375,84817.68359375
1358.6117317676544,2,1364.8,3972.7265625,84817.68359375
1359.6192026138306,2,1197.6,4320.07421875,84817.68359375
1360.6286215782166,2,1747.3,3866.09765625,84817.68359375
1361.6749560832977,2,1618.2,7470.25390625,84817.68359375
1362.68221783638,2,2208.6,11683.265625,84817.68359375
1363.6947457790375,2,3246.8,12282.50390625,84817.68359375
1364.70174741745,2,4257.7,12548.16015625,84817.68359375
1365.709623336792,2,2057.9,10864.2890625,84817.68359375
1366.7296731472015,2,1289.4,15060.921875,84817.68359375
1367.737847328186,2,1641.9,15927.65234375,84817.68359375
1368.7458124160767,2,100.3,19601.4296875,84817.68359375
1369.752901315689,2,100.3,23295.55078125,84817.68359375
1370.760097026825,2,102.2,23356.02734375,84817.68359375
1371.7678797245026,2,137.6,23252.70703125,84817.68359375
1372.7780466079712,2,1334.1,23476.23828125,84817.68359375
1373.7853863239288,2,1292.6,24164.0546875,84817.68359375
1374.79581284523,2,1147.3,23148.1015625,84817.68359375
1375.80335855484,2,1496.0,25909.4609375,84817.68359375
1376.811401128769,2,787.8,23874.19140625,84817.68359375
1377.819266319275,2,843.6,24441.4375,84817.68359375
1378.8276324272156,2,373.9,28075.2265625,84817.68359375
1379.837744474411,2,2558.3,30379.4375,84817.68359375
1380.8466324806213,2,1154.0,26414.9609375,84817.68359375
1381.8666775226593,2,1018.5,25554.33984375,84817.68359375
1382.8749554157257,2,879.9,15581.5,84817.68359375
1383.8846325874329,2,4333.9,15408.44140625,84817.68359375
1384.9089760780334,2,4772.8,15193.3359375,84817.68359375
1385.9290745258331,2,2874.9,16902.40625,84817.68359375
1386.9352912902832,2,2101.3,15905.828125,84817.68359375
1387.9436316490173,2,3497.3,11551.6015625,84817.68359375
1388.9639489650726,2,2200.3,12514.27734375,84817.68359375
1389.9734709262848,2,2877.9,11048.55078125,84817.68359375
1390.982197523117,2,1434.0,11565.109375,84817.68359375
1391.9898364543915,2,1217.0,11019.8046875,84817.68359375
1392.9980638027191,2,1905.7,9136.51171875,84817.68359375
1394.0066192150116,2,1069.2,3538.09765625,84817.68359375
1395.0213675498962,2,1489.7,4121.9453125,84817.68359375
1396.0282304286957,2,1798.6,4114.3203125,84817.68359375
1397.0346810817719,2,1443.9,8687.43359375,84817.68359375
1398.042629480362,2,3215.2,10061.64453125,84817.68359375
1399.065621137619,2,2786.1,10881.00390625,84817.68359375
1400.0838611125946,2,2117.9,8844.52734375,84817.68359375
1401.104201078415,2,1005.1,12940.94921875,84817.68359375
1402.112978219986,2,1326.1,14587.9453125,84817.68359375
1403.120435476303,2,100.2,18277.76953125,84817.68359375
1404.1282756328583,2,99.3,21553.94140625,84817.68359375
1405.1355319023132,2,102.2,21487.1796875,84817.68359375
1406.1432802677155,2,460.2,21470.85546875,84817.68359375
1407.1494269371033,2,1344.5,22248.89453125,84817.68359375
1408.1572005748749,2,1249.6,23052.515625,84817.68359375
1409.1647174358368,2,877.0,22191.43359375,84817.68359375
1410.1726467609406,2,1467.9,25071.1171875,84817.68359375
1411.1801974773407,2,1115.5,22594.43359375,84817.68359375
1412.1878807544708,2,537.9,23649.61328125,84817.68359375
1413.1956317424774,2,1214.7,26772.88671875,84817.68359375
1414.2154545783997,2,1691.6,29449.44140625,84817.68359375
1415.22269821167,2,1424.5,25431.75,84817.68359375
1416.2316210269928,2,1090.4,23084.05859375,84817.68359375
1417.2486321926117,2,1545.9,14154.0703125,84817.68359375
1418.2746300697327,2,4762.8,13924.15625,84817.68359375
1419.2947030067444,2,2621.0,15048.63671875,84817.68359375
1420.302278995514,2,2452.5,13211.8046875,84817.68359375
1421.3106243610382,2,3262.6,10363.91015625,84817.68359375
1422.3287184238434,2,2461.0,11268.6640625,84817.68359375
1423.3376224040985,2,1460.8,10543.80859375,84817.68359375
1424.3560078144073,2,1544.9,9636.75,84817.68359375
1425.3625371456146,2,1577.5,9502.203125,84817.68359375
1426.3726205825806,2,891.9,3403.8046875,84817.68359375
1427.3875670433044,2,2074.8,4103.625,84817.68359375
1428.3958013057709,2,1882.9,4512.56640625,84817.68359375
1429.4036331176758,2,1157.1,7536.89453125,84817.68359375
1430.4196214675903,2,2915.2,8306.39453125,84817.68359375
1431.4376211166382,2,2204.0,7031.671875,84817.68359375
1432.4573562145233,2,1795.0,9528.33984375,84817.68359375
1433.4644734859467,2,105.2,12729.5234375,84817.68359375
1434.471840620041,2,100.3,13210.08984375,84817.68359375
1435.4790637493134,2,1354.3,13365.91796875,84817.68359375
1436.4862644672394,2,894.1,14185.65625,84817.68359375
1437.4959189891815,2,1522.8,13296.09765625,84817.68359375
1438.5036330223083,2,1303.7,15752.0078125,84817.68359375
1439.5236489772797,2,953.2,15240.37890625,84817.68359375
1440.5316245555878,2,1447.7,9486.33203125,84817.68359375
1441.5529396533966,2,4745.7,10162.1796875,84817.68359375
1442.5690569877625,2,2317.9,10034.83984375,84817.68359375
1443.576372385025,2,3102.9,8091.1796875,84817.68359375
1444.5854568481445,2,1923.8,7775.609375,84817.68359375
1445.5936224460602,2,1471.5,8367.73828125,84817.68359375
1446.609631061554,2,1181.4,7819.7421875,84817.68359375
1447.618468761444,2,1581.4,3253.609375,84817.68359375
1448.6266195774078,2,1751.3,4161.48828125,84817.68359375
1449.641676902771,2,824.9,3974.60546875,84817.68359375
1450.649631023407,2,2550.2,5273.5859375,84817.68359375
1451.6757018566132,2,1368.6,10246.8515625,84817.68359375
1452.6876347064972,2,3297.5,10291.6640625,84817.68359375
1453.709618806839,2,2753.3,11162.6328125,84817.68359375
1454.7278378009796,2,2525.3,10290.83203125,84817.68359375
1455.738398551941,2,1623.0,12329.69140625,84817.68359375
1456.7463846206665,2,1401.2,13758.36328125,84817.68359375
1457.7533645629883,2,100.2,17403.70703125,84817.68359375
1458.761560678482,2,101.2,21138.08984375,84817.68359375
1459.769067287445,2,100.2,21600.75,84817.68359375
1460.776555776596,2,102.2,21505.328125,84817.68359375
1461.7848551273346,2,1349.6,21629.1171875,84817.68359375
1462.7926561832428,2,932.2,22650.80078125,84817.68359375
1463.8031175136566,2,1525.1,21740.75390625,84817.68359375
1464.810168504715,2,1483.7,24718.50390625,84817.68359375
1465.8191378116608,2,802.3,22912.10546875,84817.68359375
1466.827553987503,2,854.7,23320.8828125,84817.68359375
1467.835631608963,2,361.5,27067.96484375,84817.68359375
1468.853022813797,2,2550.6,29337.8046875,84817.68359375
1469.8616297245026,2,1244.7,25300.609375,84817.68359375
1470.8813314437866,2,1019.0,24398.84375,84817.68359375
1471.8906252384186,2,1125.3,14384.21875,84817.68359375
1472.9106311798096,2,4757.9,14173.33984375,84817.68359375
1473.935173034668,2,3526.2,15259.15234375,84817.68359375
1474.9420363903046,2,2178.5,14503.12109375,84817.68359375
1475.951043844223,2,3392.6,10322.19921875,84817.68359375
1476.958792924881,2,2400.7,11650.6875,84817.68359375
1477.971111536026,2,1571.1,10411.82421875,84817.68359375
1478.9786205291748,2,2157.7,9953.56640625,84817.68359375
1479.992621421814,2,1298.7,10284.25390625,84817.68359375
1481.0039446353912,2,1257.2,3274.484375,85329.69140625
1482.011619091034,2,2055.0,3797.8828125,84817.68359375
1483.026531457901,2,603.6,3418.1328125,84817.68359375
1484.034635066986,2,3027.3,6302.50390625,84817.68359375
1485.0608723163605,2,589.9,10875.85546875,84817.68359375
1486.0696280002594,2,2844.7,13516.89453125,84817.68359375
1487.090595960617,2,2747.2,14405.23046875,84817.68359375
1488.1101038455963,2,4761.6,14387.17578125,84817.68359375
1489.1186232566833,2,1949.8,12125.6484375,84817.68359375
1490.1382298469543,2,768.2,15997.71875,84817.68359375
1491.1456866264343,2,1378.4,17555.75390625,84817.68359375
1492.1534004211426,2,101.3,21251.06640625,84817.68359375
1493.1602201461792,2,99.3,24352.609375,84817.68359375
1494.1673233509064,2,101.2,24300.6015625,84817.68359375
1495.175532579422,2,567.9,24283.37109375,84817.68359375
1496.1810700893402,2,1232.9,24590.98046875,84817.68359375
1497.1884772777557,2,1235.2,25947.56640625,84817.68359375
1498.1956131458282,2,866.2,25245.66796875,84817.68359375
1499.20232796669,2,1488.2,28067.80859375,84817.68359375
1500.209624528885,2,1263.2,25015.6953125,84817.68359375
1501.2260720729828,2,373.1,26753.19140625,84817.68359375
1502.2346289157867,2,1779.5,29553.84765625,84817.68359375
1503.2542793750763,2,1116.7,32702.21484375,84817.68359375
1504.261649608612,2,1451.5,28755.35546875,84817.68359375
1505.2689127922058,2,1114.9,25787.5078125,84817.68359375
1506.2766389846802,2,2387.6,17110.86328125,84817.68359375
1507.3036317825317,2,4763.2,16875.15625,84817.68359375
1508.3278312683105,2,2917.6,18397.79296875,84817.68359375
1509.3488874435425,2,2468.9,17606.25390625,84817.68359375
1510.3549110889435,2,2228.2,12854.625,84817.68359375
1511.36479139328,2,4146.3,12965.07421875,84817.68359375
1512.3723483085632,2,2292.1,14731.00390625,84817.68359375
1513.3832895755768,2,2865.3,12306.40234375,84817.68359375
1514.3916187286377,2,1469.9,12981.56640625,84817.68359375
1515.4099552631378,2,1206.0,12431.40234375,84817.68359375
1516.4266197681427,2,2482.8,11816.328125,84817.68359375
1517.4451661109924,2,446.8,3462.94921875,84817.68359375
1518.4522454738617,2,2291.6,3628.8984375,84817.68359375
1519.4606201648712,2,823.6,4575.6640625,84817.68359375
1520.4742710590363,2,2778.8,7643.87109375,84817.68359375
1521.48220205307,2,1760.4,13066.01171875,84845.68359375
1522.4916336536407,2,3087.6,13717.29296875,84845.68359375
1523.5186185836792,2,2739.1,14609.734375,84845.68359375
1524.5367612838745,2,3709.6,14741.15234375,84845.68359375
1525.5438210964203,2,2120.3,13839.046875,84845.68359375
1526.5526390075684,2,249.2,17353.25390625,84845.68359375
1527.5632548332214,2,1264.7,19189.8828125,84845.68359375
1528.570501089096,2,100.1,22893.2578125,84845.68359375
1529.5792903900146,2,100.2,24807.70703125,84845.68359375
1530.5869183540344,2,102.2,24755.4453125,84845.68359375
1531.5949444770813,2,918.5,24788.66015625,84845.68359375
1532.6040811538696,2,1280.0,24628.90625,84845.68359375
1533.6109323501587,2,1177.7,25364.66015625,84845.68359375
1534.618800163269,2,532.0,26300.91796875,84845.68359375
1535.6264107227325,2,1522.8,26363.11328125,84845.68359375
1536.6350889205933,2,1492.6,24855.2734375,84845.68359375
1537.6420397758484,2,102.1,27561.9921875,84845.68359375
1538.6506264209747,2,2824.1,30956.73828125,84845.68359375
1539.667922258377,2,146.2,28702.34375,84845.68359375
1540.6800570487976,2,1428.0,28344.078125,84845.68359375
1541.6876232624054,2,1296.7,25616.24609375,84845.68359375
1542.6946425437927,2,2874.6,17206.7890625,84845.68359375
1543.721628665924,2,4764.5,16925.70703125,84845.68359375
1544.7426283359528,2,3090.0,18584.171875,84845.68359375
1545.762891292572,2,2091.2,17837.32421875,84845.68359375
1546.7716233730316,2,2654.5,13049.671875,84845.68359375
1547.790786266327,2,3912.5,13237.78125,84845.68359375
1548.7996361255646,2,2521.6,14973.828125,84845.68359375
1549.8194589614868,2,2910.0,12569.75390625,84845.68359375
1550.8276245594025,2,1508.5,13115.52734375,84845.68359375
1551.8452241420746,2,1075.2,12675.51171875,84845.68359375
1552.8523972034454,2,1774.3,7481.6953125,84845.68359375
1553.8596246242523,2,1309.9,3369.4375,84845.68359375
1554.8680534362793,2,1261.0,4026.8046875,84845.68359375
1555.8766350746155,2,1843.2,4136.7578125,84845.68359375
1556.895623922348,2,1521.2,8682.4375,84845.68359375
1557.9146327972412,2,3231.9,10008.2734375,84845.68359375
1558.9374268054962,2,2802.7,10896.140625,84845.68359375
1559.9560101032257,2,2124.7,9202.2265625,84845.68359375
1560.9768826961517,2,767.3,13121.8125,84845.68359375
1561.9856405258179,2,1367.8,14906.64453125,84845.68359375
1562.9930894374847,2,101.2,18594.37890625,84845.68359375
1564.0009460449219,2,100.3,21687.6953125,84845.68359375
1565.0083236694336,2,101.2,21654.50390625,84845.68359375
1566.0160703659058,2,501.9,21615.0390625,84845.68359375
1567.02419090271,2,1315.8,22306.3125,84845.68359375
1568.0327525138855,2,1237.5,23140.88671875,84845.68359375
1569.0404133796692,2,871.9,22393.1328125,84845.68359375
1570.0474212169647,2,1485.2,25175.5390625,84845.68359375
1571.0546662807465,2,1176.5,22161.2265625,84845.68359375
1572.065320968628,2,462.6,23880.23828125,84845.68359375
1573.0726299285889,2,1724.5,26677.21484375,84845.68359375
1574.0945796966553,2,1176.7,29677.94140625,84845.68359375
1575.102257490158,2,1460.9,25654.703125,84845.68359375
1576.1105749607086,2,1119.1,23327.8984375,84845.68359375
1577.1186320781708,2,2214.5,14178.65234375,84845.68359375
1578.1477935314178,2,4708.7,13915.6953125,84845.68359375
1579.1556241512299,2,2477.4,14723.75390625,84845.68359375
1580.1686239242554,2,2378.0,10060.24609375,84845.68359375
1581.19087266922,2,3301.1,10107.7890625,84845.68359375
1582.200630903244,2,2565.3,10258.234375,84845.68359375
1583.2268528938293,2,1322.0,10648.53125,84845.68359375
1584.2350943088531,2,1241.2,9646.02734375,84845.68359375
1585.2429637908936,2,1657.1,7382.44921875,84845.68359375
1586.2516238689423,2,1405.9,7960.26953125,85065.6953125
1587.2768003940582,2,3615.9,6792.1484375,85065.6953125
1588.294102191925,2,4078.7,6416.94921875,85065.6953125
1589.3167951107025,2,1074.8,8947.71484375,85065.6953125
1590.3243787288666,2,101.3,12382.36328125,85065.6953125
1591.3313896656036,2,243.2,12330.3046875,85065.6953125
1592.3396210670471,2,1382.8,12937.3046875,85065.6953125
1593.3582758903503,2,1397.6,13674.53125,85065.6953125
1594.3728756904602,2,882.0,12779.3046875,85065.6953125
1595.3807499408722,2,1491.6,15645.734375,85065.6953125
1596.3891015052795,2,816.8,13681.0,85065.6953125
1597.396629333496,2,2144.2,8646.67578125,85065.6953125
1598.4176170825958,2,4777.7,8530.703125,85065.6953125
1599.4376122951508,2,4771.4,8407.5859375,85065.6953125
1600.456613779068,2,4777.8,8271.08984375,85065.6953125
1601.4759356975555,2,3242.4,8474.84375,85065.6953125
1602.4836361408234,2,3146.2,6276.41796875,85065.6953125
1603.4951794147491,2,2476.0,6269.57421875,85065.6953125
1604.503624677658,2,1325.1,4746.37109375,85065.69921875
1605.5243554115295,2,3499.3,6912.1875,85065.69921875
1606.5427079200745,2,4048.1,6413.9140625,85065.69921875
1607.5615043640137,2,1866.2,8706.10546875,85065.69921875
1608.572303056717,2,274.6,12008.19140625,85065.69921875
1609.5806231498718,2,101.2,12607.81640625,85065.69921875
1610.5880026817322,2,1338.7,12575.97265625,85065.69921875
1611.5957851409912,2,909.1,13391.234375,85065.69921875
1612.604436159134,2,1585.7,12692.28125,85065.69921875
1613.613626241684,2,1157.1,15011.7578125,85065.69921875
1614.6335363388062,2,1443.4,14363.14453125,85065.69921875
1615.6416211128235,2,1070.3,8775.3125,85065.69921875
1616.6606209278107,2,4776.1,8656.2578125,85065.69921875
1617.6806178092957,2,4775.4,8538.03515625,85065.69921875
1618.7049281597137,2,4771.6,8378.44921875,85065.69921875
1619.7242450714111,2,2392.2,8277.20703125,85065.69921875
1620.7326204776764,2,2862.6,8509.68359375,85065.69921875
1621.742122411728,2,2804.1,6588.73828125,85065.69921875
1622.7505686283112,2,2343.9,5338.09375,85065.69921875
1623.7586896419525,2,1566.4,8267.39453125,85065.69921875
1624.7666199207306,2,3764.6,6890.8046875,85065.69921875
1625.7826323509216,2,4019.9,6632.2734375,85065.69921875
1626.802638053894,2,967.2,8741.48828125,85065.69921875
1627.8106288909912,2,101.3,12360.06640625,85065.69921875
1628.817858695984,2,101.2,12518.5390625,85065.69921875
1629.8255660533905,2,1367.1,12737.87890625,85065.69921875
1630.8336236476898,2,1144.3,13753.03125,85065.69921875
1631.8527410030365,2,1308.9,12708.82421875,85065.69921875
1632.8603973388672,2,1479.7,15555.9609375,85065.69921875
1633.8687303066254,2,774.2,14679.96484375,85065.69921875
1634.8776335716248,2,1734.6,8723.05859375,85065.69921875
1635.898628950119,2,4759.2,8627.9765625,85065.69921875
1636.9186146259308,2,4771.1,8494.37890625,85065.69921875
1637.9386150836945,2,4777.8,8362.9140625,85065.69921875
1638.9572989940643,2,3774.1,8627.50390625,85065.69921875
1639.9664981365204,2,2675.7,6377.00390625,85065.69921875
1640.9906287193298,2,2676.1,6511.16015625,85065.69921875
1641.9997951984406,2,2182.8,3827.0078125,85065.69921875
1643.0086255073547,2,2382.6,7004.6015625,85065.69921875
1644.0270311832428,2,4072.4,6229.1953125,85065.69921875
1645.047104358673,2,2784.7,8106.41015625,85065.69921875
1646.0543403625488,2,616.6,11164.19921875,85065.69921875
1647.06152009964,2,101.3,12686.0,85065.69921875
1648.0696306228638,2,1106.7,12905.0,85065.69921875
1649.081833600998,2,1140.7,12787.890625,85065.69921875
1650.0899200439453,2,1142.8,13014.74609375,85065.69921875
1651.0962326526642,2,516.7,14473.578125,85065.69921875
1652.1046216487885,2,1703.3,14239.3125,85065.69921875
1653.1232013702393,2,1323.9,11318.37890625,85065.69921875
1654.1316285133362,2,4194.1,8700.30078125,85065.69921875
1655.1516153812408,2,4771.9,8575.19921875,85065.69921875
1656.1726109981537,2,4776.8,8401.2734375,85065.69921875
1657.1922154426575,2,3178.6,8296.72265625,85065.69921875
1658.1997923851013,2,2153.9,8541.69140625,85065.69921875
1659.207370042801,2,3278.3,6378.234375,85065.69921875
1660.215924024582,2,2510.4,6335.33203125,85065.69921875
1661.2236623764038,2,1231.3,4744.5234375,85074.69921875
1662.2356202602386,2,3445.8,7252.37890625,85074.69921875
1663.2539536952972,2,4044.4,6710.91015625,85074.69921875
1664.2760100364685,2,2016.8,9068.09765625,85074.69921875
1665.2839062213898,2,625.6,12078.89453125,85074.69921875
1666.290964603424,2,101.3,12997.75,85074.69921875
1667.2978684902191,2,1218.8,13058.55859375,85074.69921875
1668.3079226016998,2,1016.0,13513.5,85074.69921875
1669.3157563209534,2,1402.9,13118.25390625,85074.69921875
1670.325623512268,2,955.8,15395.80859375,85074.69921875
1671.345274925232,2,1481.7,14562.6484375,85074.69921875
1672.3528020381927,2,954.4,9007.6875,85074.69921875
1673.3636231422424,2,4751.9,8886.28125,85074.69921875
1674.3836150169373,2,4775.5,8752.55859375,85074.69921875
1675.4056179523468,2,4773.7,8628.3515625,85074.69921875
1676.425627231598,2,4026.5,9044.22265625,85074.69921875
1677.4355173110962,2,2937.8,8821.76171875,85074.69921875
1678.443573474884,2,3063.9,7408.75390625,85074.69921875
1679.4638872146606,2,1989.5,2786.83984375,85074.76171875
1680.47158908844,2,1941.2,6892.453125,85077.69921875
1681.4967305660248,2,3754.8,6847.390625,85077.69921875
1682.5041179656982,2,4116.0,6953.61328125,85077.69921875
1683.511872291565,2,603.7,9981.796875,85077.69921875
1684.518940448761,2,101.3,12727.6953125,85077.69921875
1685.526547908783,2,605.5,12734.640625,85077.69921875
1686.5333812236786,2,1243.8,12989.8046875,85077.69921875
1687.5423786640167,2,1228.2,14282.88671875,85077.69921875
1688.5494797229767,2,871.6,13452.9140625,85077.69921875
1689.5579345226288,2,1483.7,16243.1171875,85077.69921875
1690.5655407905579,2,1119.8,13835.14453125,85077.69921875
1691.5736281871796,2,2845.8,8715.6953125,85077.69921875
1692.5936136245728,2,4775.4,8604.82421875,85077.69921875
1693.6136147975922,2,4775.8,8478.0234375,85077.69921875
1694.6336092948914,2,4771.5,8368.1875,85077.69921875
1695.6526110172272,2,3156.9,8647.3203125,85077.69921875
1696.6722657680511,2,2942.6,6563.078125,85077.69921875
1697.6873371601105,2,2396.7,6425.84765625,85077.69921875
1698.69695186615,2,1614.2,7421.10546875,85077.69921875
1699.707619190216,2,3532.8,7264.390625,85077.69921875
1700.7269396781921,2,4064.0,6787.38671875,85077.69921875
1701.746901512146,2,1843.9,9040.66015625,85077.69921875
1702.7539200782776,2,100.3,12666.94140625,85077.69921875
1703.7613673210144,2,101.3,12989.390625,85077.69921875
1704.7684497833252,2,1352.5,13140.5078125,85077.69921875
1705.7769649028778,2,1040.7,13773.0078125,85077.69921875
1706.7848722934723,2,1497.2,12888.8046875,85077.69921875
1707.7916293144226,2,1316.5,15272.13671875,85077.69921875
1708.811650276184,2,986.9,14860.890625,85077.69921875
1709.8196244239807,2,1562.2,8988.4140625,85077.69921875
1710.8406219482422,2,4772.4,8907.37109375,85077.69921875
1711.8624885082245,2,4777.0,8757.68359375,85077.69921875
1712.8815217018127,2,4779.5,8637.01171875,85077.69921875
1713.9015078544617,2,4171.6,9028.890625,85077.69921875
1714.9208064079285,2,2669.8,8821.4765625,85077.69921875
1715.9283246994019,2,3087.0,7146.66796875,85077.69921875
1716.9345269203186,2,1495.4,3066.87109375,85077.69921875
1717.9426379203796,2,2545.4,6907.76953125,85077.69921875
1718.968623161316,2,3534.8,6232.1171875,85077.69921875
1719.9889726638794,2,3649.2,7566.62109375,85077.69921875
1720.9960289001465,2,613.1,10602.75390625,85077.69921875
1722.0039365291595,2,100.3,12794.2578125,85077.69921875
1723.0107591152191,2,834.3,12731.23828125,85077.69921875
1724.019937992096,2,1265.0,12783.91796875,85077.69921875
1725.0256233215332,2,1164.5,13296.53515625,85077.69921875
1726.0440139770508,2,635.8,14034.7890625,85077.69921875
1727.0522019863129,2,1487.7,14495.5703125,85077.69921875
1728.0606219768524,2,1407.4,13129.33203125,85077.69921875
1729.0696260929108,2,3461.5,8713.39453125,85077.69921875
1730.090613603592,2,4775.4,8571.8671875,85077.69921875
1731.109867811203,2,4772.5,8451.671875,85077.69921875
1732.1276216506958,2,4770.4,8473.45703125,85077.69921875
1733.14790558815,2,2937.7,8619.703125,85077.69921875
1734.157138824463,2,2826.9,6542.24609375,85077.69921875
1735.1652688980103,2,2330.6,4419.875,85077.69921875
1736.1718714237213,2,1600.8,6852.41796875,85077.703125
1737.1782505512238,2,3933.2,7064.7734375,85077.703125
1738.185626745224,2,4164.1,6758.87109375,85077.703125
1739.2087235450745,2,686.0,9585.23828125,85077.703125
1740.217090845108,2,101.2,12706.1328125,85077.703125
1741.2246379852295,2,457.4,12624.15234375,85077.703125
1742.2325727939606,2,1349.2,13360.046875,85077.703125
1743.239804983139,2,1233.3,14098.08984375,85077.703125
1744.2476890087128,2,873.7,13273.921875,85077.703125
1745.256023645401,2,1494.1,16101.28515625,85077.703125
1746.263308763504,2,1116.4,13752.75,85077.703125
1747.270628452301,2,2607.6,8761.7421875,85077.703125
1748.2916140556335,2,4777.6,8643.91796875,85077.703125
1749.309609413147,2,4778.3,8538.55859375,85077.703125
1750.3286094665527,2,4782.4,8390.94921875,85077.703125
1751.3474600315094,2,3199.4,8642.25390625,85077.703125
1752.3546311855316,2,3274.2,6435.16015625,85077.703125
1753.373445034027,2,2344.1,6424.24609375,85077.703125
1754.3806211948395,2,1481.0,5365.4453125,85077.703125
1755.3993382453918,2,3497.7,6972.1328125,85077.703125
1756.419695854187,2,4033.3,6495.546875,85077.703125
1757.4396471977234,2,1792.4,8799.93359375,85077.703125
1758.447675228119,2,101.5,12355.23828125,85077.703125
1759.4530580043793,2,100.3,12708.26953125,85077.703125
1760.4605276584625,2,1363.9,12824.0546875,85077.703125
1761.4679412841797,2,1019.1,13443.67578125,85077.703125
1762.4786214828491,2,1513.1,12604.57421875,85077.703125
1763.486629486084,2,1240.4,14997.609375,85077.703125
1764.5064933300018,2,1034.9,14545.58984375,85077.703125
1765.5156252384186,2,1527.8,8731.16796875,85077.703125
1766.5366196632385,2,4769.6,8642.80859375,85077.703125
1767.5566103458405,2,4778.1,8490.18359375,85077.703125
1768.57550406456,2,4780.6,8351.0234375,85077.703125
1769.5946266651154,2,3922.3,8619.07421875,85077.703125
1770.6137957572937,2,2662.1,7247.6875,85077.703125
1771.621206998825,2,2854.1,6586.9765625,85077.703125
1772.6288788318634,2,1715.5,3658.984375,85077.703125
1773.6361463069916,2,3233.0,5169.61328125,85077.703125
1774.6476471424103,2,4268.0,5311.21484375,85077.703125
1775.6555609703064,2,535.1,8123.04296875,85077.703125
1776.6628983020782,2,977.8,8394.8828125,85077.703125
1777.6722855567932,2,1281.1,8073.21484375,85077.703125
1778.6799516677856,2,1192.6,8886.02734375,85077.703125
1779.6895298957825,2,3045.0,5881.39453125,85077.703125
1780.710616350174,2,4775.7,5807.30078125,85077.703125
1781.7296097278595,2,4779.3,5680.99609375,85077.703125
1782.7492320537567,2,4581.2,5773.68359375,85077.703125
1783.7576813697815,2,3144.5,5679.3359375,85077.703125
1784.7654430866241,2,2544.1,4743.8515625,85077.703125
1785.7728469371796,2,2394.1,7033.4140625,85077.703125
1786.781096458435,2,3784.5,5457.34765625,85077.703125
1787.7902574539185,2,1628.8,6194.3984375,85077.703125
1788.7983713150024,2,3307.9,6700.625,85077.703125
1789.812688589096,2,2089.1,6966.59375,85077.703125
1790.8196992874146,2,2290.2,6287.64453125,85077.703125
1791.8308081626892,2,2618.5,6306.26953125,85077.703125
1792.840641260147,2,2196.7,6446.19921875,85077.703125
1793.8651595115662,2,4107.6,6057.66015625,85077.703125
1794.8822152614594,2,1135.2,6839.78125,85077.703125
1795.889930009842,2,3348.6,6847.33984375,85077.703125
1796.8980643749237,2,1979.2,6963.5390625,85077.703125
1797.9056241512299,2,2744.8,6427.37109375,85077.703125
1798.9136188030243,2,2606.6,6467.828125,85077.703125
1799.9206669330597,2,2173.8,6573.609375,85077.703125
1800.9328713417053,2,3718.9,6316.83984375,85077.703125
1801.9405312538147,2,1316.5,7037.83203125,85077.703125
1802.9492874145508,2,3271.5,7025.46484375,85077.703125
1803.9586176872253,2,2113.7,6918.90234375,85077.703125
1804.9736483097076,2,2662.7,6456.15625,85077.703125
1805.9816210269928,2,2659.4,6299.15625,85077.703125
1806.9936187267303,2,2224.7,6335.33984375,85077.703125
1808.011831521988,2,2920.5,6658.5,85077.703125
1809.0196306705475,2,1747.0,5870.9765625,85077.703125
1810.0406212806702,2,3152.5,6959.08203125,85077.703125
1811.0528573989868,2,2264.4,6607.265625,85077.703125
1812.0596356391907,2,2483.3,6232.13671875,85077.703125
1813.080127954483,2,2296.4,6104.75390625,85077.703125
1814.087733745575,2,3221.1,5651.46484375,85077.703125
1815.0957839488983,2,2750.1,5673.4765625,85077.703125
1816.1034860610962,2,2890.8,5210.3671875,85077.703125
1817.1103427410126,2,2175.9,3168.328125,85077.703125
1818.116374015808,2,2071.0,3955.6875,85077.703125
1819.1236236095428,2,2984.6,3467.52734375,85077.703125
1820.129796743393,2,2787.3,3913.15625,85077.703125
1821.1364860534668,2,2297.7,4126.4765625,85077.703125
1822.145804643631,2,3058.7,3819.61328125,85077.703125
1823.154620885849,2,2511.4,3247.4296875,85077.703125
1824.1694366931915,2,2863.4,3270.48828125,85077.703125
1825.1762163639069,2,2885.7,2628.5625,85077.703125
1826.183643579483,2,438.8,1026.33984375,84053.640625
