elapsed_time,nproc,cpu,mem_real,mem_virtual
5.507469177246094e-05,2,0.0,18.6171875,3201.44140625
1.007861614227295,4,7.9,294.2734375,4328.2734375
2.0186820030212402,4,99.1,494.0859375,4537.2421875
3.0279150009155273,4,100.0,531.2109375,4623.2421875
4.03787636756897,4,100.0,529.9140625,4623.2421875
5.047707557678223,4,100.1,534.26953125,4623.2421875
6.057121515274048,4,99.0,538.90234375,4623.2421875
7.067467927932739,4,100.1,539.15234375,4623.2421875
8.076684474945068,4,99.1,532.76171875,4623.2421875
9.085921049118042,4,100.0,531.54296875,4623.2421875
10.096242427825928,4,99.1,564.46875,4671.2421875
11.105062007904053,4,100.0,616.1328125,4727.2421875
12.114707469940186,4,99.0,666.2890625,4791.2421875
13.124351501464844,4,101.1,709.55859375,4797.2421875
14.133418798446655,4,99.1,754.109375,4877.2421875
15.142700910568237,4,100.0,806.6328125,4973.2421875
16.15297293663025,4,100.0,845.6171875,4973.2421875
17.162872791290283,4,99.1,883.4375,4973.2421875
18.172055959701538,2,41.6,202.9375,3779.3984375
19.182273149490356,2,0.0,198.796875,3836.95703125
20.1921284198761,2,99.0,232.23828125,3938.95703125
21.202280521392822,2,101.0,239.08984375,3938.95703125
22.211716175079346,2,99.2,245.96484375,3938.95703125
23.219849586486816,2,100.1,252.921875,3938.95703125
24.22879147529602,2,100.1,259.76953125,3938.95703125
25.23788022994995,2,99.0,285.984375,4050.95703125
26.247740030288696,2,100.1,300.05078125,4050.95703125
27.256722450256348,2,100.1,317.7578125,4074.95703125
28.26610565185547,2,100.2,335.33203125,4102.95703125
29.27452039718628,2,96.1,261.35546875,4175.94140625
30.28369426727295,2,1030.0,546.8125,8376.87890625
31.29345726966858,2,1350.8,628.921875,8408.87890625
32.30397653579712,2,623.9,1089.8359375,9064.91015625
33.31536555290222,2,945.2,1899.18359375,10344.91015625
34.32570505142212,2,2304.1,1301.38671875,11890.91015625
35.33476400375366,2,452.1,1237.12109375,12978.97265625
36.347888708114624,2,99.3,1240.890625,12978.97265625
37.3547248840332,2,869.0,2220.5859375,12559.94140625
38.36163878440857,2,488.6,2599.5859375,14374.44140625
39.376956939697266,2,2105.8,5490.484375,19086.92578125
40.38503336906433,2,1471.8,9424.078125,22172.92578125
41.39330863952637,2,3592.0,9528.49609375,26268.92578125
42.40095019340515,2,2297.1,10527.65625,26268.92578125
43.4157657623291,2,2969.8,9818.0625,26268.92578125
44.42387366294861,2,1736.3,11544.4140625,32912.92578125
45.43119168281555,2,1067.0,13544.3515625,43152.92578125
46.43867492675781,2,101.3,17336.11328125,43152.92578125
47.4453866481781,2,100.2,21168.2734375,43152.92578125
48.45286703109741,2,101.2,21261.7890625,43152.92578125
49.4608428478241,2,103.1,21185.8046875,43152.92578125
50.46913552284241,2,1358.6,21600.0234375,43152.92578125
51.47698616981506,2,1570.4,22452.16796875,43152.92578125
52.49557709693909,2,874.1,21679.26171875,43152.92578125
53.50342774391174,2,1499.4,24438.265625,43182.92578125
54.510483264923096,2,1113.7,22260.4921875,43190.92578125
55.51886487007141,2,529.0,23197.54296875,55485.92578125
56.526957273483276,2,1151.8,26397.76953125,55485.92578125
57.546635150909424,2,1760.1,29054.98828125,56145.92578125
58.55390429496765,2,1431.1,25287.55859375,56265.92578125
59.56083297729492,2,1117.6,22893.25390625,56301.92578125
60.56895899772644,2,2379.9,13815.7421875,56313.92578125
61.581445932388306,2,4670.4,14794.9921875,56629.92578125
62.590951919555664,2,2421.5,14438.5625,56725.92578125
63.60095715522766,2,2655.6,9909.796875,56725.92578125
64.62069725990295,2,2763.9,9585.28515625,56725.92578125
65.62649965286255,2,2549.7,9525.40625,56725.92578125
66.63520622253418,2,1404.9,10055.65234375,56725.92578125
67.64495205879211,2,1286.7,9491.171875,56725.92578125
68.65795183181763,2,2566.5,8801.21484375,56725.92578125
69.67657089233398,2,932.1,2602.62890625,56725.92578125
70.68386125564575,2,197.7,2604.0546875,56725.92578125
71.69096446037292,2,1024.6,4253.08203125,56725.92578125
72.70251679420471,2,1452.4,8701.23828125,56745.92578125
73.71295666694641,2,3224.9,10324.70703125,56745.92578125
74.73695015907288,2,2781.4,11180.40625,56745.92578125
75.75532078742981,2,2784.3,10522.53125,56745.92578125
76.76399254798889,2,1514.0,11609.625,56745.92578125
77.7848334312439,2,103.3,14604.30078125,56745.92578125
78.79169178009033,2,100.2,15184.01171875,56745.92578125
79.7997944355011,2,1368.8,15349.93359375,56745.92578125
80.80795860290527,2,992.0,16543.0390625,56745.92578125
81.81735420227051,2,1451.8,15739.46484375,56745.92578125
82.82572984695435,2,1480.6,18586.4921875,56745.92578125
83.83295202255249,2,959.4,16573.109375,56745.92578125
84.85995554924011,2,2605.1,11833.703125,56745.92578125
85.88018202781677,2,3613.1,13000.234375,56793.92578125
86.89977431297302,2,2026.8,12455.359375,56793.92578125
87.90575361251831,2,3604.1,10481.3984375,56793.92578125
88.91405272483826,2,2489.9,11719.9609375,56793.92578125
89.93113136291504,2,1507.1,10600.140625,56793.92578125
90.93948197364807,2,1579.1,9931.3515625,56793.92578125
91.94644355773926,2,1408.2,9668.578125,56793.92578125
92.9549458026886,2,898.8,3230.3515625,56793.92578125
93.9699559211731,2,940.8,3293.125,56793.92578125
94.97647786140442,2,223.6,3210.6953125,56793.92578125
95.98295474052429,2,2996.6,6466.50390625,56793.92578125
96.98994994163513,2,660.1,10656.9609375,56793.92578125
98.00996041297913,2,2989.8,12861.015625,56793.92578125
99.03094935417175,2,2794.1,13738.20703125,56793.92578125
100.049400806427,2,3867.4,14128.49609375,56793.92578125
101.05795693397522,2,2954.1,12880.515625,56843.92578125
102.07864546775818,2,230.3,16605.6796875,56871.92578125
103.08597612380981,2,920.0,18428.00390625,56871.92578125
104.09360861778259,2,100.3,22193.1875,56871.92578125
105.1005744934082,2,102.2,24393.71484375,56871.92578125
106.10797667503357,2,103.2,24265.84375,56871.92578125
107.11578631401062,2,839.4,24174.71875,56871.92578125
108.12133550643921,2,1278.1,24085.69140625,56871.92578125
109.12895345687866,2,1237.3,24461.83203125,56871.92578125
110.14515113830566,2,558.9,25191.625,56871.92578125
111.15231490135193,2,1508.0,25639.609375,56871.92578125
112.15976309776306,2,1463.1,24012.59375,56871.92578125
113.16648364067078,2,145.0,26649.78515625,56871.92578125
114.17397475242615,2,2626.0,29385.671875,56871.92578125
115.19996643066406,2,340.2,27941.78125,56871.92578125
116.21001124382019,2,1397.7,26208.81640625,56871.92578125
117.21589946746826,2,1428.7,24658.69921875,56871.92578125
118.22386431694031,2,3533.0,16321.8359375,56871.92578125
119.24596381187439,2,4771.2,16344.87890625,56871.92578125
120.2701997756958,2,2619.8,17695.38671875,57415.92578125
121.27548623085022,2,1806.1,16851.12890625,57415.92578125
122.28195309638977,2,3424.8,12442.87109375,57415.92578125
123.30153155326843,2,2482.2,12502.26953125,57415.92578125
124.30910348892212,2,3100.4,14170.328125,57415.92578125
125.31799364089966,2,1429.8,12693.57421875,57415.92578125
126.32576370239258,2,1658.6,11785.82421875,57415.92578125
127.33271789550781,2,1441.6,11680.2109375,57415.92578125
128.33987379074097,2,776.0,3081.80078125,57415.92578125
129.34771633148193,2,1140.6,3005.2421875,57415.92578125
130.35504508018494,2,2838.2,6542.5625,57415.92578125
131.36272621154785,2,2111.9,14996.0546875,57439.92578125
132.3694257736206,2,3273.1,11358.203125,57439.92578125
133.37795305252075,2,2903.1,12254.78515625,57439.92578125
134.3961877822876,2,2438.4,11298.37109375,57439.92578125
135.40460777282715,2,2279.4,13523.39453125,57439.92578125
136.41022300720215,2,1294.8,15464.1875,57439.92578125
137.41799235343933,2,104.3,18500.29296875,57439.92578125
138.424866437912,2,100.1,22262.3125,57439.92578125
139.43342900276184,2,101.3,23001.91015625,57439.92578125
140.4407181739807,2,103.2,22817.59375,57439.92578125
141.44832134246826,2,1267.6,22723.65234375,57439.92578125
142.45730662345886,2,985.0,23318.59765625,57439.92578125
143.4653835296631,2,1513.8,22565.25,57439.92578125
144.47195625305176,2,1380.0,24941.46875,57439.92578125
145.4868621826172,2,928.2,24618.69140625,57439.92578125
146.49406480789185,2,863.4,23964.4765625,57439.92578125
147.5016644001007,2,103.3,26711.578125,57439.92578125
148.50856733322144,2,2841.8,29935.40625,57439.92578125
149.51495480537415,2,1052.9,26162.2890625,57439.92578125
150.53436732292175,2,1154.4,25290.94921875,57439.92578125
151.54195141792297,2,1244.1,15222.63671875,57439.92578125
152.56495451927185,2,4757.0,14997.8828125,57439.92578125
153.58519554138184,2,4459.9,16431.76953125,57537.92578125
154.5923752784729,2,2254.1,16377.1953125,57537.92578125
155.59981155395508,2,2326.6,15487.46875,57537.92578125
156.60996174812317,2,3889.5,11528.36328125,57537.92578125
157.63095927238464,2,2081.2,12792.75390625,57537.92578125
158.6508686542511,2,2273.3,10908.39453125,57537.92578125
159.65858364105225,2,1560.4,11097.37890625,57537.92578125
160.66863012313843,2,1110.5,10866.58984375,57537.92578125
161.67628049850464,2,1481.9,2543.109375,58049.93359375
162.6837296485901,2,1526.8,3250.2578125,57537.92578125
163.69395279884338,2,1332.0,3570.33203125,57537.92578125
164.73888325691223,2,1782.1,7126.9140625,57537.92578125
165.74721384048462,2,2095.4,11429.25390625,57537.92578125
166.75512194633484,2,3338.9,12000.953125,57537.92578125
167.76294779777527,2,4145.0,12248.5625,57537.92578125
168.77895164489746,2,2069.5,10263.58203125,57537.92578125
169.79760336875916,2,1381.2,14592.72265625,57537.92578125
170.80466675758362,2,1340.0,15495.51171875,57537.92578125
171.81136083602905,2,100.2,19237.01953125,57537.92578125
172.81906700134277,2,101.3,22736.30859375,57537.92578125
173.82633686065674,2,102.3,22636.8828125,57537.92578125
174.8331265449524,2,341.2,22565.28125,57537.92578125
175.84196615219116,2,1475.4,23132.58984375,57537.92578125
176.8518726825714,2,1228.6,23932.08203125,57537.92578125
177.8603160381317,2,872.7,23198.97265625,57537.92578125
178.86868929862976,2,1498.9,25986.62109375,57537.92578125
179.87740063667297,2,1140.7,23205.03125,57537.92578125
180.8838391304016,2,513.1,24750.46875,57537.92578125
181.8919575214386,2,1515.1,27728.38671875,57537.92578125
182.9118309020996,2,1385.9,30696.55859375,57537.92578125
183.9197838306427,2,1440.5,26849.24609375,57537.92578125
184.92704963684082,2,1116.7,24042.8125,57537.92578125
185.9359791278839,2,2612.9,15303.1171875,57537.92578125
186.9665801525116,2,4764.8,15026.01953125,57537.92578125
187.98789358139038,2,3446.5,16758.875,57553.92578125
188.9987735748291,2,2536.0,16024.48828125,57553.92578125
190.0049533843994,2,2235.1,11346.3671875,57553.92578125
191.02392101287842,2,3614.0,11588.06640625,57553.92578125
192.04332637786865,2,2687.3,12768.4921875,57553.92578125
193.0563313961029,2,1606.9,11283.765625,57553.92578125
194.06366777420044,2,1482.7,10698.93359375,57553.92578125
195.07069778442383,2,1697.4,10291.125,57553.92578125
196.07924246788025,2,864.3,2650.3125,57553.92578125
197.0881884098053,2,1600.5,3548.0625,57553.92578125
198.09596991539001,2,2362.3,4640.2578125,57553.92578125
199.1112163066864,2,1013.9,9452.96875,57553.92578125
200.12095427513123,2,3015.8,11416.06640625,57553.92578125
201.14095306396484,2,2757.0,12277.140625,57553.92578125
202.15939140319824,2,3752.4,12750.80859375,57553.92578125
203.17585515975952,2,2983.9,12033.9296875,57553.92578125
204.18471670150757,2,99.3,15693.37109375,57553.92578125
205.19148135185242,2,1333.4,16638.40625,57553.92578125
206.19867134094238,2,101.1,20361.02734375,57553.92578125
207.20717549324036,2,101.3,22815.8515625,57553.92578125
208.2140884399414,2,101.3,22719.625,57553.92578125
209.22114276885986,2,762.4,22824.8359375,57553.92578125
210.22985243797302,2,1248.5,22721.52734375,57553.92578125
211.2398326396942,2,1102.6,23145.99609375,57553.92578125
212.25112128257751,2,806.1,23872.4296875,57553.92578125
213.25843358039856,2,1509.1,24403.625,57553.92578125
214.27690267562866,2,1424.0,22953.37890625,57553.92578125
215.28254103660583,2,194.5,25557.37890625,57553.92578125
216.29096293449402,2,2714.6,28731.33203125,57553.92578125
217.31188464164734,2,315.4,26715.0546875,57553.92578125
218.31998491287231,2,1385.7,25208.31640625,57553.92578125
219.3280384540558,2,1446.7,23482.3203125,57553.92578125
220.33895826339722,2,3379.0,15272.67578125,57553.92578125
221.35881805419922,2,4766.5,15017.9375,57553.92578125
222.38196659088135,2,3699.7,16521.11328125,57599.92578125
223.39614725112915,2,1798.1,15707.8828125,57599.92578125
224.4069585800171,2,3078.7,11160.86328125,57599.92578125
225.42669773101807,2,2544.3,11063.984375,57599.92578125
226.43495893478394,2,2885.9,11178.03125,57599.92578125
227.4473111629486,2,1371.3,11671.4609375,57599.92578125
228.45505928993225,2,1433.0,10646.8671875,57599.92578125
229.4641032218933,2,1949.3,10339.41796875,57599.92578125
230.47294855117798,2,818.5,3112.64453125,57599.92578125
231.48368883132935,2,1439.7,3264.15625,57599.92578125
232.49018049240112,2,2957.6,5940.8125,57599.92578125
233.49896049499512,2,1297.5,9850.2734375,57599.92578125
234.5209698677063,2,3180.2,11380.76171875,57599.92578125
235.54695463180542,2,2781.3,12246.63671875,57599.92578125
236.5654058456421,2,3117.9,11985.21875,57599.92578125
237.5818247795105,2,2513.7,12902.19921875,57599.92578125
238.58949899673462,2,752.4,16072.4765625,57599.92578125
239.6008734703064,2,687.4,17758.19921875,57599.92578125
240.60901069641113,2,100.2,21523.6796875,57599.92578125
241.61648511886597,2,101.3,23053.59375,57599.92578125
242.62358832359314,2,104.3,22880.1640625,57599.92578125
243.63095259666443,2,1055.7,23058.4765625,57599.92578125
244.64950370788574,2,1175.6,22747.38671875,57599.92578125
245.65658617019653,2,1207.9,22853.42578125,57599.92578125
246.66795778274536,2,577.1,24825.73828125,57599.92578125
247.6779499053955,2,1902.0,24082.23046875,57599.92578125
248.699223279953,2,993.9,23219.12109375,57599.92578125
249.7063386440277,2,101.3,26020.7265625,57599.92578125
250.71318745613098,2,2820.8,29289.23046875,57599.92578125
251.72141695022583,2,185.4,26888.3828125,57599.92578125
252.73095107078552,2,1481.3,24681.015625,57599.92578125
253.74964880943298,2,1395.9,21611.56640625,57599.92578125
254.75795435905457,2,3718.3,15116.1796875,57599.92578125
255.77895307540894,2,4768.5,14874.0703125,57599.92578125
256.7989692687988,2,3309.8,16556.66015625,57599.92578125
257.8070480823517,2,1890.8,15636.69140625,57599.92578125
258.81496024131775,2,3245.9,11194.44921875,57599.92578125
259.83513140678406,2,2427.6,10963.5078125,57599.92578125
260.84385418891907,2,2947.5,11335.5,57599.92578125
261.8764982223511,2,1334.0,11756.63671875,57599.92578125
262.88528847694397,2,1323.4,10666.1015625,57599.92578125
263.89495158195496,2,2044.2,10297.19140625,57599.92578125
264.91078186035156,2,798.7,3142.80078125,57599.92578125
265.9248836040497,2,1043.3,3240.87890625,57599.92578125
266.93136262893677,2,2788.7,6370.6171875,57599.92578125
267.9385907649994,2,1956.9,14627.69921875,57599.92578125
268.94532656669617,2,3319.9,11161.75,57599.92578125
269.9529502391815,2,2969.2,11994.78515625,57599.92578125
270.9720551967621,2,2422.1,11071.41796875,57599.92578125
271.97771859169006,2,2175.4,13287.2265625,57615.92578125
272.9853072166443,2,1333.0,15713.69921875,57615.92578125
273.99283242225647,2,107.2,18413.6171875,57615.92578125
275.0000009536743,2,101.3,22105.6796875,57615.92578125
276.0069239139557,2,101.2,22998.90625,57615.92578125
277.01449513435364,2,104.3,22865.8515625,57615.92578125
278.0216438770294,2,1290.6,22710.90234375,57615.92578125
279.0281810760498,2,964.1,23278.53125,57615.92578125
280.0363817214966,2,1482.4,22495.62109375,57615.92578125
281.04295778274536,2,1262.2,24813.85546875,57615.92578125
282.0627624988556,2,1074.9,24276.32421875,57615.92578125
283.07023644447327,2,867.8,23522.4609375,57615.92578125
284.0774190425873,2,102.2,26285.4296875,57615.92578125
285.0854651927948,2,2979.1,29374.94140625,57615.92578125
286.09313225746155,2,288.3,26013.546875,57615.92578125
287.1029531955719,2,1892.6,24742.703125,57615.92578125
288.1148636341095,2,900.2,19281.76171875,57615.92578125
289.1229622364044,2,3802.9,14936.00390625,57615.92578125
290.14394998550415,2,4778.4,14717.73046875,57615.92578125
291.1649544239044,2,2954.7,16348.07421875,57629.92578125
292.1793510913849,2,1886.7,15444.9140625,57629.92578125
293.18995785713196,2,3093.4,10971.41796875,57629.92578125
294.2109532356262,2,2502.3,10788.8046875,57629.92578125
295.2194402217865,2,2848.9,10789.625,57629.92578125
296.2278661727905,2,1415.5,11596.40625,57629.92578125
297.24732875823975,2,1113.7,10536.16015625,57629.92578125
298.2547788619995,2,2071.3,8969.31640625,57629.92578125
299.2623198032379,2,924.1,3311.94921875,57629.92578125
300.2709596157074,2,1639.0,3561.2109375,57629.92578125
301.325918674469,2,1718.8,6840.84765625,57629.92578125
302.3349599838257,2,2613.5,10358.2109375,57629.92578125
303.3529534339905,2,2714.3,11133.78515625,57629.92578125
304.3731806278229,2,3775.2,11635.984375,57629.92578125
305.3920614719391,2,2647.6,10776.859375,57629.92578125
306.3997378349304,2,99.3,14440.2890625,57629.92578125
307.406977891922,2,1152.9,15908.78515625,57629.92578125
308.4140646457672,2,99.3,19618.921875,57629.92578125
309.42103266716003,2,102.2,21607.76953125,57629.92578125
310.42895674705505,2,102.2,21533.81640625,57629.92578125
311.4366149902344,2,708.7,21600.26953125,57629.92578125
312.44698548316956,2,1287.0,21892.75,57629.92578125
313.45470571517944,2,1093.9,22339.984375,57629.92578125
314.4621820449829,2,848.7,22833.8828125,57629.92578125
315.469571352005,2,1506.3,24539.875,57629.92578125
316.47796535491943,2,1408.9,22243.4609375,57629.92578125
317.4837372303009,2,258.0,24398.9921875,57629.92578125
318.49195551872253,2,2162.1,26939.296875,57629.92578125
319.51175236701965,2,750.5,28714.3125,57629.92578125
320.5190351009369,2,1430.0,26134.42578125,57629.92578125
321.52694940567017,2,1261.1,22909.90625,57629.92578125
322.5449755191803,2,2523.1,14329.89453125,57629.92578125
323.5759537220001,2,4765.9,14078.9765625,57629.92578125
324.59629464149475,2,2639.0,15213.2265625,57629.92578125
325.60310077667236,2,2244.5,13683.6328125,57629.92578125
326.6108822822571,2,3279.3,10494.80859375,57629.92578125
327.61843705177307,2,2687.9,11529.66015625,57629.92578125
328.6331298351288,2,1339.9,10379.59375,57629.92578125
329.6412310600281,2,2125.6,9703.91015625,57629.92578125
330.6484806537628,2,1364.0,9756.7265625,57629.92578125
331.6565935611725,2,1145.8,2476.20703125,57629.92578125
332.6646387577057,2,1685.5,3351.47265625,57629.92578125
333.67204236984253,2,1982.0,3862.85546875,57629.92578125
334.67817902565,2,1153.3,9265.578125,57629.92578125
335.6869840621948,2,2927.5,11203.62890625,57629.92578125
336.70695304870605,2,2767.4,12022.1015625,57629.92578125
337.725950717926,2,3791.2,12515.99609375,57629.92578125
338.74425530433655,2,2925.9,11745.2890625,57645.92578125
339.753457069397,2,99.3,15382.41015625,57645.92578125
340.76008105278015,2,1364.5,16428.14453125,57645.92578125
341.76701641082764,2,99.2,20152.296875,57645.92578125
342.7748510837555,2,102.2,22642.92578125,57645.92578125
343.7825036048889,2,103.3,22520.83984375,57645.92578125
344.7891924381256,2,763.7,22617.796875,57645.92578125
345.79485750198364,2,1227.2,22759.66796875,57645.92578125
346.80285263061523,2,1084.9,23216.609375,57645.92578125
347.8103098869324,2,862.3,23617.4921875,57645.92578125
348.81812381744385,2,1468.6,24538.6015625,57645.92578125
349.825829744339,2,1391.5,22847.4453125,57645.92578125
350.8333921432495,2,252.7,25069.8359375,57645.92578125
351.8429582118988,2,2328.8,27483.85546875,57645.92578125
352.86267352104187,2,704.4,28848.51171875,57645.92578125
353.8719708919525,2,1498.6,26695.39453125,57645.92578125
354.88056540489197,2,1296.4,23569.01171875,57645.92578125
355.888968706131,2,2420.0,14946.9921875,57645.92578125
356.9192850589752,2,4766.3,14683.078125,57645.92578125
357.94074058532715,2,3052.9,16569.875,57645.92578125
358.94765400886536,2,2609.9,15638.5234375,57645.92578125
359.9553253650665,2,2123.9,11000.734375,57645.92578125
360.9659526348114,2,3617.8,11269.375,57645.92578125
361.9813108444214,2,2599.8,12383.60546875,57645.92578125
362.99274802207947,2,1393.0,11016.640625,57645.92578125
364.0020077228546,2,1555.4,10388.7421875,57645.92578125
365.0088858604431,2,1530.4,10086.35546875,57645.92578125
366.0164563655853,2,833.7,2672.8203125,57645.92578125
367.02408361434937,2,1817.9,3496.578125,57645.92578125
368.0319585800171,2,2135.6,4237.34765625,57645.92578125
369.05743503570557,2,1057.1,9476.09765625,57645.92578125
370.06695532798767,2,2884.6,11442.4140625,57645.92578125
371.0869560241699,2,2726.8,12275.890625,57645.92578125
372.1053400039673,2,3861.1,12697.39453125,57645.92578125
373.112957239151,2,2865.9,11310.16796875,57645.92578125
374.13355684280396,2,613.3,15178.05859375,57661.92578125
375.1410984992981,2,1365.1,16333.359375,57661.92578125
376.1490969657898,2,100.2,20011.74609375,57661.92578125
377.1568558216095,2,100.2,23090.0234375,57661.92578125
378.16448283195496,2,103.2,22990.375,57661.92578125
379.17276906967163,2,563.5,22900.375,57661.92578125
380.1823856830597,2,1248.0,23609.34375,57661.92578125
381.19031977653503,2,1231.6,24268.6171875,57661.92578125
382.19797825813293,2,890.5,23499.16796875,57661.92578125
383.20525336265564,2,1474.4,26176.234375,57661.92578125
384.2131266593933,2,1127.1,23119.828125,57661.92578125
385.22187852859497,2,515.7,24750.3828125,57661.92578125
386.2309567928314,2,1523.0,27681.9453125,57661.92578125
387.25058484077454,2,1378.0,30595.98828125,57661.92578125
388.2592921257019,2,1491.1,26667.1953125,57661.92578125
389.26723051071167,2,1110.2,24212.796875,57661.92578125
390.2769687175751,2,1902.3,15206.7421875,57661.92578125
391.3029582500458,2,4752.0,14990.015625,57661.92578125
392.32324743270874,2,3769.2,16961.52734375,57661.92578125
393.33195996284485,2,2440.6,16126.6171875,57661.92578125
394.34661316871643,2,2032.6,12526.015625,57661.92578125
395.3546562194824,2,3700.5,11611.30859375,57661.92578125
396.36233735084534,2,2705.2,12838.70703125,57661.92578125
397.375949382782,2,1593.2,11152.7421875,57661.92578125
398.3926696777344,2,1891.6,10733.8828125,57661.92578125
399.4002888202667,2,1311.5,10921.47265625,57661.92578125
400.41158723831177,2,1137.3,2961.83203125,58173.93359375
401.4199767112732,2,1809.8,3239.0390625,57661.92578125
402.43490505218506,2,1042.3,3596.546875,57661.92578125
403.48278427124023,2,1952.0,7009.640625,57661.92578125
404.4903223514557,2,2104.1,11372.84765625,57661.92578125
405.4974043369293,2,3378.7,11779.02734375,57661.92578125
406.50495052337646,2,3926.4,12225.06640625,57661.92578125
407.5239498615265,2,2078.9,10178.75,57661.92578125
408.5439920425415,2,1438.7,14486.65625,57661.92578125
409.55107831954956,2,1350.3,15859.97265625,57661.92578125
410.5582218170166,2,99.3,19569.83203125,57661.92578125
411.5652265548706,2,102.2,23193.66796875,57661.92578125
412.57312870025635,2,101.2,23080.76171875,57661.92578125
413.5810842514038,2,272.0,22874.94140625,57661.92578125
414.58863830566406,2,1269.1,23346.94921875,57661.92578125
415.59808111190796,2,1448.8,23794.1640625,57661.92578125
416.61013531684875,2,957.7,22920.49609375,57661.92578125
417.61763763427734,2,1496.7,25648.7734375,57661.92578125
418.62595224380493,2,1029.6,23381.671875,57661.92578125
419.64471793174744,2,616.6,24210.27734375,57661.92578125
420.65195393562317,2,706.1,27648.890625,57661.92578125
421.67157769203186,2,2220.8,30239.796875,57661.92578125
422.680171251297,2,1444.4,26252.99609375,57661.92578125
423.688853263855,2,798.8,24399.18359375,57661.92578125
424.6959557533264,2,1567.3,15308.72265625,57661.92578125
425.7159607410431,2,4762.1,15113.30078125,57661.92578125
426.7415382862091,2,4242.1,16822.4453125,57661.92578125
427.7497458457947,2,2201.5,16045.109375,57661.92578125
428.7566747665405,2,2462.6,15351.16015625,57661.92578125
429.7629864215851,2,3725.0,11328.80859375,57661.92578125
430.7719600200653,2,2321.6,12745.41796875,57661.92578125
431.7940695285797,2,1956.7,11025.2265625,57661.92578125
432.8018298149109,2,1686.2,10698.70703125,57661.92578125
433.80879831314087,2,1298.9,11003.6953125,57661.92578125
434.8157687187195,2,1720.7,3846.7421875,57661.92578125
435.82395005226135,2,1490.8,3637.94921875,57661.92578125
436.8420844078064,2,692.0,3573.421875,57661.92578125
437.84917092323303,2,2927.7,6040.29296875,57661.92578125
438.8577735424042,2,1407.3,10951.66015625,57661.92578125
439.8669636249542,2,3152.5,11400.94140625,57661.92578125
440.87995195388794,2,2787.8,12274.6640625,57661.92578125
441.900018453598,2,3114.7,11972.08203125,57661.92578125
442.9144232273102,2,2371.4,12977.69140625,57677.92578125
443.92220091819763,2,800.5,16097.87109375,57677.92578125
444.93290090560913,2,643.9,17764.578125,57677.92578125
445.9407238960266,2,100.3,21502.296875,57677.92578125
446.94821977615356,2,101.3,23050.41796875,57677.92578125
447.9550232887268,2,103.3,22931.62890625,57677.92578125
448.9629509449005,2,1075.1,23051.91796875,57677.92578125
449.98147320747375,2,1190.0,22752.375,57677.92578125
450.98980736732483,2,1171.2,22943.5390625,57677.92578125
451.9981825351715,2,519.6,24469.97265625,57677.92578125
453.00695157051086,2,1860.4,24102.2578125,57677.92578125
454.0264654159546,2,1153.1,23215.3359375,57677.92578125
455.0341100692749,2,102.2,25990.9453125,57677.92578125
456.04237270355225,2,2794.3,29295.828125,57677.92578125
457.049747467041,2,189.5,27008.17578125,57677.92578125
458.0576617717743,2,1396.7,25345.0625,57677.92578125
459.06503224372864,2,1510.1,22614.453125,57677.92578125
460.07295632362366,2,3472.3,15208.1953125,57677.92578125
461.0939517021179,2,4770.8,14982.0859375,57677.92578125
462.11412262916565,2,3591.4,16669.9921875,57691.92578125
463.1222381591797,2,1783.3,15749.5703125,57691.92578125
464.12995982170105,2,3147.3,11318.45703125,57691.92578125
465.1496708393097,2,2490.1,11142.484375,57691.92578125
466.15682673454285,2,2799.4,11178.46875,57691.92578125
467.16381669044495,2,1615.5,11643.39453125,57691.92578125
468.1715257167816,2,1532.8,10605.4296875,57691.92578125
469.1782121658325,2,1846.1,10506.12890625,57691.92578125
470.1872172355652,2,692.5,3010.734375,57691.92578125
471.19571709632874,2,2030.0,3730.0390625,57691.92578125
472.2030532360077,2,1897.2,3803.62890625,57691.92578125
473.2129690647125,2,1119.3,9196.0546875,57691.92578125
474.22196316719055,2,2981.6,11155.53515625,57691.92578125
475.241916179657,2,2752.6,11943.4296875,57691.92578125
476.2616596221924,2,3768.9,12451.51953125,57691.92578125
477.281298160553,2,2756.5,11800.5078125,57707.92578125
478.28999757766724,2,100.2,15483.37890625,57707.92578125
479.29774236679077,2,1271.0,16360.19140625,57707.92578125
480.3047881126404,2,100.2,20102.8828125,57707.92578125
481.31290316581726,2,101.2,22427.21484375,57707.92578125
482.32088565826416,2,101.3,22334.40234375,57707.92578125
483.3274476528168,2,801.5,22274.19921875,57707.92578125
484.33431816101074,2,1220.4,22376.07421875,57707.92578125
485.34095287323,2,1186.5,22884.79296875,57707.92578125
486.35958790779114,2,733.4,23716.125,57707.92578125
487.36718463897705,2,1514.9,24160.859375,57707.92578125
488.37514424324036,2,1406.7,22680.25,57707.92578125
489.38463068008423,2,195.6,25136.90234375,57707.92578125
490.39195799827576,2,2486.3,27460.25,57707.92578125
491.4096751213074,2,404.8,27723.35546875,57707.92578125
492.41734313964844,2,1500.1,26817.34765625,57707.92578125
493.425240278244,2,1293.7,23665.45703125,57707.92578125
494.4339759349823,2,2722.0,14942.30078125,57707.92578125
495.45295429229736,2,4766.7,14694.94140625,57707.92578125
496.4739511013031,2,2824.2,16277.78515625,57707.92578125
497.48429560661316,2,2308.6,15630.83203125,57707.92578125
498.4939591884613,2,2674.1,10992.625,57707.92578125
499.51495242118835,2,3080.5,11086.47265625,57707.92578125
500.5318579673767,2,2847.5,12651.46875,57707.92578125
501.5429496765137,2,1381.9,11327.60546875,57707.92578125
502.56148886680603,2,1609.1,10421.17578125,57707.92578125
503.56828260421753,2,1534.9,10282.78125,57707.92578125
504.57612109184265,2,1012.0,2867.6015625,57707.92578125
505.5852475166321,2,1714.2,3201.64453125,57707.92578125
506.59362292289734,2,2294.8,6670.8125,57707.92578125
507.60069847106934,2,1598.6,11489.21484375,57707.92578125
508.60995054244995,2,3245.1,11956.078125,57707.92578125
509.6309471130371,2,2731.2,12812.57421875,57707.92578125
510.6493320465088,2,3059.9,12537.6875,57707.92578125
511.6657373905182,2,1412.7,12526.22265625,57707.92578125
512.6736364364624,2,930.2,14962.19140625,57707.92578125
513.6809000968933,2,100.3,16636.1953125,57707.92578125
514.6881289482117,2,957.5,16952.98828125,57707.92578125
515.6983575820923,2,1282.3,16846.0078125,57707.92578125
516.7069618701935,2,1160.3,17251.3515625,57707.92578125
517.714034318924,2,503.8,18766.59375,57707.92578125
518.7229540348053,2,1740.6,18483.92578125,57707.92578125
519.7416005134583,2,1262.8,14496.0859375,57707.92578125
520.7499630451202,2,4354.0,13126.5859375,57707.92578125
521.7709622383118,2,3172.9,14578.640625,57707.92578125
522.7919609546661,2,2545.5,13827.78515625,57707.92578125
523.8220915794373,2,3419.8,11394.71875,57707.92578125
524.842205286026,2,2867.3,11558.95703125,57707.92578125
525.8493628501892,2,2877.4,13151.37890625,57707.92578125
526.8571879863739,2,1344.6,11956.71875,57707.92578125
527.8665239810944,2,1528.3,11131.171875,57707.92578125
528.8733813762665,2,1493.8,10948.7421875,57707.92578125
529.8801875114441,2,1053.6,2733.03125,57707.92578125
530.8892140388489,2,1728.8,3349.80078125,57707.92578125
531.8973705768585,2,1996.6,6034.4921875,57707.92578125
532.9049565792084,2,1330.8,10070.640625,57707.92578125
533.9209694862366,2,3153.7,11332.20703125,57707.92578125
534.934948682785,2,2775.2,12141.3125,57707.92578125
535.9529528617859,2,3078.3,11883.51953125,57707.92578125
536.9706921577454,2,1746.8,10941.13671875,57707.92578125
537.9781501293182,2,169.6,12724.3125,57707.92578125
538.9868116378784,2,1338.9,13456.44921875,57707.92578125
539.9969551563263,2,1477.7,14189.26171875,57707.92578125
541.0129523277283,2,1199.7,11173.13671875,57707.92578125
542.0329585075378,2,4593.0,11178.58203125,57707.92578125
543.0571479797363,2,2685.0,12641.09765625,57707.92578125
544.0663166046143,2,2275.6,10640.85546875,57707.92578125
545.0770149230957,2,3776.4,11050.5859375,57707.92578125
546.0858502388,2,2779.5,12524.078125,57707.92578125
547.097282409668,2,1416.8,11008.11328125,57707.92578125
548.104950428009,2,1891.5,10691.38671875,57707.92578125
549.1232259273529,2,1492.5,11021.5546875,57707.92578125
550.131630897522,2,1426.7,2699.140625,58219.93359375
551.138946056366,2,1536.6,3700.5,57707.92578125
552.1539514064789,2,736.2,3638.15625,57707.92578125
553.1609563827515,2,3369.5,5368.83203125,57707.92578125
554.1777019500732,2,1082.8,8847.66015625,57707.92578125
555.1852366924286,2,2830.0,15526.07421875,57707.92578125
556.1930072307587,2,3231.4,14326.328125,57707.92578125
557.2009501457214,2,3369.5,15023.30859375,57707.92578125
558.2192151546478,2,2799.4,14317.61328125,57707.92578125
559.2268760204315,2,2021.1,15423.84765625,57707.92578125
560.2337305545807,2,1237.0,18206.64453125,57707.92578125
561.2445633411407,2,1264.6,19927.50390625,57707.92578125
562.2524139881134,2,100.2,23689.96875,57707.92578125
563.2606716156006,2,101.2,25545.64453125,57707.92578125
564.2688295841217,2,102.2,25495.9609375,57707.92578125
565.2764530181885,2,917.5,25507.1484375,57707.92578125
566.2846014499664,2,1317.4,25254.796875,57707.92578125
567.2926392555237,2,1148.1,25452.47265625,57707.92578125
568.3013138771057,2,523.9,26855.84765625,57707.92578125
569.3099508285522,2,1747.2,26397.5390625,57707.92578125
570.3285765647888,2,1282.4,25391.41015625,57707.92578125
571.3360204696655,2,103.2,28055.03125,57707.92578125
572.3441038131714,2,3001.2,31349.61328125,57707.92578125
573.3523621559143,2,273.9,29082.92578125,57707.92578125
574.3600308895111,2,1386.4,27494.09375,57707.92578125
575.3690922260284,2,1397.4,25906.22265625,57707.92578125
576.3809716701508,2,3283.4,17573.26953125,57707.92578125
577.4119567871094,2,4757.8,17279.42578125,57707.92578125
578.4352757930756,2,3057.3,18856.1484375,57707.92578125
579.4576954841614,2,2557.0,18033.01171875,57707.92578125
580.4643220901489,2,2010.6,13339.21875,57707.92578125
581.4719932079315,2,4328.7,13011.14453125,57707.92578125
582.4801518917084,2,1921.2,13070.27734375,57707.92578125
583.485778093338,2,3631.0,15196.54296875,57707.92578125
584.494381904602,2,1490.7,13410.3203125,57707.92578125
585.5018436908722,2,1598.1,12741.90234375,57707.92578125
586.5089490413666,2,1521.9,12532.6875,57707.92578125
587.5181722640991,2,758.6,2556.44140625,57707.92578125
588.5253841876984,2,1877.4,3553.07421875,57707.92578125
589.5319466590881,2,632.1,3074.9296875,57707.92578125
590.5507543087006,2,4329.0,5019.59765625,57707.92578125
591.5579514503479,2,1344.3,10431.921875,57707.92578125
592.5777587890625,2,3138.9,9754.1171875,57707.92578125
593.5849454402924,2,3132.5,10587.03515625,57707.92578125
594.6037728786469,2,2275.4,9050.0546875,57707.92578125
595.6119186878204,2,2584.9,13684.4296875,58299.92578125
596.6189606189728,2,99.2,17418.9921875,58299.92578125
597.6267282962799,2,1058.0,20386.41015625,58299.92578125
598.636204957962,2,2001.1,20296.06640625,78779.92578125
599.6446318626404,2,100.1,24069.82421875,78779.92578125
600.6538047790527,2,102.3,27742.57421875,78779.92578125
601.6605286598206,2,104.3,31400.37890625,78779.92578125
602.6673650741577,2,106.2,34493.94921875,78779.92578125
603.674961566925,2,106.3,34220.64453125,78779.92578125
604.6817538738251,2,107.2,33946.29296875,78779.92578125
605.689653635025,2,105.1,33709.62109375,78779.92578125
606.6982243061066,2,578.5,33542.9453125,78779.92578125
607.7115681171417,2,1316.5,34222.5390625,78779.92578125
608.7208142280579,2,1289.5,34851.73828125,78779.92578125
609.7320549488068,2,903.9,33520.0703125,78779.92578125
610.7409789562225,2,1502.6,36410.578125,78779.92578125
611.7519624233246,2,278.9,34989.9921875,78779.92578125
612.7803654670715,2,1389.0,33998.5625,78779.92578125
613.7897357940674,2,99.9,36816.10546875,78779.92578125
614.8003370761871,2,2934.7,40064.8125,78779.92578125
615.8106679916382,2,274.5,37820.80078125,78779.92578125
616.8196158409119,2,1432.9,36244.0234375,78779.92578125
617.8295385837555,2,1545.8,34432.66796875,78779.92578125
618.8392944335938,2,103.9,36980.078125,78779.92578125
619.8494534492493,2,103.9,39670.72265625,78779.92578125
620.8609509468079,2,703.3,43995.8515625,78779.92578125
621.8850138187408,2,4754.5,45992.05078125,78867.92578125
622.9049673080444,2,317.5,48745.9140625,79143.92578125
623.9127659797668,2,236.3,41471.19921875,79143.92578125
624.9200360774994,2,2539.5,40455.57421875,79143.92578125
625.9284880161285,2,249.2,38223.875,79143.92578125
626.9357166290283,2,1391.9,36525.04296875,79143.92578125
627.9436645507812,2,1441.2,34587.54296875,79143.92578125
628.9499568939209,2,2501.6,17932.29296875,79143.92578125
629.9709491729736,2,4775.2,17647.6640625,79143.92578125
630.991317987442,2,3612.3,19039.9765625,79143.92578125
632.0072174072266,2,2483.8,18503.8828125,79143.92578125
633.0149550437927,2,2194.2,9912.7421875,79143.92578125
634.0341613292694,2,2993.2,9858.4140625,79143.92578125
635.0424253940582,2,2626.0,9910.19921875,79143.92578125
636.0529515743256,2,1370.1,10504.94140625,79143.92578125
637.0713675022125,2,1217.6,9443.45703125,79143.92578125
638.0799486637115,2,2201.0,8851.625,79143.92578125
639.0949547290802,2,506.2,3614.203125,79143.92578125
640.1024096012115,2,2014.0,4069.9453125,79143.92578125
641.1099479198456,2,2539.7,3475.76171875,79143.92578125
642.13094830513,2,1270.2,8459.76171875,79143.92578125
643.1489684581757,2,3045.1,10103.875,79143.92578125
644.1629490852356,2,2763.9,10951.02734375,79143.92578125
645.1809506416321,2,3124.4,10649.53125,79143.92578125
646.2025122642517,2,3258.3,12115.2578125,79167.92578125
647.2109866142273,2,100.3,15771.703125,79167.92578125
648.2181510925293,2,100.2,19500.67578125,79167.92578125
649.2266230583191,2,1669.1,20127.37109375,79167.92578125
650.2349648475647,2,100.3,23864.1484375,79167.92578125
651.2423593997955,2,102.2,27549.20703125,79167.92578125
652.25048661232,2,103.2,31218.42578125,79167.92578125
653.2584614753723,2,106.3,34704.5859375,79167.92578125
654.2654781341553,2,106.3,34508.046875,79167.92578125
655.2722256183624,2,105.2,34281.76953125,79167.92578125
656.279539346695,2,105.2,34048.35546875,79167.92578125
657.2870757579803,2,205.8,33825.71875,79167.92578125
658.2976336479187,2,1401.2,33835.40625,79167.92578125
659.3082354068756,2,1006.4,33963.109375,79167.92578125
660.318950176239,2,1200.0,34666.03515625,79167.92578125
661.3355076313019,2,823.5,33930.21875,79167.92578125
662.3457267284393,2,461.5,35396.34375,79167.92578125
663.3553981781006,2,1761.2,37456.4296875,79167.92578125
664.3669555187225,2,1312.4,34737.44140625,79167.92578125
665.3754715919495,2,603.6,34888.04296875,79167.92578125
666.3860716819763,2,101.0,36711.00390625,79167.92578125
667.3959491252899,2,2851.8,38861.93359375,79167.92578125
668.4165296554565,2,519.2,39522.2734375,79167.92578125
669.4258122444153,2,1605.8,38170.2265625,79167.92578125
670.4352943897247,2,1138.1,35400.4921875,79167.92578125
671.4502530097961,2,546.9,35921.1796875,79167.92578125
672.459545135498,2,104.1,38600.421875,79167.92578125
673.4686424732208,2,103.0,41369.2109375,79167.92578125
674.4789550304413,2,3548.6,43965.57421875,79167.92578125
675.4986357688904,2,2141.7,48308.1015625,79323.92578125
676.5066678524017,2,103.2,49555.62890625,79323.92578125
677.5149526596069,2,1011.6,40373.60546875,79323.92578125
678.5339970588684,2,1868.9,41982.98046875,79323.92578125
679.5420167446136,2,1427.3,38098.375,79323.92578125
680.5495183467865,2,1116.8,35588.48046875,79323.92578125
681.5579514503479,2,936.0,18317.640625,79323.92578125
682.5789532661438,2,4756.8,18014.0625,79323.92578125
683.6010236740112,2,4776.3,17726.421875,79323.92578125
684.6230669021606,2,2191.0,19510.3671875,79323.92578125
685.6431744098663,2,2084.2,18947.7890625,79323.92578125
686.652952671051,2,1971.8,10454.6015625,79323.92578125
687.6720595359802,2,3183.5,10461.515625,79323.92578125
688.680650472641,2,2606.1,11332.0078125,79323.92578125
689.6899523735046,2,1571.3,10768.76171875,79323.92578125
690.7048108577728,2,1517.9,9791.54296875,79323.92578125
691.7119507789612,2,1625.0,9627.41796875,79323.92578125
692.7231540679932,2,1000.0,3055.4609375,79323.92578125
693.7311022281647,2,1915.7,3998.01171875,79323.92578125
694.7399535179138,2,829.6,3655.9453125,79323.92578125
695.7758419513702,2,3585.7,5743.04296875,79323.92578125
696.7836980819702,2,1825.9,11039.03125,79323.92578125
697.7919797897339,2,2817.1,10252.33984375,79323.92578125
698.8009469509125,2,3776.8,10732.03125,79323.92578125
699.8159508705139,2,2079.0,8761.70703125,79323.92578125
700.8352310657501,2,2412.6,13725.71875,79327.92578125
701.8423907756805,2,100.3,17430.59765625,79327.92578125
702.8493320941925,2,1453.5,20087.08984375,79327.92578125
703.8593406677246,2,865.2,21294.28515625,79327.92578125
704.8671545982361,2,100.2,25073.359375,79327.92578125
705.8749570846558,2,102.3,28739.1328125,79327.92578125
706.8813605308533,2,105.2,32317.71484375,79327.92578125
707.8888278007507,2,105.3,34586.2578125,79327.92578125
708.8956463336945,2,107.2,34318.51171875,79327.92578125
709.9026534557343,2,105.2,34056.61328125,79327.92578125
710.9105117321014,2,104.1,33782.9765625,79327.92578125
711.919593334198,2,868.2,33758.8359375,79327.92578125
712.9299485683441,2,1286.3,34114.80859375,79327.92578125
713.9459023475647,2,710.2,34174.453125,79327.92578125
714.9559545516968,2,1708.1,33532.62109375,79327.92578125
715.9688928127289,2,209.9,34879.61328125,79327.92578125
716.978865146637,2,1746.8,37196.32421875,79327.92578125
717.9892649650574,2,1307.5,34363.03515625,79327.92578125
718.9981129169464,2,606.6,35640.0703125,79327.92578125
720.0089480876923,2,1173.4,38808.84375,79327.92578125
721.0347940921783,2,2222.8,41245.046875,79327.92578125
722.044956445694,2,1621.3,37260.16796875,79327.92578125
723.0680508613586,2,887.0,36251.01953125,79327.92578125
724.0782043933868,2,989.5,34379.98828125,79327.92578125
725.0888419151306,2,186.2,36794.89453125,79327.92578125
726.098295211792,2,105.1,39418.01171875,79327.92578125
727.1063916683197,2,428.9,43160.578125,79327.92578125
728.1199560165405,2,4739.6,43747.8515625,79327.92578125
729.1406135559082,2,960.5,48546.58203125,79387.92578125
730.1484687328339,2,102.2,44490.76171875,79387.92578125
731.1569600105286,2,1962.9,40330.1796875,79387.92578125
732.1765983104706,2,826.2,42140.2109375,79387.92578125
733.1847705841064,2,1510.5,38378.2421875,79387.92578125
734.1923940181732,2,1124.4,35165.62890625,79387.92578125
735.200954914093,2,1641.2,18206.25390625,79387.92578125
736.2219541072845,2,4739.5,17899.16015625,79387.92578125
737.2445969581604,2,4767.8,17563.80078125,79387.92578125
738.2647907733917,2,2724.1,19372.9765625,79387.92578125
739.272036075592,2,1691.0,18720.7265625,79387.92578125
740.282956123352,2,2540.3,10301.15234375,79387.92578125
741.3027927875519,2,2499.8,11657.92578125,79387.92578125
742.3119676113129,2,2275.4,10058.3359375,79387.92578125
743.3192093372345,2,1562.4,10197.26171875,79387.92578125
744.3299481868744,2,1401.0,9760.96484375,79387.92578125
745.3435316085815,2,2139.6,7714.25,79387.92578125
746.351126909256,2,236.1,3929.31640625,79387.92578125
747.3592247962952,2,2062.0,4415.41796875,79387.92578125
748.3679502010345,2,2740.5,3559.51953125,79387.92578125
749.4122619628906,2,1601.7,7978.87109375,79387.92578125
750.4219624996185,2,3198.5,9593.40625,79387.92578125
751.4339501857758,2,2796.6,10429.41015625,79387.92578125
752.4525892734528,2,2173.2,8118.65625,79387.92578125
753.4602537155151,2,2948.0,13025.15625,79407.92578125
754.4673883914948,2,100.1,16720.6953125,79407.92578125
755.475888967514,2,831.2,19857.69140625,79407.92578125
756.4878478050232,2,949.6,20309.40625,79407.92578125
757.4955477714539,2,100.2,24067.3359375,79407.92578125
758.5036489963531,2,103.3,27679.94140625,79407.92578125
759.5104446411133,2,105.1,31262.78515625,79407.92578125
760.5186080932617,2,105.1,33765.9375,79407.92578125
761.5269162654877,2,105.2,33558.21875,79407.92578125
762.5344324111938,2,104.2,33356.27734375,79407.92578125
763.5420069694519,2,104.2,33161.25,79407.92578125
764.5495820045471,2,787.4,33054.78515625,79407.92578125
765.5580105781555,2,1001.8,33335.0703125,79407.92578125
766.5702428817749,2,1132.6,33265.65234375,79407.92578125
767.5812299251556,2,964.5,34582.4375,79407.92578125
768.592072725296,2,1046.8,33665.4453125,79407.92578125
769.6027426719666,2,569.4,35634.51953125,79407.92578125
770.6149497032166,2,1940.7,34934.76953125,79407.92578125
771.6355998516083,2,1070.8,33743.17578125,79407.92578125
772.6451187133789,2,211.9,36241.2109375,79407.92578125
773.654947757721,2,2548.1,38566.05859375,79407.92578125
774.6752986907959,2,861.4,40892.31640625,79407.92578125
775.6853032112122,2,1633.9,37352.95703125,79407.92578125
776.6946079730988,2,1269.5,34822.015625,79407.92578125
777.7052266597748,2,650.5,34578.60546875,79407.92578125
778.7153086662292,2,104.8,35995.3046875,79407.92578125
779.7265491485596,2,103.0,38441.28515625,79407.92578125
780.7366602420807,2,105.9,41137.53515625,79407.92578125
781.74795794487,2,4182.9,43447.1953125,79407.92578125
782.7677178382874,2,1729.0,48193.703125,79467.92578125
783.7757213115692,2,101.2,48148.86328125,79467.92578125
784.7839591503143,2,1311.6,40070.35546875,79467.92578125
785.8038070201874,2,1597.6,41774.109375,79467.92578125
786.8115305900574,2,1447.6,37930.46875,79467.92578125
787.8187122344971,2,1112.6,35269.53125,79467.92578125
788.8269536495209,2,1055.4,17985.53125,79467.92578125
789.8479535579681,2,4753.3,17670.98046875,79467.92578125
790.868946313858,2,4779.0,17403.19140625,79467.92578125
791.889954328537,2,2859.5,19252.8125,79467.92578125
792.9064292907715,2,1793.6,18461.63671875,79467.92578125
793.9159586429596,2,2246.6,9941.9921875,79467.92578125
794.935949087143,2,2760.6,9766.58984375,79467.92578125
795.9433450698853,2,2323.1,9747.79296875,79467.92578125
796.9509527683258,2,1506.5,10068.51171875,79467.92578125
797.9699516296387,2,1228.1,9508.640625,79467.92578125
798.9784083366394,2,1813.5,5680.76171875,79467.92578125
799.985949754715,2,692.5,3787.078125,79467.92578125
801.0041275024414,2,1626.0,4351.76953125,79467.92578125
802.0119490623474,2,2799.6,3440.38671875,79467.92578125
803.0564427375793,2,1544.6,7907.109375,79467.92578125
804.0639660358429,2,3265.9,9241.56640625,79467.92578125
805.0910685062408,2,2767.0,10043.68359375,79467.92578125
806.108950138092,2,2126.5,8331.48046875,79467.92578125
807.1283779144287,2,2281.3,13128.75,79467.92578125
808.1360683441162,2,100.3,16817.10546875,79467.92578125
809.1439890861511,2,1571.2,19396.82421875,79467.92578125
810.1803019046783,2,154.2,20992.40234375,79467.92578125
811.1885468959808,2,100.3,24739.76953125,79467.92578125
812.1954381465912,2,104.1,28427.43359375,79467.92578125
813.2040474414825,2,101.2,32065.109375,79467.92578125
814.2115025520325,2,106.2,33788.59375,79467.92578125
815.2193431854248,2,104.2,33579.9609375,79467.92578125
816.2265546321869,2,105.2,33323.1171875,79467.92578125
817.2339932918549,2,103.3,33113.28125,79467.92578125
818.2410063743591,2,962.0,32985.84765625,79467.92578125
819.2493515014648,2,1095.7,33525.296875,79467.92578125
820.2569682598114,2,621.7,33693.33984375,79467.92578125
821.2638664245605,2,1661.7,32846.1328125,79467.92578125
822.2719511985779,2,1415.1,35368.87890625,79467.92578125
823.290384054184,2,963.1,35108.296875,79467.92578125
824.2974824905396,2,920.6,34316.99609375,79467.92578125
825.3054821491241,2,101.2,37120.88671875,79467.92578125
826.3134019374847,2,2981.6,40288.8828125,79467.92578125
827.3219532966614,2,699.9,36624.56640625,79467.92578125
828.3403046131134,2,1605.3,35271.109375,79467.92578125
829.3532769680023,2,956.3,34301.2265625,79467.92578125
830.3611867427826,2,103.3,36941.73046875,79467.92578125
831.368406534195,2,104.2,39631.43359375,79467.92578125
832.3759508132935,2,1626.3,43429.390625,79467.92578125
833.3982079029083,2,4123.1,46969.05078125,79507.92578125
834.4066898822784,2,102.3,48622.5703125,79507.92578125
835.4137156009674,2,299.6,41253.4296875,79507.92578125
836.4217524528503,2,2575.7,40218.65625,79507.92578125
837.4300050735474,2,273.0,38075.20703125,79507.92578125
838.4379525184631,2,1514.8,35711.01171875,79507.92578125
839.4565196037292,2,1368.2,32505.23828125,79507.92578125
840.4649541378021,2,2674.2,17611.58984375,79507.92578125
841.4859471321106,2,4771.2,17295.90234375,79507.92578125
842.5058441162109,2,3737.7,18933.09765625,79507.92578125
843.5133059024811,2,1739.4,18687.44140625,79507.92578125
844.5216948986053,2,2306.1,18097.16796875,79507.92578125
845.5299141407013,2,2750.1,9926.1484375,79507.92578125
846.5375244617462,2,2371.3,10962.78125,79507.92578125
847.5471155643463,2,1180.4,10118.01171875,79507.92578125
848.555281162262,2,1704.0,9160.06640625,79507.92578125
849.5629503726959,2,1495.5,8955.921875,79507.92578125
850.5766310691833,2,563.4,3418.93359375,79507.92578125
851.5848631858826,2,2231.9,3912.57421875,79507.92578125
852.5929477214813,2,2244.2,3439.515625,79507.92578125
853.6357684135437,2,1503.0,8114.375,79507.92578125
854.6459681987762,2,3197.5,9410.42578125,79507.92578125
855.6705613136292,2,2781.9,10245.98828125,79507.92578125
856.6869571208954,2,2095.7,8069.48828125,79507.92578125
857.7066850662231,2,2473.5,12967.4453125,79507.92578125
858.714103937149,2,99.3,16660.7421875,79507.92578125
859.7210223674774,2,1310.0,19400.80078125,79507.92578125
860.7310316562653,2,918.4,20271.62109375,79507.92578125
861.7392976284027,2,100.3,23986.3046875,79507.92578125
862.7461407184601,2,103.3,27598.15625,79507.92578125
863.7530272006989,2,103.2,31194.0078125,79507.92578125
864.760326385498,2,105.3,33601.140625,79507.92578125
865.7671933174133,2,104.2,33438.625,79507.92578125
866.7749090194702,2,105.2,33203.86328125,79507.92578125
867.7826747894287,2,104.3,32984.484375,79507.92578125
868.7897436618805,2,288.1,32829.45703125,79507.92578125
869.7998270988464,2,1432.6,32804.5,79507.92578125
870.8079719543457,2,1076.8,32860.2265625,79507.92578125
871.8228425979614,2,1152.3,34335.421875,79507.92578125
872.8339622020721,2,879.5,33122.9296875,79507.92578125
873.8537175655365,2,345.7,34221.2421875,79507.92578125
874.8633289337158,2,1815.0,36332.3359375,79507.92578125
875.8737685680389,2,902.7,35013.81640625,79507.92578125
876.8849606513977,2,931.1,33540.68359375,79507.92578125
877.8999729156494,2,255.7,35790.44921875,79507.92578125
878.9088337421417,2,2107.0,38332.484375,79507.92578125
879.9326415061951,2,1297.3,41248.890625,79507.92578125
880.9424469470978,2,1530.9,37240.56640625,79507.92578125
881.9503033161163,2,1117.4,34904.1953125,79507.92578125
882.9580020904541,2,542.9,35665.70703125,79507.92578125
883.965518951416,2,103.2,38369.1328125,79507.92578125
884.9731991291046,2,103.2,41064.73828125,79507.92578125
885.9809594154358,2,3893.1,43460.65625,79507.92578125
887.0008702278137,2,1775.9,47794.72265625,79567.92578125
888.0093071460724,2,103.3,48426.15234375,79567.92578125
889.0169551372528,2,1161.2,39882.31640625,79567.92578125
890.0361382961273,2,1733.6,41502.75390625,79567.92578125
891.0443382263184,2,1424.4,37662.7109375,79567.92578125
892.0524499416351,2,1124.0,35104.8515625,79567.92578125
893.059951543808,2,907.2,17774.84375,79567.92578125
894.0809555053711,2,4767.6,17465.765625,79567.92578125
895.1009459495544,2,4772.5,17222.2578125,79567.92578125
896.1215691566467,2,2814.4,18914.171875,79567.92578125
897.1298539638519,2,1635.4,18222.33984375,79567.92578125
898.13996052742,2,2653.0,9813.375,79567.92578125
899.1599559783936,2,2463.7,11141.13671875,79567.92578125
900.1761825084686,2,1928.6,9731.73828125,79567.92578125
901.1830866336823,2,1756.3,9372.74609375,79567.92578125
902.1908166408539,2,1340.9,9542.046875,79567.92578125
903.1976654529572,2,1264.2,2993.23046875,80079.93359375
904.2049496173859,2,562.3,4525.05078125,79567.92578125
905.223051071167,2,1753.1,5072.11328125,79567.92578125
906.2319512367249,2,3399.9,4039.6796875,79567.92578125
907.2748317718506,2,2660.9,6915.4921875,79567.92578125
908.2822816371918,2,2055.8,12618.73828125,79567.92578125
909.2906634807587,2,3282.5,11783.125,79567.92578125
910.297949552536,2,3422.9,12459.765625,79567.92578125
911.316296339035,2,2013.0,9639.6875,79567.92578125
912.3248071670532,2,4074.3,15475.44921875,80103.92578125
913.3319926261902,2,99.3,19176.0078125,80103.92578125
914.3389801979065,2,101.2,22933.7890625,80103.92578125
915.3469896316528,2,2041.6,21988.19140625,80103.92578125
916.3545446395874,2,101.2,25734.04296875,80103.92578125
917.3623919487,2,103.2,29394.73828125,80103.92578125
918.3701436519623,2,104.1,33072.4765625,80103.92578125
919.3784537315369,2,107.2,36621.2578125,80103.92578125
920.3858687877655,2,108.2,36514.046875,80103.92578125
921.3930604457855,2,108.2,36206.203125,80103.92578125
922.400203704834,2,106.2,35904.1484375,80103.92578125
923.4078388214111,2,107.2,35564.9453125,80103.92578125
924.4148914813995,2,1441.9,35305.94921875,80103.92578125
925.42262840271,2,923.2,35456.2890625,80103.92578125
926.4299879074097,2,1210.1,35745.66796875,80103.92578125
927.4381461143494,2,540.9,35881.11328125,80103.92578125
928.445723772049,2,1516.7,38039.2109375,80103.92578125
929.4538595676422,2,805.3,36149.22265625,80103.92578125
930.4609999656677,2,861.0,36554.19921875,80103.92578125
931.469957113266,2,370.6,40213.41015625,80103.92578125
932.481162071228,2,2594.4,42485.20703125,80103.92578125
933.4899535179138,2,1111.3,38564.48046875,80103.92578125
934.5090072154999,2,1186.0,37662.44921875,80103.92578125
935.5164926052094,2,887.0,36799.08984375,80103.92578125
936.5243680477142,2,104.1,39443.89453125,80103.92578125
937.5325303077698,2,104.2,42153.4921875,80103.92578125
938.5399568080902,2,2531.0,45397.48828125,80103.92578125
939.5596239566803,2,3124.8,49326.79296875,104679.92578125
940.5676345825195,2,103.2,50655.484375,104679.92578125
941.5750489234924,2,370.0,43584.4296875,104679.92578125
942.5832154750824,2,2567.9,42620.59765625,104679.92578125
943.5919601917267,2,1024.2,38966.49609375,104679.92578125
944.6117835044861,2,1228.3,37856.8828125,104679.92578125
945.6196398735046,2,868.9,25629.52734375,104679.92578125
946.6279516220093,2,3727.5,19444.81640625,104679.92578125
947.6489481925964,2,4771.3,19197.45703125,104679.92578125
948.6689510345459,2,4770.0,18932.97265625,104679.92578125
949.6920216083527,2,2816.2,21602.734375,104683.92578125
950.7098634243011,2,2241.5,20884.42578125,104683.92578125
951.7292726039886,2,2154.0,20389.7734375,104683.92578125
952.7379548549652,2,3469.9,12193.671875,104683.92578125
953.7579567432404,2,2003.0,13657.5703125,104683.92578125
954.7776470184326,2,2399.2,11648.359375,104683.92578125
955.7845969200134,2,1608.6,11689.02734375,104683.92578125
956.8016757965088,2,1073.1,11398.8671875,104683.92578125
957.8090171813965,2,1884.5,5503.78125,104683.92578125
958.8177490234375,2,103.2,4145.375,104683.92578125
959.8252325057983,2,2219.0,4672.87109375,104683.92578125
960.8326876163483,2,1934.3,4082.59765625,104683.92578125
961.8774733543396,2,4397.1,6075.6171875,104683.92578125
962.8849558830261,2,1175.5,10051.75,104683.92578125
963.9049546718597,2,3017.1,11829.91796875,104683.92578125
964.9249486923218,2,2793.6,12683.6875,104683.92578125
965.9435589313507,2,3521.0,12195.953125,104683.92578125
966.9519591331482,2,3306.9,13374.35546875,104735.92578125
967.9723327159882,2,1522.7,18011.859375,105271.92578125
968.9796590805054,2,100.2,21731.3984375,105271.92578125
969.9872167110443,2,1907.6,22628.70703125,105271.92578125
970.9942348003387,2,105.1,24828.73828125,105271.92578125
972.0023319721222,2,102.2,28520.77734375,105271.92578125
973.0096704959869,2,107.1,32073.85546875,105271.92578125
974.0176384449005,2,107.2,35597.703125,105271.92578125
975.0253081321716,2,108.2,37126.98828125,105271.92578125
976.0329823493958,2,108.2,36781.7734375,105271.92578125
977.0406174659729,2,109.0,36369.4375,105271.92578125
978.050047159195,2,107.0,36031.015625,105271.92578125
979.0598237514496,2,888.0,35816.8203125,105271.92578125
980.0687708854675,2,1132.9,36189.73828125,105271.92578125
981.0813064575195,2,1355.1,36557.2265625,105271.92578125
982.0916078090668,2,927.8,35154.796875,105271.92578125
983.1029527187347,2,1318.1,37499.16796875,105271.92578125
984.123762845993,2,1154.1,37112.265625,105271.92578125
985.1331372261047,2,946.5,36294.8828125,105271.92578125
986.1431365013123,2,102.0,38999.42578125,105271.92578125
987.1529788970947,2,3026.0,42187.94140625,105271.92578125
988.16255402565,2,181.3,38943.6953125,105271.92578125
989.1729519367218,2,1822.6,37336.7890625,105271.92578125
990.1936213970184,2,1273.1,36027.00390625,105271.92578125
991.2029118537903,2,104.0,38659.30078125,105271.92578125
992.2122399806976,2,103.0,41382.50390625,105271.92578125
993.2219529151917,2,1101.1,45593.07421875,105271.92578125
994.2429490089417,2,4749.1,48839.66015625,105295.92578125
995.2507073879242,2,100.2,50550.0625,105295.92578125
996.2589857578278,2,325.0,42922.90625,105295.92578125
997.2899634838104,2,2541.6,41974.5859375,105295.92578125
998.3072905540466,2,236.2,39841.9296875,105295.92578125
999.3149785995483,2,1364.5,38135.9921875,105295.92578125
1000.3226187229156,2,1394.6,36293.328125,105295.92578125
1001.3319623470306,2,2088.3,19746.78125,105295.92578125
1002.3529531955719,2,4775.2,19471.58203125,105295.92578125
1003.376161813736,2,4774.9,19193.05078125,105295.92578125
1004.3962779045105,2,4646.0,21910.48046875,105295.92578125
1005.4046213626862,2,2011.4,21672.06640625,105295.92578125
1006.4133014678955,2,1603.6,21047.96484375,105295.92578125
1007.4192299842834,2,1870.6,14002.27734375,105295.92578125
1008.4275002479553,2,3703.3,12520.62109375,105295.92578125
1009.4346444606781,2,2629.2,13858.31640625,105295.92578125
1010.4461205005646,2,1681.0,12016.34765625,105295.92578125
1011.4531240463257,2,1797.7,11430.1328125,105295.92578125
1012.4600248336792,2,1267.9,11607.55859375,105295.92578125
1013.4674985408783,2,1181.9,3036.515625,105807.93359375
1014.474946975708,2,1012.8,4289.65625,105295.92578125
1015.489884853363,2,1297.6,4863.8203125,105295.92578125
1016.4979462623596,2,3719.4,3764.35546875,105295.92578125
1017.5468163490295,2,1391.7,7288.5859375,105295.92578125
1018.5549499988556,2,2598.2,11299.68359375,105295.92578125
1019.5745165348053,2,2708.7,12156.05859375,105295.92578125
1020.581529378891,2,4256.5,12391.67578125,105295.92578125
1021.5889573097229,2,2439.4,10823.625,105295.92578125
1022.6092681884766,2,2754.8,16071.21484375,105435.92578125
1023.6165189743042,2,99.3,19781.66796875,105435.92578125
1024.6233570575714,2,1143.7,22699.65625,105435.92578125
1025.6357533931732,2,1441.4,22073.41796875,105435.92578125
1026.643669128418,2,100.2,25786.26171875,105435.92578125
1027.6515400409698,2,104.3,29396.10546875,105435.92578125
1028.6582400798798,2,104.3,32966.9765625,105435.92578125
1029.665290594101,2,107.2,36120.79296875,105435.92578125
1030.6728298664093,2,108.2,35864.04296875,105435.92578125
1031.6804628372192,2,106.1,35548.30859375,105435.92578125
1032.6886506080627,2,107.2,35201.390625,105435.92578125
1033.6959648132324,2,101.3,35040.546875,105435.92578125
1034.702986240387,2,1321.2,35002.0625,105435.92578125
1035.7119898796082,2,940.3,34864.65234375,105435.92578125
1036.7222900390625,2,1150.7,35908.94140625,105435.92578125
1037.7294049263,2,701.0,34773.83203125,105435.92578125
1038.7359533309937,2,963.6,36986.26171875,105435.92578125
1039.7542946338654,2,965.4,37141.84765625,105435.92578125
1040.7621545791626,2,1195.6,35714.328125,105435.92578125
1041.769977092743,2,570.0,36219.046875,105435.92578125
1042.7769556045532,2,413.3,39874.64453125,105435.92578125
1043.7858788967133,2,2675.1,42254.76171875,105435.92578125
1044.7929480075836,2,1222.0,38292.55078125,105435.92578125
1045.8114573955536,2,1204.7,37460.765625,105435.92578125
1046.818285703659,2,979.9,36208.3359375,105435.92578125
1047.825508594513,2,103.2,38882.53125,105435.92578125
1048.8329138755798,2,104.2,41528.5703125,105435.92578125
1049.8409502506256,2,1909.2,45169.03515625,105435.92578125
1050.859442949295,2,3876.5,48697.08984375,105435.92578125
1051.8669707775116,2,103.2,50317.13671875,105435.92578125
1052.8745975494385,2,316.3,43078.02734375,105435.92578125
1053.8830983638763,2,2564.2,42009.296875,105435.92578125
1054.8899953365326,2,204.8,39840.80078125,105435.92578125
1055.8959503173828,2,1726.5,37365.3984375,105435.92578125
1056.915142774582,2,1162.6,33674.84765625,105435.92578125
1057.9239573478699,2,2749.6,19221.59765625,105435.92578125
1058.9455437660217,2,4771.9,18899.84765625,105435.92578125
1059.9659538269043,2,4774.2,18691.96875,105435.92578125
1060.9860463142395,2,2989.5,21542.27734375,105435.92578125
1061.9949688911438,2,2186.2,20769.7578125,105435.92578125
1063.0016508102417,2,2203.9,20042.58203125,105435.92578125
1064.0289568901062,2,2788.7,11681.05078125,105435.92578125
1065.0429515838623,2,2411.5,11450.6015625,105435.92578125
1066.053953886032,2,2948.6,11659.01171875,105435.92578125
1067.0868203639984,2,1352.5,11909.21875,105435.92578125
1068.0943131446838,2,1382.8,10822.1328125,105435.92578125
1069.102355480194,2,1630.9,9877.68359375,105435.92578125
1070.1098082065582,2,242.3,3852.421875,105435.92578125
1071.116853237152,2,2120.8,4242.97265625,105435.92578125
1072.1249558925629,2,2626.8,3485.0234375,105435.92578125
1073.1693589687347,2,1394.4,8101.640625,105547.92578125
1074.1789650917053,2,3277.5,9456.96484375,105547.92578125
1075.2034883499146,2,2729.1,10317.20703125,105547.92578125
1076.2199909687042,2,2080.5,8173.328125,105547.92578125
1077.2528159618378,2,2497.5,13102.0078125,105555.92578125
1078.2597515583038,2,100.3,16793.109375,105555.92578125
1079.2665462493896,2,1275.5,19557.6875,105555.92578125
1080.2771825790405,2,1067.7,20821.046875,105555.92578125
1081.2849481105804,2,100.2,24547.890625,105555.92578125
1082.2924814224243,2,103.3,28218.765625,105555.92578125
1083.2995183467865,2,104.3,31794.25,105555.92578125
1084.306585073471,2,106.2,34171.9453125,105555.92578125
1085.3137185573578,2,106.2,33890.3515625,105555.92578125
1086.3209042549133,2,105.2,33637.62890625,105555.92578125
1087.328204870224,2,104.3,33338.890625,105555.92578125
1088.3350462913513,2,814.6,33316.18359375,105555.92578125
1089.3466844558716,2,1174.1,33784.18359375,105555.92578125
1090.3559794425964,2,1341.2,34495.18359375,105555.92578125
1091.3669645786285,2,785.3,33217.48828125,105555.92578125
1092.3869535923004,2,711.8,35517.3671875,105555.92578125
1093.4079535007477,2,1886.4,34874.69921875,105555.92578125
1094.42076253891,2,942.9,33587.70703125,105555.92578125
1095.4326162338257,2,184.6,36168.546875,105555.92578125
1096.4398097991943,2,2604.1,38459.08984375,105555.92578125
1097.4559388160706,2,511.4,39265.55859375,105555.92578125
1098.4629971981049,2,1493.6,37722.19140625,105555.92578125
1099.471361875534,2,1204.9,34575.32421875,105555.92578125
1100.4805188179016,2,558.8,35873.58203125,105555.92578125
1101.4879858493805,2,105.2,38510.09375,105555.92578125
1102.4955348968506,2,103.2,41264.95703125,105555.92578125
1103.503956079483,2,4036.8,43513.2890625,105555.92578125
1104.5234105587006,2,1721.4,47975.95703125,105555.92578125
1105.531239271164,2,101.2,48035.65234375,105555.92578125
1106.5399589538574,2,1208.7,39793.29296875,105555.92578125
1107.559422492981,2,1714.5,41458.12109375,105555.92578125
1108.5672113895416,2,1431.0,37606.75390625,105555.92578125
1109.574952840805,2,1065.2,35116.8671875,105555.92578125
1110.590940952301,2,852.5,17890.25,105555.92578125
1111.6024754047394,2,4769.4,17599.30859375,105555.92578125
1112.6264672279358,2,4769.2,17283.0625,105555.92578125
1113.6479740142822,2,2903.3,18938.11328125,105555.92578125
1114.6598308086395,2,1630.5,18281.5390625,105555.92578125
1115.6718101501465,2,2493.1,9791.6328125,105555.92578125
1116.6927230358124,2,2458.2,11174.2578125,105555.92578125
1117.7014672756195,2,2108.9,9639.59375,105555.92578125
1118.7085719108582,2,1697.3,9476.21484375,105555.92578125
1119.7148773670197,2,1120.5,9542.84765625,105555.92578125
1120.7341797351837,2,1238.0,2958.90625,106067.93359375
1121.7419464588165,2,1548.9,4207.359375,105555.92578125
1122.7570016384125,2,795.9,4145.1015625,105555.92578125
1123.7645874023438,2,3699.8,4992.06640625,105555.92578125
1124.7719511985779,2,1452.7,12003.67578125,105555.92578125
1125.7922220230103,2,2643.1,9647.44140625,105555.92578125
1126.799697637558,2,3214.8,10318.3125,105555.92578125
1127.80695438385,2,2522.1,9417.6640625,105555.92578125
1128.8272659778595,2,1494.0,13803.16796875,105559.92578125
1129.83522772789,2,99.3,17500.15234375,105559.92578125
1130.8427731990814,2,1655.6,18016.1015625,105559.92578125
1131.8508217334747,2,100.2,21683.43359375,105559.92578125
1132.8590009212494,2,101.4,25396.95703125,105559.92578125
1133.8650949001312,2,103.3,29102.23046875,105559.92578125
1134.8718445301056,2,104.2,32733.74609375,105559.92578125
1135.8791201114655,2,106.2,33890.421875,105559.92578125
1136.8861939907074,2,105.2,33683.48828125,105559.92578125
1137.894044160843,2,105.2,33483.65234375,105559.92578125
1138.901169538498,2,104.3,33280.68359375,105559.92578125
1139.908053636551,2,1190.4,33497.6015625,105559.92578125
1140.9161412715912,2,1244.1,33266.4609375,105559.92578125
1141.9241118431091,2,1226.0,33802.1171875,105559.92578125
1142.9331336021423,2,572.0,34000.390625,105559.92578125
1143.941820383072,2,1613.3,36133.41796875,105559.92578125
1144.9496793746948,2,823.1,35089.37109375,105559.92578125
1145.9580376148224,2,928.3,33706.9375,105559.92578125
1146.9651939868927,2,102.1,35294.77734375,105559.92578125
1147.9749548435211,2,1086.5,38146.30859375,105559.92578125
1148.9942338466644,2,2111.4,40894.53125,105559.92578125
1150.0019693374634,2,1463.8,36821.39453125,105559.92578125
1151.0106604099274,2,789.8,35733.34375,105559.92578125
1152.0184376239777,2,891.3,34737.078125,105559.92578125
1153.0259757041931,2,104.1,37313.88671875,105559.92578125
1154.0343163013458,2,104.3,39969.7578125,105559.92578125
1155.0419595241547,2,2011.3,43521.09375,105559.92578125
1156.0614199638367,2,3658.8,47171.78515625,105587.92578125
1157.0687754154205,2,103.2,48825.453125,105587.92578125
1158.076049566269,2,259.0,41258.0390625,105587.92578125
1159.083836555481,2,2557.4,40273.78125,105587.92578125
1160.0910987854004,2,260.8,38125.4609375,105587.92578125
1161.0999581813812,2,1602.9,35659.35546875,105587.92578125
1162.1183652877808,2,1266.0,33080.96875,105587.92578125
1163.1259589195251,2,2569.3,17465.95703125,105587.92578125
1164.1469478607178,2,4772.0,17240.12109375,105587.92578125
1165.1666901111603,2,4153.3,19047.59375,105587.92578125
1166.1747195720673,2,1844.6,18556.65625,105587.92578125
1167.1814515590668,2,2521.3,17971.89453125,105587.92578125
1168.187710762024,2,2797.6,9967.32421875,105587.92578125
1169.1957168579102,2,2363.9,10973.98828125,105587.92578125
1170.2055292129517,2,1236.3,10054.82421875,105587.92578125
1171.2124552726746,2,1667.7,9174.7578125,105587.92578125
1172.2193043231964,2,1813.2,8845.58203125,105587.92578125
1173.226329088211,2,824.9,3014.60546875,105587.92578125
1174.2348928451538,2,2276.3,3800.6171875,105587.92578125
1175.2439498901367,2,1572.8,3191.5703125,105587.92578125
1176.2669522762299,2,1957.7,8992.61328125,105587.92578125
1177.2867834568024,2,1946.4,8168.734375,105587.92578125
1178.2949521541595,2,3531.2,8716.984375,105587.92578125
1179.3140082359314,2,2697.2,9023.73828125,105587.92578125
1180.3216879367828,2,100.2,12676.93359375,105587.92578125
1181.329311132431,2,1759.0,13479.7265625,105587.92578125
1182.3366849422455,2,100.3,17139.33203125,105587.92578125
1183.3435807228088,2,102.2,19730.6171875,105587.92578125
1184.350984096527,2,101.3,19671.69140625,105587.92578125
1185.357681274414,2,660.1,19586.2890625,105587.92578125
1186.365075826645,2,1326.2,19789.3671875,105587.92578125
1187.372956752777,2,1100.8,20140.9453125,105587.92578125
1188.3799982070923,2,846.6,20480.5,105587.92578125
1189.3875751495361,2,1475.8,23146.12109375,105587.92578125
1190.395821094513,2,1300.7,20009.9140625,105587.92578125
1191.4045288562775,2,356.4,21833.78125,105587.92578125
1192.4119572639465,2,1816.8,24539.359375,105587.92578125
1193.431762456894,2,1134.9,27584.55859375,105587.92578125
1194.438791513443,2,1490.8,23381.40234375,105587.92578125
1195.4469156265259,2,1073.7,20960.09375,105587.92578125
1196.4599540233612,2,1487.8,11950.32421875,105587.92578125
1197.4809484481812,2,4768.3,11760.83203125,105587.92578125
1198.5008561611176,2,3157.1,12712.19140625,105587.92578125
1199.5096893310547,2,2080.2,10937.28515625,105587.92578125
1200.5190906524658,2,2654.7,7977.30859375,105587.92578125
1201.5260217189789,2,1750.5,8002.37109375,105587.92578125
1202.5342845916748,2,1694.5,7760.11328125,105587.92578125
1203.5422403812408,2,1281.9,8017.01171875,105587.92578125
1204.5501174926758,2,1342.7,3193.11328125,106099.93359375
1205.5578150749207,2,1736.5,3905.2734375,105587.92578125
1206.565952539444,2,794.2,3671.69921875,105587.92578125
1207.5766398906708,2,3160.2,5721.27734375,105587.92578125
1208.5841834545135,2,1601.9,9506.109375,105587.92578125
1209.5917100906372,2,2568.9,10297.66796875,105587.92578125
1210.5999510288239,2,3609.7,10821.3515625,105587.92578125
1211.618673324585,2,3022.7,10791.28515625,105587.92578125
1212.6403062343597,2,469.0,14623.21875,105587.92578125
1213.6486721038818,2,100.3,18296.5625,105587.92578125
1214.6558356285095,2,1640.4,18571.328125,105587.92578125
1215.6629085540771,2,100.3,22278.80859375,105587.92578125
1216.6703383922577,2,101.3,25956.30078125,105587.92578125
1217.677173614502,2,102.2,29636.4453125,105587.92578125
1218.6846816539764,2,105.3,33255.18359375,105587.92578125
1219.6915459632874,2,105.3,33665.078125,105587.92578125
1220.6983251571655,2,104.2,33500.6328125,105587.92578125
1221.7063219547272,2,105.2,33297.05078125,105587.92578125
1222.7138447761536,2,101.2,33177.08203125,105587.92578125
1223.7218441963196,2,1380.4,33451.9375,105587.92578125
1224.7324540615082,2,949.4,33311.01953125,105587.92578125
1225.7426178455353,2,657.6,33875.7578125,105587.92578125
1226.7538652420044,2,1409.7,33905.3046875,105587.92578125
1227.764690876007,2,645.6,33968.64453125,105587.92578125
1228.7749536037445,2,1822.2,36077.65234375,105587.92578125
1229.7840116024017,2,261.4,34774.60546875,105587.92578125
1230.809057712555,2,1162.7,33905.05078125,105587.92578125
1231.8178219795227,2,639.2,34255.25,105587.92578125
1232.8268859386444,2,102.3,36225.51953125,105587.92578125
1233.8339483737946,2,2974.5,38257.90234375,105587.92578125
1234.8460988998413,2,440.3,38870.84765625,105587.92578125
1235.8545091152191,2,1581.3,37707.890625,105587.92578125
1236.8625288009644,2,1232.0,34592.8984375,105587.92578125
1237.87064743042,2,635.1,35487.20703125,105587.92578125
1238.8784127235413,2,104.1,38137.99609375,105587.92578125
1239.8867087364197,2,104.2,40903.48046875,105587.92578125
1240.8949618339539,2,3442.0,43521.37890625,105587.92578125
1241.9163801670074,2,2532.9,47732.80078125,105587.92578125
1242.9233586788177,2,102.3,49150.09765625,105587.92578125
1243.9306616783142,2,351.8,39894.87890625,105587.92578125
1244.940036058426,2,2499.6,41187.74609375,105587.92578125
1245.9480707645416,2,1495.7,37256.3359375,105587.92578125
1246.9558646678925,2,780.6,35524.91796875,105587.92578125
1247.9638419151306,2,866.3,20907.44921875,105587.92578125
1248.9719603061676,2,4129.6,17573.109375,105587.92578125
1249.992947101593,2,4778.3,17294.37890625,105587.92578125
1251.012707710266,2,2652.9,19072.34765625,105587.92578125
1252.022542476654,2,2222.0,18348.06640625,105587.92578125
1253.0299491882324,2,1887.1,9862.55859375,105587.92578125
1254.0489690303802,2,3045.7,9842.58984375,105587.92578125
1255.0591866970062,2,2472.8,9561.27734375,105587.92578125
1256.0669527053833,2,1462.3,10418.96484375,105587.92578125
1257.0783500671387,2,1063.3,9417.33984375,105587.92578125
1258.0865235328674,2,1910.8,6740.6640625,105587.92578125
1259.0939538478851,2,541.9,3849.30078125,105587.92578125
1260.1088662147522,2,1850.7,4361.37890625,105587.92578125
1261.1179490089417,2,2826.5,3569.30859375,105587.92578125
1262.1623542308807,2,1422.6,8296.578125,105587.92578125
1263.1709430217743,2,3197.6,9629.9765625,105587.92578125
1264.1879487037659,2,2700.0,10429.9140625,105587.92578125
1265.2061021327972,2,2131.7,8185.453125,105587.92578125
1266.2496404647827,2,2563.4,12981.69140625,105587.92578125
1267.2576248645782,2,101.2,16649.33203125,105587.92578125
1268.2653708457947,2,941.7,19696.0703125,105587.92578125
1269.2768425941467,2,809.6,20962.12109375,105587.92578125
1270.2843115329742,2,102.2,24697.6640625,105587.92578125
1271.2917358875275,2,102.3,28395.765625,105587.92578125
1272.2990255355835,2,105.2,31982.671875,105587.92578125
1273.3068578243256,2,105.2,34286.5625,105587.92578125
1274.314117193222,2,106.2,34027.83984375,105587.92578125
1275.3220162391663,2,106.2,33794.12109375,105587.92578125
1276.3297321796417,2,104.3,33563.23828125,105587.92578125
1277.3366038799286,2,859.7,33573.125,105587.92578125
1278.3479635715485,2,1210.6,33904.515625,105587.92578125
1279.3599560260773,2,1258.0,34481.00390625,105587.92578125
1280.3832557201385,2,786.9,33629.1640625,105587.92578125
1281.3933775424957,2,439.1,35019.12890625,105587.92578125
1282.4022471904755,2,1601.8,37097.35546875,105587.92578125
1283.413029909134,2,810.2,34709.89453125,105587.92578125
1284.4238905906677,2,957.0,33804.8125,105587.92578125
1285.4353547096252,2,102.9,35353.46484375,105587.92578125
1286.4459521770477,2,1211.6,38456.890625,105587.92578125
1287.4666593074799,2,2142.5,41075.15625,105587.92578125
1288.4759874343872,2,1501.2,37059.45703125,105587.92578125
1289.50253367424,2,771.6,35599.69921875,105587.92578125
1290.5106971263885,2,884.2,35445.4765625,105587.92578125
1291.5195088386536,2,104.2,38119.05078125,105587.92578125
1292.527173280716,2,103.3,40796.20703125,105587.92578125
1293.5349550247192,2,2811.4,43859.48828125,105587.92578125
1294.5546460151672,2,2885.4,47677.03125,105587.92578125
1295.5627760887146,2,103.1,49346.32421875,105587.92578125
1296.5710980892181,2,370.1,42237.0,105587.92578125
1297.5789649486542,2,2543.1,41257.49609375,105587.92578125
1298.5869557857513,2,1252.7,37523.28125,105587.92578125
1299.6066310405731,2,1011.8,36423.4296875,105587.92578125
1300.613669872284,2,873.7,24070.33984375,105587.92578125
1301.6229565143585,2,3798.3,17853.53125,105587.92578125
1302.643946647644,2,4771.2,17563.26953125,105587.92578125
1303.66721534729,2,2900.2,19296.09765625,105587.92578125
1304.674228668213,2,2501.6,18713.11328125,105587.92578125
1305.6816065311432,2,1570.7,10527.49609375,105587.92578125
1306.6900012493134,2,3313.1,10489.69140625,105587.92578125
1307.6984004974365,2,2380.2,11360.875,105587.92578125
1308.7049524784088,2,1407.6,10436.94921875,105587.92578125
1309.723432302475,2,1316.4,9451.0,105587.92578125
1310.7299132347107,2,1568.4,9015.5546875,105587.92578125
1311.7380104064941,2,1394.6,3071.91796875,105587.92578125
1312.7469458580017,2,2227.7,3760.375,105587.92578125
1313.7559518814087,2,1179.0,3439.57421875,105587.92578125
1314.8131866455078,2,2377.1,6130.9140625,105587.92578125
1315.8219547271729,2,2330.3,9503.65625,105587.92578125
1316.8419482707977,2,2741.3,10328.5078125,105587.92578125
1317.860275030136,2,3014.9,9823.26953125,105587.92578125
1318.866958618164,2,3187.9,11812.75,105587.92578125
1319.873856306076,2,100.1,15491.68359375,105587.92578125
1320.8823645114899,2,100.2,19169.90234375,105587.92578125
1321.8902027606964,2,1637.7,19614.91015625,105587.92578125
1322.8982853889465,2,99.2,23355.0390625,105587.92578125
1323.9065198898315,2,103.1,27046.95703125,105587.92578125
1324.9154036045074,2,102.3,30683.421875,105587.92578125
1325.922189950943,2,105.2,34064.52734375,105587.92578125
1326.929446220398,2,106.2,33900.1640625,105587.92578125
1327.936747789383,2,106.1,33673.41796875,105587.92578125
1328.9449667930603,2,105.2,33440.4765625,105587.92578125
1329.9520914554596,2,428.3,33246.859375,105587.92578125
1330.9589500427246,2,1506.6,33746.40234375,105587.92578125
1331.9688408374786,2,1341.7,34480.5390625,105587.92578125
1332.9764082431793,2,941.8,33676.39453125,105587.92578125
1333.9841027259827,2,1570.2,36444.8515625,105587.92578125
1334.9916372299194,2,804.5,35372.3515625,105587.92578125
1336.000962972641,2,936.6,33931.42578125,105587.92578125
1337.009848356247,2,103.1,35429.73046875,105587.92578125
1338.0188376903534,2,718.3,38441.0625,105587.92578125
1339.030993461609,2,2332.5,40811.86328125,105587.92578125
1340.0409502983093,2,1353.0,36746.96484375,105587.92578125
1341.0616450309753,2,1044.4,35828.55078125,105587.92578125
1342.0727219581604,2,901.3,34919.3203125,105587.92578125
1343.0834765434265,2,104.1,37619.421875,105587.92578125
1344.0923628807068,2,103.0,40348.5390625,105587.92578125
1345.1029558181763,2,2384.6,43702.8046875,105587.92578125
1346.1227219104767,2,3320.8,47556.58984375,105611.92578125
1347.1302535533905,2,103.2,49005.11328125,105611.92578125
1348.1382794380188,2,364.1,41757.59375,105611.92578125
1349.1461820602417,2,2575.5,40814.609375,105611.92578125
1350.153953075409,2,523.1,37382.15625,105611.92578125
1351.1727418899536,2,1752.2,36001.875,105611.92578125
1352.180053472519,2,880.5,29075.6875,105611.92578125
1353.1879527568817,2,3153.2,17837.5390625,105611.92578125
1354.208950996399,2,4738.2,17515.4609375,105611.92578125
1355.2294073104858,2,3409.4,19264.73046875,105611.92578125
1356.2379505634308,2,2320.6,18616.12109375,105611.92578125
1357.2566254138947,2,1801.9,13600.23828125,105611.92578125
1358.2643637657166,2,3232.7,10167.78125,105611.92578125
1359.2744524478912,2,2375.7,11292.859375,105611.92578125
1360.2849490642548,2,1484.9,10190.359375,105611.92578125
1361.3035843372345,2,1258.5,9214.71484375,105611.92578125
1362.3102889060974,2,1786.2,9094.52734375,105611.92578125
1363.3198301792145,2,785.4,3287.1171875,105611.92578125
1364.3288667201996,2,2297.9,3923.734375,105611.92578125
1365.3379528522491,2,2158.2,3170.5078125,105611.92578125
1366.3606886863708,2,1719.8,9224.15625,105611.92578125
1367.368334054947,2,1826.3,8694.6640625,105611.92578125
1368.379671573639,2,3700.2,8740.26953125,105611.92578125
1369.3860864639282,2,2549.8,9578.359375,105611.92578125
1370.3939678668976,2,189.5,13162.75,105611.92578125
1371.40717959404,2,1663.5,14317.67578125,105611.92578125
1372.4139590263367,2,100.2,17976.84375,105611.92578125
1373.4223718643188,2,101.3,20326.26171875,105611.92578125
1374.4297909736633,2,103.2,20162.3203125,105611.92578125
1375.4376351833344,2,769.0,20169.66796875,105611.92578125
1376.4467341899872,2,1247.1,20051.7578125,105611.92578125
1377.4563150405884,2,1074.0,20658.796875,105611.92578125
1378.463781118393,2,830.8,20982.1328125,105611.92578125
1379.4712219238281,2,1490.7,23027.0703125,105611.92578125
1380.479496717453,2,1293.0,20219.85546875,105611.92578125
1381.4872605800629,2,358.5,22201.046875,105611.92578125
1382.4949553012848,2,1873.1,24896.171875,105611.92578125
1383.5146431922913,2,1035.9,27900.12109375,105611.92578125
1384.5233614444733,2,1418.5,23794.9921875,105611.92578125
1385.5314610004425,2,1092.9,21405.40234375,105611.92578125
1386.5399537086487,2,1807.7,12279.73046875,105611.92578125
1387.5549547672272,2,4763.2,12081.21875,105611.92578125
1388.575087070465,2,2991.3,13206.46484375,105611.92578125
1389.5829811096191,2,2068.8,11191.66015625,105611.92578125
1390.5912482738495,2,2752.4,8349.27734375,105611.92578125
1391.597716331482,2,1949.1,8357.88671875,105611.92578125
1392.6053054332733,2,1607.1,8445.921875,105611.92578125
1393.6114745140076,2,980.8,8413.0078125,105611.92578125
1394.619966506958,2,1873.8,2887.1640625,106123.93359375
1395.6289474964142,2,1187.0,4085.1796875,105611.92578125
1396.6470618247986,2,1232.6,4610.9296875,105611.92578125
1397.6549479961395,2,3336.1,3690.97265625,105611.92578125
1398.6693785190582,2,1391.8,8618.31640625,105611.92578125
1399.6789643764496,2,3095.9,9957.76953125,105611.92578125
1400.6959493160248,2,2713.5,10805.4453125,105611.92578125
1401.7140192985535,2,3029.4,10480.4609375,105611.92578125
1402.7270946502686,2,3117.8,12385.45703125,105611.92578125
1403.7341840267181,2,99.2,16075.1796875,105611.92578125
1404.7421815395355,2,100.3,19756.93359375,105611.92578125
1405.7488725185394,2,1648.7,20661.75390625,105611.92578125
1406.756311416626,2,100.3,24429.01171875,105611.92578125
1407.7631287574768,2,102.2,28160.9609375,105611.92578125
1408.7711000442505,2,104.3,31754.2109375,105611.92578125
1409.7780418395996,2,108.2,34936.37109375,105611.92578125
1410.785353899002,2,105.3,34669.140625,105611.92578125
1411.7924513816833,2,106.2,34414.296875,105611.92578125
1412.7997438907623,2,106.3,34132.1015625,105611.92578125
1413.8066937923431,2,477.7,33842.26953125,105611.92578125
1414.8137786388397,2,1137.8,34067.12109375,105611.92578125
1415.8210122585297,2,964.9,34247.9140625,105611.92578125
1416.8294060230255,2,1235.3,34263.375,105611.92578125
1417.8380482196808,2,619.7,34485.0234375,105611.92578125
1418.845044374466,2,1561.1,37285.00390625,105611.92578125
1419.8526639938354,2,1181.5,34436.078125,105611.92578125
1420.8606853485107,2,561.3,35723.0703125,105611.92578125
1421.8699505329132,2,1093.5,38853.85546875,105611.92578125
1422.8881516456604,2,2038.4,41443.93359375,105611.92578125
1423.8959515094757,2,953.1,37124.92578125,105611.92578125
1424.9145102500916,2,1480.1,36039.8671875,105611.92578125
1425.9224727153778,2,890.8,34787.7578125,105611.92578125
1426.9306025505066,2,103.2,37413.3203125,105611.92578125
1427.938728094101,2,104.2,40119.953125,105611.92578125
1428.9469590187073,2,1555.2,43978.58984375,105611.92578125
1429.9666838645935,2,4127.9,47511.2578125,105611.92578125
1430.9748713970184,2,101.1,49297.96484375,105611.92578125
1431.9836630821228,2,239.2,41938.796875,105611.92578125
1432.9910106658936,2,2559.1,40947.97265625,105611.92578125
1433.998799085617,2,223.2,38754.04296875,105611.92578125
1435.0069501399994,2,1631.9,36252.12109375,105611.92578125
1436.0258135795593,2,1241.4,32634.828125,105611.92578125
1437.0339555740356,2,2796.9,18168.75390625,105611.92578125
1438.0549511909485,2,4774.4,17905.0703125,105611.92578125
1439.0749666690826,2,4120.7,19781.8671875,105611.92578125
1440.0822114944458,2,1846.3,19292.0078125,105611.92578125
1441.090161561966,2,2377.9,18544.8359375,105611.92578125
1442.0965604782104,2,3065.5,10483.26953125,105611.92578125
1443.1042306423187,2,2346.1,11786.66015625,105611.92578125
1444.118735074997,2,1536.3,10428.109375,105611.92578125
1445.126261472702,2,1528.3,9841.89453125,105611.92578125
1446.1332957744598,2,1522.4,9389.21875,105611.92578125
1447.1416637897491,2,792.4,3030.76171875,105611.92578125
1448.148677110672,2,2075.6,3726.359375,105611.92578125
1449.1569499969482,2,1509.1,3321.5625,105611.92578125
1450.2029504776,2,2160.4,7041.89453125,105611.92578125
1451.221776008606,2,2149.7,8289.078125,105611.92578125
1452.2302486896515,2,3195.0,9024.98828125,105611.92578125
1453.2389614582062,2,3053.2,9069.0,105611.92578125
1454.2596909999847,2,144.8,12661.42578125,105611.92578125
1455.2676577568054,2,1739.0,13705.796875,105611.92578125
1456.2762656211853,2,100.2,17353.64453125,105611.92578125
1457.283765077591,2,102.2,20385.66796875,105611.92578125
1458.2915422916412,2,104.2,20246.4921875,105611.92578125
1459.2993795871735,2,556.4,20128.19921875,105611.92578125
1460.3093347549438,2,1264.4,20734.74609375,105611.92578125
1461.317676782608,2,1226.1,21436.11328125,105611.92578125
1462.3257489204407,2,873.5,20511.35546875,105611.92578125
1463.333161354065,2,1487.1,23169.91015625,105611.92578125
1464.3418509960175,2,1126.0,20252.75,105611.92578125
1465.3498513698578,2,519.9,21722.05078125,105611.92578125
1466.3579518795013,2,1276.4,24818.953125,105611.92578125
1467.381311416626,2,1660.5,27543.2421875,105611.92578125
1468.388266801834,2,1439.0,23478.60546875,105611.92578125
1469.3966445922852,2,841.1,21155.609375,105611.92578125
1470.407954454422,2,1450.3,12237.84375,105611.92578125
1471.4299552440643,2,4768.2,12017.06640625,105611.92578125
1472.4542474746704,2,3507.0,13092.56640625,105611.92578125
1473.4733622074127,2,1917.8,12502.90234375,105611.92578125
1474.4813072681427,2,2885.2,8536.04296875,105611.92578125
1475.489517211914,2,2162.1,7992.72265625,105611.92578125
1476.4987499713898,2,1393.5,8600.75390625,105611.92578125
1477.50626039505,2,1193.3,8046.62890625,105611.92578125
1478.5135352611542,2,2130.3,6824.3828125,105611.92578125
1479.5209467411041,2,1059.4,3731.890625,105611.92578125
1480.5356550216675,2,1403.8,4306.7578125,105611.92578125
1481.5439522266388,2,1965.4,3817.2734375,105611.92578125
1482.588788509369,2,1312.0,7897.421875,105611.92578125
1483.5979554653168,2,2830.5,10938.01171875,105611.92578125
1484.617953300476,2,2751.5,11755.6484375,105611.92578125
1485.6369490623474,2,3772.9,12243.4375,105611.92578125
1486.6559598445892,2,2980.5,11700.359375,105611.92578125
1487.6676952838898,2,99.3,15302.96875,105611.92578125
1488.6750555038452,2,1342.5,16302.38671875,105611.92578125
1489.6828272342682,2,100.2,19969.09765625,105611.92578125
1490.6909091472626,2,101.2,22597.16796875,105611.92578125
1491.6990237236023,2,103.3,22501.3984375,105611.92578125
1492.705819606781,2,673.0,22440.1796875,105611.92578125
1493.7139525413513,2,1327.7,22602.2890625,105611.92578125
1494.7226343154907,2,1063.3,23150.515625,105611.92578125
1495.7307817935944,2,882.2,23247.5234375,105611.92578125
1496.738600730896,2,1648.4,25928.22265625,105611.92578125
1497.7469460964203,2,1250.0,22807.85546875,105611.92578125
1498.7652959823608,2,376.3,24512.4296875,105611.92578125
1499.7729620933533,2,1609.2,27387.109375,105611.92578125
1500.7928259372711,2,1322.2,30293.66015625,105611.92578125
1501.8001816272736,2,1520.2,26244.9765625,105611.92578125
1502.8072836399078,2,1116.3,23891.14453125,105611.92578125
1503.8149688243866,2,1839.3,14844.3125,105611.92578125
1504.8419528007507,2,4768.5,14572.17578125,105611.92578125
1505.8623325824738,2,3889.0,16547.7734375,105611.92578125
1506.8687109947205,2,2593.2,15714.96875,105611.92578125
1507.875183582306,2,1978.8,11058.58984375,105611.92578125
1508.8859558105469,2,3620.7,11241.875,105611.92578125
1509.8969140052795,2,2568.3,12349.46875,105611.92578125
1510.9053254127502,2,1331.6,11231.32421875,105611.92578125
1511.9130790233612,2,1653.7,10393.453125,105611.92578125
1512.9199542999268,2,1441.0,10092.09765625,105611.92578125
1513.9255275726318,2,857.6,3074.28515625,105611.92578125
1514.9330186843872,2,2421.1,3648.52734375,105611.92578125
1515.9409484863281,2,1792.9,3665.80859375,105611.92578125
1516.9714846611023,2,1257.5,7514.83984375,105611.92578125
1517.9819602966309,2,2754.6,10850.34375,105611.92578125
1519.00195145607,2,2778.8,11685.01953125,105611.92578125
1520.0201551914215,2,3790.5,12174.64453125,105611.92578125
1521.036954164505,2,3026.4,11622.2734375,105611.92578125
1522.0540294647217,2,100.3,15210.69921875,105611.92578125
1523.0610868930817,2,1396.4,16241.0859375,105611.92578125
1524.0693926811218,2,100.2,19930.8828125,105611.92578125
1525.0774095058441,2,101.3,22609.47265625,105611.92578125
1526.0847504138947,2,102.3,22516.171875,105611.92578125
1527.0914297103882,2,667.8,22417.11328125,105611.92578125
1528.0979521274567,2,1289.1,22637.65625,105611.92578125
1529.1164112091064,2,1042.4,23587.1328125,105611.92578125
1530.1235961914062,2,881.8,23165.4453125,105611.92578125
1531.1306500434875,2,1492.5,25780.34765625,105611.92578125
1532.1399519443512,2,1273.1,22632.50390625,105611.92578125
1533.1491589546204,2,355.5,24338.98046875,105611.92578125
1534.1569557189941,2,1539.0,27210.015625,105611.92578125
1535.1755986213684,2,1416.3,30201.078125,105611.92578125
1536.1837801933289,2,1428.5,26134.2265625,105611.92578125
1537.1919479370117,2,1032.4,23626.13671875,105611.92578125
1538.2102026939392,2,1620.7,14697.796875,105611.92578125
1539.23295378685,2,4765.9,14489.22265625,105611.92578125
1540.2532353401184,2,4319.6,16371.13671875,105611.92578125
1541.2609603404999,2,2403.0,15570.41015625,105611.92578125
1542.2723517417908,2,1990.7,11325.1953125,105611.92578125
1543.2809507846832,2,3573.5,11299.56640625,105611.92578125
1544.2959594726562,2,2792.7,12363.078125,105611.92578125
1545.305668592453,2,1488.0,10878.61328125,105611.92578125
1546.3136675357819,2,1488.0,10343.8515625,105611.92578125
1547.320951461792,2,1642.6,10266.3671875,105611.92578125
1548.3396081924438,2,1576.3,2984.05859375,106123.93359375
1549.3470306396484,2,1884.7,3480.22265625,105611.92578125
1550.3549506664276,2,1096.9,3588.3125,105611.92578125
1551.3721792697906,2,2130.9,6710.7734375,105611.92578125
1552.3799993991852,2,2113.5,10591.74609375,105611.92578125
1553.4054975509644,2,2790.8,11394.37109375,105611.92578125
1554.413292169571,2,4235.1,11615.0,105611.92578125
1555.420952796936,2,2532.4,10405.16015625,105611.92578125
1556.4412162303925,2,402.9,14101.39453125,105611.92578125
1557.4489676952362,2,1230.8,15681.3828125,105611.92578125
1558.4564328193665,2,99.3,19369.73046875,105611.92578125
1559.463853597641,2,101.2,22183.98828125,105611.92578125
1560.4719743728638,2,101.3,22114.09375,105611.92578125
1561.479258775711,2,402.9,21971.34375,105611.92578125
1562.4869949817657,2,1406.0,22610.39453125,105611.92578125
1563.4947850704193,2,1235.8,23285.8203125,105611.92578125
1564.5029954910278,2,879.4,22380.73046875,105611.92578125
1565.5104372501373,2,1479.1,25184.51171875,105611.92578125
1566.5184271335602,2,1110.9,22897.59765625,105611.92578125
1567.5258104801178,2,528.9,23723.1953125,105611.92578125
1568.5339612960815,2,735.1,27107.3828125,105611.92578125
1569.553774356842,2,2198.5,29619.35546875,105611.92578125
1570.5609707832336,2,1446.1,25565.75,105611.92578125
1571.5828936100006,2,774.8,24207.6171875,105611.92578125
1572.5909521579742,2,1260.3,14562.41796875,105611.92578125
1573.611964225769,2,4762.7,14338.01953125,105611.92578125
1574.632954120636,2,3752.3,15770.89453125,105611.92578125
1575.6510858535767,2,2212.7,15058.9453125,105611.92578125
1576.6599614620209,2,2948.5,10568.00390625,105611.92578125
1577.679955482483,2,2738.5,10275.21875,105611.92578125
1578.6909794807434,2,2769.0,10368.61328125,105611.92578125
1579.69890666008,2,1293.4,11060.6484375,105611.92578125
1580.7070891857147,2,1401.8,10039.6328125,105611.92578125
1581.7143850326538,2,1760.5,8691.48828125,105611.92578125
1582.7219483852386,2,1197.7,3250.21875,105611.92578125
1583.7368388175964,2,1361.6,3819.38671875,105611.92578125
1584.7451541423798,2,2350.2,5507.50390625,105611.92578125
1585.7527265548706,2,1496.0,10299.01953125,105611.92578125
1586.7600739002228,2,2635.6,10060.51953125,105611.92578125
1587.7670593261719,2,3217.6,10821.203125,105611.92578125
1588.7749691009521,2,2382.6,9782.65234375,105611.92578125
1589.7826681137085,2,963.7,11953.49609375,105611.92578125
1590.7902524471283,2,100.2,15018.8359375,105611.92578125
1591.7983629703522,2,507.3,15006.7109375,105611.92578125
1592.805724143982,2,1302.7,15858.11328125,105611.92578125
1593.8128337860107,2,1233.9,16627.37109375,105611.92578125
1594.8202066421509,2,878.3,15836.9921875,105611.92578125
1595.8278291225433,2,1479.6,18502.7421875,105611.92578125
1596.835527896881,2,1122.9,16193.94921875,105611.92578125
1597.842970609665,2,2647.0,11158.5859375,105611.92578125
1598.852215051651,2,4439.2,12185.2421875,105611.92578125
1599.8588647842407,2,2268.3,11898.4921875,105611.92578125
1600.8658497333527,2,3028.8,9453.453125,105611.92578125
1601.8867537975311,2,2453.7,10752.09375,105611.92578125
1602.8962652683258,2,1957.2,9583.91796875,105611.92578125
1603.9032456874847,2,1723.7,9213.73828125,105611.92578125
1604.9129509925842,2,1432.4,9665.21875,105611.92578125
1605.9313530921936,2,1172.5,3042.4921875,106123.93359375
1606.938948392868,2,2113.9,3581.3203125,105611.92578125
1607.953949689865,2,1276.8,3671.421875,105611.92578125
1609.00652551651,2,2021.1,7076.53125,105611.92578125
1610.014724969864,2,2072.4,11353.015625,105611.92578125
1611.0227131843567,2,3339.5,11853.43359375,105611.92578125
1612.030948638916,2,3932.0,12243.30859375,105611.92578125
1613.0491552352905,2,2067.0,10200.72265625,105611.92578125
1614.0704956054688,2,1491.4,14441.28515625,105611.92578125
1615.0775129795074,2,1371.9,15313.35546875,105611.92578125
1616.0855884552002,2,99.3,19062.97265625,105611.92578125
1617.0926306247711,2,102.2,22790.69921875,105611.92578125
1618.1001608371735,2,101.2,22810.62109375,105611.92578125
1619.1080226898193,2,205.4,22672.2734375,105611.92578125
1620.1161415576935,2,1281.3,23125.2734375,105611.92578125
1621.1279573440552,2,1511.1,23713.75390625,105611.92578125
1622.1408965587616,2,912.1,22884.0,105611.92578125
1623.1483113765717,2,1491.8,25746.31640625,105611.92578125
1624.1569516658783,2,1081.1,23542.73046875,105611.92578125
1625.1730997562408,2,555.7,24412.1171875,105611.92578125
1626.1809570789337,2,831.4,27852.91796875,105611.92578125
1627.200788974762,2,2109.1,30355.5234375,105611.92578125
1628.2087228298187,2,1429.8,26330.85546875,105611.92578125
1629.2165172100067,2,808.9,24372.42578125,105611.92578125
1630.2229516506195,2,1577.2,15243.37890625,105611.92578125
1631.2439589500427,2,4759.7,15017.06640625,105611.92578125
1632.2639572620392,2,4425.4,16606.7890625,105611.92578125
1633.278287410736,2,2191.8,16020.49609375,105611.92578125
1634.2874929904938,2,2319.9,13657.5703125,105611.92578125
1635.2957241535187,2,3697.6,11353.71875,105611.92578125
1636.3028547763824,2,2551.2,12748.3359375,105611.92578125
1637.3134512901306,2,1609.1,11104.4765625,105611.92578125
1638.3207244873047,2,1759.9,10695.453125,105611.92578125
1639.3299524784088,2,1370.7,11096.84765625,105611.92578125
1640.3500573635101,2,2005.0,4176.79296875,105611.92578125
1641.3579487800598,2,1479.1,3643.73828125,105611.92578125
1642.3728845119476,2,1157.6,3584.34375,105611.92578125
1643.3801476955414,2,2713.7,6298.91796875,105611.92578125
1644.3879528045654,2,1929.6,14442.14453125,105611.92578125
1645.4099643230438,2,3343.3,11334.3203125,105611.92578125
1646.4309475421906,2,2753.3,12189.4921875,105611.92578125
1647.449108839035,2,2582.6,11317.24609375,105611.92578125
1648.455904006958,2,2247.6,13392.07421875,105611.92578125
1649.4649801254272,2,1338.1,16048.93359375,105611.92578125
1650.4719591140747,2,112.1,18166.046875,105611.92578125
1651.480010509491,2,99.3,21899.484375,105611.92578125
1652.487323999405,2,102.3,22930.90234375,105611.92578125
1653.4943137168884,2,103.3,22810.84765625,105611.92578125
1654.5013518333435,2,1209.7,22775.78125,105611.92578125
1655.5107135772705,2,1049.0,23141.5234375,105611.92578125
1656.5209670066833,2,1400.7,22693.53515625,105611.92578125
1657.5369577407837,2,1014.4,24945.44921875,105611.92578125
1658.5566680431366,2,1404.8,24274.0,105611.92578125
1659.5638418197632,2,865.0,23513.0625,105611.92578125
1660.5719215869904,2,101.2,26288.83203125,105611.92578125
1661.579600095749,2,2830.3,29515.07421875,105611.92578125
1662.5872700214386,2,182.7,26828.9921875,105611.92578125
1663.5949494838715,2,1872.5,24731.82421875,105611.92578125
1664.6138124465942,2,1006.1,19387.84375,105611.92578125
1665.6219561100006,2,3984.7,15043.16015625,105611.92578125
1666.6429512500763,2,4768.9,14873.26171875,105611.92578125
1667.6628892421722,2,2739.7,16595.53125,105611.92578125
1668.6709477901459,2,2021.0,15684.46875,105611.92578125
1669.6789627075195,2,3556.4,11259.9453125,105611.92578125
1670.6988542079926,2,2022.5,12913.734375,105611.92578125
1671.7084527015686,2,2768.0,10778.9140625,105611.92578125
1672.716373205185,2,1385.8,11240.84765625,105611.92578125
1673.7239501476288,2,1142.7,10762.1171875,105611.92578125
1674.7389690876007,2,1979.0,7436.8046875,105611.92578125
1675.746946811676,2,1312.9,3332.51953125,105611.92578125
1676.7613151073456,2,1254.8,3505.6640625,105611.92578125
1677.7686347961426,2,2673.6,6125.38671875,105611.92578125
1678.777952671051,2,1656.1,12668.6484375,105611.92578125
1679.7979671955109,2,3373.8,11144.4140625,105611.92578125
1680.826231956482,2,2710.4,12015.62109375,105611.92578125
1681.841952085495,2,2658.9,11334.42578125,105611.92578125
1682.8540873527527,2,2277.5,13057.07421875,105611.92578125
1683.8629930019379,2,1328.8,15789.41015625,105611.92578125
1684.8811643123627,2,112.0,17762.37890625,105611.92578125
1685.88982629776,2,101.2,21463.0,105611.92578125
1686.8979091644287,2,101.2,22540.34765625,105611.92578125
1687.9054915904999,2,103.2,22450.625,105611.92578125
1688.9130721092224,2,925.0,22566.97265625,105611.92578125
1689.9205904006958,2,1331.5,22359.75390625,105611.92578125
1690.9285032749176,2,1164.2,22702.046875,105611.92578125
1691.9343745708466,2,519.7,24208.796875,105611.92578125
1692.9429507255554,2,1824.9,23826.48828125,105611.92578125
1693.9614248275757,2,1268.5,22822.52734375,105611.92578125
1694.9695978164673,2,101.3,25571.2265625,105611.92578125
1695.9765973091125,2,2843.1,28925.09765625,105611.92578125
1696.9843242168427,2,260.1,26561.9609375,105611.92578125
1697.9915895462036,2,1392.1,25026.96484375,105611.92578125
1698.9986824989319,2,1510.4,22885.375,105611.92578125
1700.0059561729431,2,3343.6,14941.25,105611.92578125
1701.0269513130188,2,4772.6,14626.8359375,105611.92578125
1702.0467631816864,2,3450.3,16236.05078125,105611.92578125
1703.0541443824768,2,1821.1,15244.14453125,105611.92578125
1704.0629649162292,2,3293.7,10877.1171875,105611.92578125
1705.083143234253,2,2353.0,10726.7890625,105611.92578125
1706.0903015136719,2,2788.5,10478.4765625,105611.92578125
1707.0989501476288,2,1408.4,11505.91015625,105611.92578125
1708.1171476840973,2,1117.5,10483.49609375,105611.92578125
1709.1243798732758,2,1954.7,8483.5234375,105611.92578125
1710.1329488754272,2,1090.1,3291.71875,105611.92578125
1711.1477634906769,2,1467.0,3520.21484375,105611.92578125
1712.1551983356476,2,2706.6,6074.94921875,105611.92578125
1713.1635131835938,2,1533.8,9950.83984375,105611.92578125
1714.1719598770142,2,3255.9,11324.16796875,105611.92578125
1715.1929500102997,2,2804.3,12190.2734375,105611.92578125
1716.211276292801,2,2976.0,11412.22265625,105611.92578125
1717.2192769050598,2,2451.3,12919.99609375,105611.92578125
1718.226530790329,2,804.4,16049.29296875,105611.92578125
1719.2371928691864,2,664.7,17600.19140625,105611.92578125
1720.2450942993164,2,99.2,21373.58984375,105611.92578125
1721.2529790401459,2,100.3,22934.87109375,105611.92578125
1722.2600917816162,2,103.3,22868.15625,105611.92578125
1723.2669780254364,2,1100.9,23088.09765625,105611.92578125
1724.2752664089203,2,1142.3,22881.109375,105611.92578125
1725.2827999591827,2,1326.7,22859.9375,105611.92578125
1726.2920734882355,2,554.8,24926.6171875,105611.92578125
1727.301949262619,2,1830.2,24065.7890625,105611.92578125
1728.3231184482574,2,978.8,23206.95703125,105611.92578125
1729.3312847614288,2,101.3,26025.9296875,105611.92578125
1730.3382244110107,2,2829.4,29257.66015625,105611.92578125
1731.345858335495,2,180.5,27065.81640625,105611.92578125
1732.3549501895905,2,1487.4,24739.96875,105611.92578125
1733.3733294010162,2,1391.1,21648.84375,105611.92578125
1734.3819544315338,2,3674.7,15027.02734375,105611.92578125
1735.4018087387085,2,4775.2,14849.04296875,105611.92578125
1736.4229798316956,2,3388.0,16470.92578125,105611.92578125
1737.4314045906067,2,1863.1,15662.953125,105611.92578125
1738.4389584064484,2,3163.5,11188.1640625,105611.92578125
1739.4588012695312,2,2482.4,10957.2265625,105611.92578125
1740.4739696979523,2,2885.8,11308.26953125,105611.92578125
1741.4885427951813,2,1304.7,11672.5,105611.92578125
1742.4972214698792,2,1532.8,10478.84765625,105611.92578125
1743.5043985843658,2,1650.4,10363.39453125,105611.92578125
1744.5109498500824,2,1326.6,2925.99609375,105611.92578125
1745.527803182602,2,2199.2,3188.0859375,105611.92578125
1746.536320924759,2,1166.1,4337.09765625,105611.92578125
1747.543949842453,2,2800.1,5930.0078125,105611.92578125
1748.550710439682,2,2175.0,7240.66796875,105611.92578125
1749.5580804347992,2,1930.0,6733.4609375,105611.92578125
1750.5658366680145,2,699.9,8947.76953125,105611.92578125
1751.5730412006378,2,1121.8,9179.1953125,105611.92578125
1752.5785806179047,2,1131.9,9501.43359375,105611.92578125
1753.5866332054138,2,1289.8,9562.81640625,105611.92578125
1754.5959599018097,2,3480.2,7101.40625,105611.92578125
1755.6162779331207,2,2576.8,7383.14453125,105611.92578125
1756.6269555091858,2,2840.7,7074.63671875,105611.92578125
1757.6342027187347,2,1377.5,6900.03515625,105611.92578125
1758.6425595283508,2,1666.1,6283.8984375,105611.92578125
1759.6499524116516,2,1692.8,6176.87890625,105611.92578125
1760.659338235855,2,1386.9,3870.265625,105833.94140625
1761.6669487953186,2,2973.1,6526.59375,105833.94140625
1762.6851155757904,2,4048.4,5969.484375,105833.94140625
1763.704964876175,2,2033.0,8277.140625,105833.94140625
1764.7143244743347,2,223.4,11505.140625,105833.94140625
1765.721411705017,2,101.3,12114.18359375,105833.94140625
1766.72829246521,2,1405.8,12119.34765625,105833.94140625
1767.736313343048,2,888.7,12957.8203125,105833.94140625
1768.7444350719452,2,1496.4,12361.25,105833.94140625
1769.7539582252502,2,1306.7,14758.8359375,105833.94140625
1770.7738738059998,2,1033.9,14316.78125,105833.94140625
1771.7819576263428,2,1621.1,8515.7734375,105833.94140625
1772.802942276001,2,4773.2,8358.87890625,105833.94140625
1773.8219373226166,2,4780.2,8213.9453125,105833.94140625
1774.8409383296967,2,4781.2,8106.12890625,105833.94140625
1775.8601806163788,2,2012.1,7969.7109375,105833.94140625
1776.867565870285,2,2938.8,8150.48828125,105833.94140625
1777.8759474754333,2,3005.6,6431.86328125,105833.94140625
1778.8946013450623,2,2432.7,3881.55859375,105833.94140625
1779.900964975357,2,1777.1,6500.734375,105833.9453125
1780.9212574958801,2,3574.6,6058.640625,105833.9453125
1781.926903963089,2,3987.7,6887.9921875,105833.9453125
1782.9342427253723,2,596.9,9946.9765625,105833.9453125
1783.9411239624023,2,101.3,12425.91015625,105833.9453125
1784.9478256702423,2,677.8,12436.7109375,105833.9453125
1785.955569267273,2,1320.3,12676.6953125,105833.9453125
1786.96289396286,2,1042.5,13487.8046875,105833.9453125
1787.9701538085938,2,1171.5,13231.5234375,105833.9453125
1788.9774305820465,2,1497.5,15920.54296875,105833.9453125
1789.9851138591766,2,1193.6,13566.66015625,105833.9453125
1790.992957830429,2,2742.6,8513.375,105833.9453125
1792.0129446983337,2,4777.4,8360.5390625,105833.9453125
1793.0319385528564,2,4785.7,8262.29296875,105833.9453125
1794.0519375801086,2,4774.5,8090.58984375,105833.9453125
1795.070951461792,2,2852.5,8335.10546875,105833.9453125
1796.0803291797638,2,3029.7,6240.39453125,105833.9453125
1797.0879225730896,2,2741.8,6151.4921875,105833.9453125
1798.0949487686157,2,1556.8,6124.59375,105833.9453125
1799.1099486351013,2,3568.0,6658.31640625,105833.9453125
1800.1282811164856,2,4056.0,6319.15625,105833.9453125
1801.149023771286,2,1069.2,9034.40234375,105833.9453125
1802.157232284546,2,100.1,12445.171875,105833.9453125
1803.1658844947815,2,361.2,12414.7734375,105833.9453125
1804.1739506721497,2,1362.3,12932.98046875,105833.9453125
1805.1931784152985,2,1310.9,13681.6953125,105833.9453125
1806.201586008072,2,870.9,12881.42578125,105833.9453125
1807.2097659111023,2,1511.4,15593.48046875,105833.9453125
1808.2173783779144,2,1040.2,13230.51171875,105833.9453125
1809.2279663085938,2,2268.6,8439.1640625,105833.9453125
1810.248945236206,2,4734.6,8317.484375,105833.9453125
1811.2689440250397,2,4779.3,8190.54296875,105833.9453125
1812.2879421710968,2,4779.4,8070.19921875,105833.9453125
1813.3079624176025,2,1564.1,8264.40625,105833.9453125
1814.3179535865784,2,2993.3,8134.71875,105833.9453125
1815.3269548416138,2,3082.9,6685.23828125,105833.9453125
1816.3367960453033,2,1760.0,2807.20703125,105833.9453125
1817.344975233078,2,2474.1,6457.8984375,105833.9453125
1818.364957332611,2,3555.2,5909.21484375,105833.9453125
1819.3851883411407,2,3092.9,7611.734375,105833.9453125
1820.3922340869904,2,583.4,10684.74609375,105833.9453125
1821.4001631736755,2,102.3,12389.88671875,105833.9453125
1822.4071717262268,2,932.8,12520.53125,105833.9453125
1823.415923833847,2,1295.6,12321.859375,105833.9453125
1824.4232680797577,2,1163.3,13187.01171875,105833.9453125
1825.431495666504,2,533.6,13984.58203125,105833.9453125
1826.4397313594818,2,1521.5,14398.171875,105833.9453125
1827.4472844600677,2,1441.2,12670.890625,105833.9453125
1828.4559524059296,2,3804.1,8409.27734375,105833.9453125
1829.4759385585785,2,4780.5,8230.43359375,105833.9453125
1830.4949402809143,2,4778.1,8132.21484375,105833.9453125
1831.5141670703888,2,4515.4,8355.56640625,105833.9453125
1832.5219666957855,2,2949.0,8184.26953125,105833.9453125
1833.5294542312622,2,2999.8,6663.80859375,105833.9453125
1834.537249803543,2,1963.9,2598.5234375,105843.0078125
1835.5449793338776,2,1957.9,6874.2734375,105842.9453125
1836.5657713413239,2,3818.5,6948.39453125,105842.9453125
1837.5725672245026,2,4228.7,6764.10546875,105842.9453125
1838.5813899040222,2,624.4,9603.9140625,105842.9453125
1839.588770866394,2,100.3,12668.85546875,105842.9453125
1840.595892906189,2,518.6,12574.2265625,105842.9453125
1841.6025121212006,2,1312.5,13387.5390625,105842.9453125
1842.6097028255463,2,1228.8,14198.1640625,105842.9453125
1843.6179912090302,2,1043.9,13224.015625,105842.9453125
1844.624844789505,2,1474.8,16044.48828125,105842.9453125
1845.6330955028534,2,1108.7,13725.4765625,105842.9453125
1846.6419582366943,2,2557.3,8808.2421875,105842.9453125
1847.661946773529,2,4776.8,8665.7265625,105842.9453125
1848.6818113327026,2,4778.1,8545.94921875,105842.9453125
1849.7019429206848,2,4774.9,8418.6484375,105842.9453125
1850.7211763858795,2,3282.0,8694.22265625,105842.9453125
1851.7289624214172,2,3232.8,6453.8515625,105842.9453125
1852.7428617477417,2,2448.0,6477.62109375,105842.9453125
1853.7505831718445,2,1592.2,4157.94921875,105842.9453125
1854.7579555511475,2,3135.7,6888.3828125,105842.9453125
1855.776957988739,2,4062.7,6230.8359375,105842.9453125
1856.7966442108154,2,2018.7,8079.40234375,105842.9453125
1857.804132938385,2,608.5,11088.93359375,105842.9453125
1858.8115389347076,2,101.2,12474.1875,105842.9453125
1859.8191514015198,2,1104.0,12812.13671875,105842.9453125
1860.8273203372955,2,1294.0,12565.37109375,105842.9453125
1861.8350546360016,2,1161.6,13316.44921875,105842.9453125
1862.842306137085,2,523.2,14216.6171875,105842.9453125
1863.8496465682983,2,1517.9,14541.109375,105842.9453125
1864.8569076061249,2,1440.7,12780.1953125,105842.9453125
1865.8639514446259,2,3838.5,8546.27734375,105842.9453125
1866.8839440345764,2,4784.7,8419.59375,105842.9453125
1867.9023370742798,2,4779.5,8271.9375,105842.9453125
1868.9223673343658,2,4038.0,8157.24609375,105842.9453125
1869.9297592639923,2,1955.6,8497.4921875,105842.9453125
1870.9389503002167,2,2599.5,6236.0546875,105842.9453125
1871.9584832191467,2,2761.5,6417.40234375,105842.9453125
1872.9648265838623,2,2023.3,3798.93359375,105845.9453125
1873.9730389118195,2,2517.2,6854.11328125,105845.9453125
1874.9829545021057,2,4024.1,6134.2578125,105845.9453125
1876.0030570030212,2,2666.6,8085.6875,105845.9453125
1877.0106112957,2,604.1,11142.36328125,105845.9453125
1878.0186841487885,2,100.3,12588.1171875,105845.9453125
1879.025396347046,2,1105.4,12832.1640625,105845.9453125
1880.0323100090027,2,1145.5,12634.6015625,105845.9453125
1881.0405576229095,2,1170.7,12905.48046875,105845.9453125
1882.0476577281952,2,518.4,14376.8984375,105845.9453125
1883.0549538135529,2,1715.8,14095.859375,105845.9453125
1884.0734238624573,2,1303.4,11504.01171875,105845.9453125
1885.0809485912323,2,4154.3,8588.54296875,105845.9453125
1886.1009426116943,2,4775.8,8462.59375,105845.9453125
1887.1196386814117,2,4781.4,8348.578125,105845.9453125
1888.1398839950562,2,4226.5,8613.4765625,105845.9453125
1889.1482572555542,2,3096.3,8435.21484375,105845.9453125
1890.1637144088745,2,3088.9,6892.35546875,105845.9453125
1891.1731405258179,2,2050.4,2619.28515625,105846.0078125
1892.1809616088867,2,2098.3,6715.25,105845.9453125
1893.2054312229156,2,3669.7,6572.01171875,105845.9453125
1894.2141609191895,2,3996.3,7024.40234375,105845.9453125
1895.2218589782715,2,614.8,10005.046875,105845.9453125
1896.2302904129028,2,101.3,12574.81640625,105845.9453125
1897.2371966838837,2,666.5,12538.16796875,105845.9453125
1898.245952129364,2,1316.4,12745.5390625,105845.9453125
1899.2603936195374,2,1068.2,13632.73828125,105845.9453125
1900.2684733867645,2,858.8,13521.734375,105845.9453125
1901.2757194042206,2,1482.8,16302.85546875,105845.9453125
1902.283970117569,2,1285.1,13209.9296875,105845.9453125
1903.2909586429596,2,3078.3,8636.2890625,105845.9453125
1904.310804605484,2,4781.3,8534.0078125,105845.9453125
1905.3303670883179,2,4781.0,8402.62109375,105845.9453125
1906.350447177887,2,4774.0,8220.6875,105845.9453125
1907.370575428009,2,3203.4,8503.8828125,105845.9453125
1908.3867502212524,2,2841.6,6441.90234375,105845.9453125
1909.392847776413,2,2437.0,6213.7421875,105845.9453125
1910.4089524745941,2,1777.8,9035.87890625,105845.9453125
1911.425948381424,2,3578.4,6813.171875,105845.9453125
1912.4453361034393,2,4056.8,6501.73046875,105845.9453125
1913.4654257297516,2,1004.8,9135.63671875,105845.9453125
1914.4735145568848,2,101.2,12502.57421875,105845.9453125
1915.481113433838,2,361.1,12429.1796875,105845.9453125
1916.4899544715881,2,1426.7,13000.55078125,105845.9453125
1917.5042469501495,2,1252.1,13784.5234375,105845.9453125
1918.5128428936005,2,880.1,12927.07421875,105845.9453125
1919.5206298828125,2,1486.6,15776.25390625,105845.9453125
1920.529635667801,2,1103.3,13444.93359375,105845.9453125
1921.5379538536072,2,2356.1,8592.14453125,105845.9453125
1922.5579376220703,2,4775.2,8431.31640625,105845.9453125
1923.576936006546,2,4777.0,8341.24609375,105845.9453125
1924.596938610077,2,4776.5,8212.06640625,105845.9453125
1925.6158647537231,2,1685.6,8504.25,105845.9453125
1926.6249854564667,2,2952.3,8345.59375,105845.9453125
1927.6328644752502,2,3103.0,6858.16015625,105845.9453125
1928.6458795070648,2,1896.5,2684.625,105845.94921875
1929.65598654747,2,2201.6,6522.703125,105845.94921875
1930.6799545288086,2,3560.6,5958.09765625,105845.94921875
1931.6997730731964,2,3401.0,7435.1796875,105845.94921875
1932.7076518535614,2,604.2,10492.69921875,105845.94921875
1933.7155408859253,2,102.2,12401.7578125,105845.94921875
1934.7232978343964,2,893.7,12364.03515625,105845.94921875
1935.7301132678986,2,1219.7,12442.8359375,105845.94921875
1936.7402164936066,2,1263.1,12981.81640625,105845.94921875
1937.7507791519165,2,571.7,13861.01171875,105845.94921875
1938.7579638957977,2,1582.6,14251.84375,105845.94921875
1939.7689499855042,2,1393.5,12710.5859375,105845.94921875
1940.7799599170685,2,3717.7,8435.23046875,105845.94921875
1941.7999393939972,2,4782.7,8319.6484375,105845.94921875
1942.8189384937286,2,4780.8,8200.76953125,105845.94921875
1943.8379459381104,2,4048.8,8043.26953125,105845.94921875
1944.8448581695557,2,1911.7,8333.55078125,105845.94921875
1945.8549582958221,2,2730.5,6073.44921875,105845.94921875
1946.8659484386444,2,2613.0,6148.51171875,105845.94921875
1947.8729598522186,2,2465.7,3623.5703125,105845.94921875
1948.8909471035004,2,2353.7,6643.78515625,105845.94921875
1949.9091172218323,2,4063.2,5986.3046875,105845.94921875
1950.9289796352386,2,2429.0,8103.234375,105845.94921875
1951.9371345043182,2,612.7,11186.28515625,105845.94921875
1952.944100856781,2,100.2,12387.2578125,105845.94921875
1953.951595544815,2,1118.9,12513.8671875,105845.94921875
1954.9616119861603,2,1122.9,12667.37890625,105845.94921875
1955.9687538146973,2,1319.1,12698.66796875,105845.94921875
1956.9769682884216,2,734.4,14760.54296875,105845.94921875
1958.0029532909393,2,1817.4,13964.71484375,105845.94921875
1959.0192024707794,2,947.2,9701.28515625,105845.94921875
1960.0279545783997,2,4498.2,8471.21875,105845.94921875
1961.0511980056763,2,4777.3,8296.36328125,105845.94921875
1962.070940732956,2,4778.8,8175.5546875,105845.94921875
1963.0909502506256,2,4181.7,8461.484375,105845.94921875
1964.109444141388,2,3007.4,8266.47265625,105845.94921875
1965.1179456710815,2,2740.9,6282.6484375,105845.94921875
1966.1279604434967,2,1740.4,5538.16015625,105845.94921875
1967.1448793411255,2,3859.6,5902.59765625,105845.94921875
1968.1641533374786,2,1729.0,6325.00390625,105845.94921875
1969.1749596595764,2,2853.8,5582.39453125,105845.94921875
1970.1944613456726,2,2374.0,6942.953125,105845.94921875
1971.201943397522,2,2143.1,6481.70703125,105845.94921875
1972.210011959076,2,2592.7,6285.2734375,105845.94921875
1973.2179918289185,2,2149.2,6344.9765625,105845.94921875
1974.2437632083893,2,3795.4,6201.80078125,105845.94921875
1975.2543601989746,2,1231.1,6726.83984375,105845.94921875
1976.2623510360718,2,3245.1,6949.078125,105845.94921875
1977.2759504318237,2,2230.9,6856.4765625,105845.94921875
1978.288631439209,2,2438.0,6569.26953125,105845.94921875
1979.2959849834442,2,2846.3,5667.9765625,105845.94921875
1980.3049483299255,2,2192.4,6479.8359375,105845.94921875
1981.3230888843536,2,3269.2,6650.48046875,105845.94921875
1982.330418586731,2,1363.0,5966.82421875,105845.94921875
1983.3399815559387,2,3221.4,7023.98828125,105845.94921875
1984.3478956222534,2,2227.9,6789.79296875,105845.94921875
1985.3559863567352,2,2411.4,6633.22265625,105845.94921875
1986.3633253574371,2,2572.9,3237.49609375,105845.94921875
1987.3719499111176,2,2931.2,6232.953125,105845.94921875
1988.391164302826,2,2552.5,6452.37109375,105845.94921875
1989.3993163108826,2,2102.7,5748.1171875,105845.94921875
1990.4249544143677,2,2952.6,6907.03125,105845.94921875
1991.4410684108734,2,2010.2,6492.5234375,105845.94921875
1992.449862241745,2,2647.7,6211.171875,105845.94921875
1993.4575834274292,2,2200.0,5541.24609375,105845.94921875
1994.4657192230225,2,3303.8,5570.96484375,105845.94921875
1995.4733254909515,2,2720.9,5549.5625,105845.94921875
1996.4803869724274,2,2847.4,5131.83984375,105845.94921875
1997.487978219986,2,2615.6,3616.9609375,105845.94921875
1998.4953904151917,2,2069.8,3764.828125,105845.94921875
1999.5027112960815,2,2837.4,3380.91796875,105845.94921875
2000.5114560127258,2,2562.2,3706.8203125,105845.94921875
2001.5195534229279,2,2249.0,4129.28125,105845.94921875
2002.527502298355,2,3146.0,3575.0234375,105845.94921875
2003.5338997840881,2,2611.9,3126.796875,105845.94921875
2004.5450773239136,2,2840.6,3121.29296875,105845.94921875
2005.5532357692719,2,3090.2,2948.9609375,105845.94921875
2006.5648663043976,2,686.7,895.44140625,104821.88671875
