elapsed_time,nproc,cpu,mem_real,mem_virtual
3.8623809814453125e-05,2,0.0,12.52734375,1355.98046875
1.0051372051239014,4,6.9,380.9375,4419.2421875
2.0131561756134033,4,98.3,533.1640625,4581.2421875
3.0201988220214844,4,101.2,533.7890625,4623.2421875
4.02771258354187,4,99.3,532.63671875,4623.2421875
5.034773111343384,4,99.3,532.29296875,4623.2421875
6.042206048965454,4,99.3,536.890625,4623.2421875
7.0495593547821045,4,99.1,526.69921875,4623.2421875
8.058378458023071,4,100.1,508.984375,4623.2421875
9.067453384399414,4,100.0,521.6875,4623.2421875
10.077150583267212,4,99.1,572.328125,4671.2421875
11.086477518081665,4,100.1,624.46484375,4727.2421875
12.095975160598755,4,100.1,667.35546875,4791.2421875
13.105467319488525,4,99.0,714.17578125,4877.2421875
14.115284442901611,4,99.1,759.12109375,4877.2421875
15.124282360076904,4,100.1,802.80078125,4973.2421875
16.133538722991943,4,100.1,844.91015625,4973.2421875
17.142864227294922,4,100.1,624.93359375,4973.2421875
18.152151107788086,2,73.3,274.9609375,3873.3984375
19.162254810333252,2,0.0,270.0625,4032.91796875
20.172144174575806,2,101.0,321.2578125,4062.91796875
21.181554555892944,2,99.1,328.06640625,4062.91796875
22.191137552261353,2,101.0,334.92578125,4174.91796875
23.200917720794678,2,100.0,337.796875,4174.91796875
24.210423707962036,2,100.1,337.6796875,4174.91796875
25.219287633895874,2,100.0,365.9765625,4302.91796875
26.228830814361572,2,99.1,381.4296875,4302.91796875
27.237845420837402,2,100.1,399.01171875,4330.91796875
28.247336387634277,2,100.1,416.51953125,4330.91796875
29.256102323532104,2,96.1,234.96484375,4365.171875
30.26525902748108,2,922.7,817.859375,8598.13671875
31.284257650375366,2,1421.9,558.60546875,8598.13671875
32.295971632003784,2,616.2,1120.42578125,9318.16796875
33.30700349807739,2,948.8,1959.76171875,10598.16796875
34.316638469696045,2,1965.1,1648.46875,12144.16796875
35.32678174972534,2,786.1,1494.4375,13248.23046875
36.33814239501953,2,100.0,1473.17578125,13248.23046875
37.34772539138794,2,99.0,1475.6875,13248.23046875
38.3572895526886,2,360.5,2371.24609375,15919.19921875
39.366957664489746,2,706.4,2532.60546875,15944.18359375
40.37496733665466,2,232.6,2505.453125,15966.68359375
41.385154008865356,2,2381.1,5382.0390625,19615.68359375
42.39516639709473,2,834.8,8042.87890625,19615.68359375
43.41725564002991,2,3315.1,9673.8984375,23725.68359375
44.44224667549133,2,2159.7,10563.4296875,23725.68359375
45.46224856376648,2,2811.4,9852.625,23725.68359375
46.47378158569336,2,1497.5,11685.84765625,25040.18359375
47.48269820213318,2,846.2,13844.87890625,30160.18359375
48.4905800819397,2,100.2,15060.03125,30160.18359375
49.49851441383362,2,1149.7,15254.4921875,30176.18359375
50.50926089286804,2,1092.6,15619.46484375,30183.18359375
51.51687455177307,2,1345.7,15360.0390625,30183.18359375
52.526256799697876,2,1096.1,17607.98828125,36327.18359375
53.54611611366272,2,1375.0,17014.96484375,36417.18359375
54.554253578186035,2,1663.1,11348.12109375,36417.18359375
55.58536982536316,2,4763.0,11616.390625,36452.18359375
56.60541820526123,2,2497.4,12253.3046875,37126.18359375
57.61325407028198,2,2901.9,9803.5078125,37238.18359375
58.631744384765625,2,2427.6,11259.5703125,37238.18359375
59.64099168777466,2,2207.1,9737.609375,37238.18359375
60.648581981658936,2,1687.3,9780.67578125,37238.18359375
61.656702756881714,2,1071.5,9786.8671875,37238.18359375
62.67027139663696,2,1497.6,3055.96875,37750.19140625
63.67852854728699,2,939.1,2998.9609375,37238.18359375
64.6858344078064,2,217.6,2982.75390625,37238.18359375
65.69326782226562,2,972.6,4296.8125,37238.18359375
66.70690655708313,2,1418.0,8979.83203125,37238.18359375
67.71525740623474,2,3247.9,10615.8125,37238.18359375
68.73624682426453,2,2790.2,11440.125,37238.18359375
69.75464415550232,2,2901.2,10716.6171875,37238.18359375
70.76207876205444,2,1346.0,11871.08984375,37238.18359375
71.77417063713074,2,373.9,14522.52734375,37238.18359375
72.78235530853271,2,101.2,15327.91015625,37238.18359375
73.79004764556885,2,1318.6,15406.7265625,37238.18359375
74.79716682434082,2,926.0,16351.390625,37238.18359375
75.80363321304321,2,1514.2,15667.17578125,37238.18359375
76.81126999855042,2,1463.1,18669.30859375,37238.18359375
77.8346939086914,2,800.5,16919.734375,37238.18359375
78.84225273132324,2,2308.9,12024.8359375,37238.18359375
79.86324763298035,2,3606.9,13269.44140625,37398.18359375
80.8819944858551,2,2050.2,12729.9375,37438.18359375
81.88918232917786,2,3707.0,10590.96875,37438.18359375
82.89487671852112,2,2441.0,11987.90234375,37438.18359375
83.91100287437439,2,1573.0,10691.13671875,37438.18359375
84.91841220855713,2,1613.1,10214.17578125,37438.18359375
85.9276876449585,2,1536.6,9768.89453125,37438.18359375
86.93707752227783,2,1159.7,3012.16796875,37438.18359375
87.944162607193,2,1056.5,3409.40625,37450.18359375
88.95224785804749,2,254.0,3244.96875,37450.18359375
89.96032786369324,2,2576.2,6141.01953125,37450.18359375
90.96876192092896,2,1673.1,10120.51953125,37450.18359375
91.97585535049438,2,2821.5,10818.99609375,37450.18359375
92.98310828208923,2,4224.9,11066.61328125,37450.18359375
93.99226570129395,2,2308.2,9989.91015625,37450.18359375
95.01308393478394,2,715.9,14071.23828125,37570.18359375
96.02010822296143,2,1154.6,15417.88671875,47810.18359375
97.02734470367432,2,101.3,19167.34375,47810.18359375
98.03463292121887,2,101.2,22034.64453125,47810.18359375
99.04279255867004,2,103.2,21897.7265625,47810.18359375
100.05043506622314,2,602.9,21785.59765625,47810.18359375
101.05735373497009,2,1238.7,21980.203125,47810.18359375
102.06565999984741,2,1220.9,23362.4765625,47810.18359375
103.07396197319031,2,874.2,22513.01171875,47810.18359375
104.08176684379578,2,1483.0,25309.00390625,47810.18359375
105.08989477157593,2,1292.7,22334.36328125,47810.18359375
106.09707999229431,2,347.3,24187.8046875,47830.18359375
107.10525465011597,2,2050.5,26823.4375,47830.18359375
108.12517094612122,2,833.0,28810.765625,47852.18359375
109.13346409797668,2,1459.1,26076.5390625,47876.18359375
110.14025521278381,2,1278.6,22931.0703125,47888.18359375
111.15425419807434,2,2769.7,14298.04296875,47888.18359375
112.1752438545227,2,4769.7,14076.33203125,47888.18359375
113.19516086578369,2,2663.4,15494.04296875,48574.18359375
114.2035346031189,2,1903.3,14689.41015625,48574.18359375
115.21042919158936,2,3408.5,10539.81640625,48574.18359375
116.21817398071289,2,2422.0,11638.67578125,48574.18359375
117.23485350608826,2,1432.5,10543.5625,48574.18359375
118.24265956878662,2,1659.0,9892.44921875,48574.18359375
119.24940204620361,2,1583.8,9492.22265625,48574.18359375
120.25577926635742,2,899.5,3256.91796875,48574.18359375
121.26407670974731,2,1558.0,3659.94140625,48574.18359375
122.271812915802,2,1040.5,3188.1328125,48574.18359375
123.27899599075317,2,2060.8,6253.66015625,48574.18359375
124.28686332702637,2,1863.6,12268.84375,48574.18359375
125.29403686523438,2,3211.3,10807.94921875,48574.18359375
126.30124735832214,2,3369.2,11485.8359375,48574.18359375
127.319495677948,2,2062.2,8919.765625,48574.18359375
128.32915925979614,2,1636.7,13291.4296875,48574.18359375
129.337162733078,2,1380.8,14765.7109375,48574.18359375
130.34528017044067,2,100.1,18534.4765625,48574.18359375
131.3537414073944,2,101.2,22234.34765625,48574.18359375
132.36168336868286,2,101.3,22197.69140625,48574.18359375
133.36876702308655,2,148.4,22063.71875,48574.18359375
134.3802511692047,2,1368.8,22548.34765625,48574.18359375
135.3902609348297,2,1539.5,23188.7109375,48574.18359375
136.4011697769165,2,898.0,22371.921875,48574.18359375
137.4089105129242,2,1481.2,25209.63671875,48574.18359375
138.41618752479553,2,1110.0,23018.01953125,48574.18359375
139.42432856559753,2,541.9,23994.2109375,60862.18359375
140.43225359916687,2,1072.4,27161.83203125,60862.18359375
141.45206212997437,2,1852.2,29903.9921875,60876.18359375
142.4599895477295,2,1521.7,25872.1328125,60876.18359375
143.46804451942444,2,956.2,23578.109375,60876.18359375
144.47757148742676,2,2078.9,14683.94140625,60876.18359375
145.5076653957367,2,4759.0,14485.31640625,60876.18359375
146.5286829471588,2,3322.8,15741.78515625,60916.18359375
147.53740668296814,2,2138.3,14919.01953125,60916.18359375
148.5448682308197,2,3757.6,10659.078125,60916.18359375
149.55725836753845,2,2245.5,12108.16015625,60916.18359375
150.56978487968445,2,1493.1,10677.4453125,60916.18359375
151.57698559761047,2,1846.4,10214.4375,60916.18359375
152.58439779281616,2,1283.6,10399.06640625,60916.18359375
153.59327173233032,2,964.5,2848.59765625,61428.20703125
154.60101556777954,2,1605.3,3554.89453125,60916.18359375
155.60894560813904,2,669.1,3199.2890625,60916.18359375
156.61628365516663,2,2440.9,5612.41015625,60916.18359375
157.62412881851196,2,1349.5,10242.05859375,60916.18359375
158.63326215744019,2,3410.6,10632.94921875,60916.18359375
159.65924406051636,2,2791.2,11479.58984375,60916.18359375
160.6775839328766,2,2601.9,10627.171875,60916.18359375
161.68527722358704,2,1704.8,12842.3203125,60916.18359375
162.69300055503845,2,1381.0,14443.0078125,60916.18359375
163.70021104812622,2,100.2,18125.921875,60916.18359375
164.70776295661926,2,102.3,21791.1484375,60916.18359375
165.71496605873108,2,101.1,22358.4140625,60916.18359375
166.7234332561493,2,103.2,22253.734375,60916.18359375
167.7309398651123,2,1339.3,22130.578125,60916.18359375
168.73816561698914,2,881.6,22862.15234375,60916.18359375
169.74536085128784,2,1578.6,21909.37890625,60916.18359375
170.75325727462769,2,1352.2,24353.94140625,60916.18359375
171.76655173301697,2,910.7,24072.37890625,60916.18359375
172.77443194389343,2,860.7,23458.45703125,60916.18359375
173.78290057182312,2,101.2,26171.5,60916.18359375
174.7907042503357,2,2804.4,29348.078125,60916.18359375
175.79824995994568,2,826.3,25632.37890625,60916.18359375
176.81712532043457,2,1450.4,24450.88671875,60916.18359375
177.8252489566803,2,980.7,14672.76953125,60916.18359375
178.84396696090698,2,4751.4,14461.62109375,60916.18359375
179.86425805091858,2,3640.5,15675.28515625,60916.18359375
180.8852560520172,2,2311.0,14974.82421875,60916.18359375
181.90225529670715,2,3053.2,10541.90234375,60916.18359375
182.92203569412231,2,2551.4,10448.92578125,60916.18359375
183.92948460578918,2,2725.2,10151.703125,60916.18359375
184.93731808662415,2,1380.6,10640.61328125,60916.18359375
185.94524598121643,2,1143.0,10175.70703125,60916.18359375
186.95974922180176,2,1665.1,5281.046875,60916.18359375
187.96685004234314,2,1261.0,3415.28125,60916.18359375
188.9731616973877,2,643.1,3159.88671875,60916.18359375
189.97924828529358,2,1672.3,3574.85546875,60916.18359375
191.02228713035583,2,1304.0,8803.21875,60916.18359375
192.03025722503662,2,2881.7,10659.10546875,60916.18359375
193.05024409294128,2,2773.4,11492.19921875,60916.18359375
194.0692481994629,2,3797.3,11999.7421875,60916.18359375
195.08885431289673,2,2382.1,11474.64453125,60916.18359375
196.09712719917297,2,207.9,15045.2578125,60916.18359375
197.10755228996277,2,1282.0,16760.78515625,60916.18359375
198.1144413948059,2,101.3,20487.796875,60916.18359375
199.12120914459229,2,100.2,22471.265625,60916.18359375
200.1290304660797,2,100.3,22438.07421875,60916.18359375
201.13584566116333,2,912.1,22400.70703125,60916.18359375
202.1434290409088,2,1299.9,22233.578125,60916.18359375
203.15125179290771,2,1155.1,23087.73828125,60916.18359375
204.15891480445862,2,538.0,24017.62109375,60916.18359375
205.1672489643097,2,1624.6,23681.76953125,60916.18359375
206.18582344055176,2,1367.2,22560.53125,60916.18359375
207.1936604976654,2,103.2,25222.7109375,60916.18359375
208.20169067382812,2,2830.1,28550.96484375,60916.18359375
209.20906949043274,2,264.0,26239.41015625,60916.18359375
210.21676230430603,2,1390.3,24599.33203125,60916.18359375
211.22511649131775,2,1434.7,22934.12109375,60916.18359375
212.23325300216675,2,3285.8,14577.3359375,60916.18359375
213.2531898021698,2,4635.9,15729.125,60944.18359375
214.26225757598877,2,2290.4,15352.01953125,60944.18359375
215.279128074646,2,2222.0,10689.26171875,60944.18359375
216.29943585395813,2,3523.2,10941.21875,60944.18359375
217.3081178665161,2,2533.0,11990.984375,60944.18359375
218.31599974632263,2,1296.7,10930.921875,60944.18359375
219.32624530792236,2,1726.4,10099.9375,60944.18359375
220.3329906463623,2,1625.3,9791.0,60944.18359375
221.34263849258423,2,914.8,3002.7578125,60944.18359375
222.35043120384216,2,1589.5,3669.265625,60944.18359375
223.35624861717224,2,928.0,3035.6640625,60944.18359375
224.39901900291443,2,2117.4,6094.96875,60944.18359375
225.4062647819519,2,1853.5,12360.16015625,60944.18359375
226.4146692752838,2,3080.7,10799.0859375,60944.18359375
227.4222445487976,2,3399.5,11495.953125,60944.18359375
228.43824887275696,2,2080.8,8938.3515625,60944.18359375
229.44942593574524,2,1524.9,13406.640625,60958.18359375
230.45671939849854,2,1378.3,14819.83984375,60958.18359375
231.46372604370117,2,100.2,18472.45703125,60958.18359375
232.47175765037537,2,100.3,22186.62890625,60958.18359375
233.47871208190918,2,101.2,22164.08203125,60958.18359375
234.48638820648193,2,162.6,22033.6484375,60958.18359375
235.49515891075134,2,1302.4,22452.10546875,60958.18359375
236.50326085090637,2,1490.6,23129.44921875,60958.18359375
237.52319312095642,2,953.2,22354.875,60958.18359375
238.53113722801208,2,1493.1,25155.20703125,60958.18359375
239.53909635543823,2,1021.5,22942.83984375,60958.18359375
240.54846715927124,2,619.4,23825.59765625,60958.18359375
241.556250333786,2,802.9,27248.12109375,60958.18359375
242.57593059539795,2,2115.9,29705.52734375,60958.18359375
243.58299684524536,2,1434.9,25725.7890625,60958.18359375
244.59215688705444,2,808.0,23788.9765625,60958.18359375
245.6002585887909,2,1812.6,14667.92578125,60958.18359375
246.62793827056885,2,4765.0,14415.3515625,60958.18359375
247.6482458114624,2,3634.5,15745.77734375,60972.18359375
248.65428733825684,2,2045.5,14949.4921875,60972.18359375
249.69209933280945,2,3447.9,10579.41796875,60972.18359375
250.71524667739868,2,2223.1,12061.05859375,60972.18359375
251.73440313339233,2,2112.8,10425.5546875,60972.18359375
252.74199318885803,2,1702.5,10144.1484375,60972.18359375
253.7499496936798,2,1557.0,10264.98046875,60972.18359375
254.75832414627075,2,1885.5,5574.625,60972.18359375
255.76657819747925,2,1225.8,3392.5078125,60972.18359375
256.77485179901123,2,940.5,3085.49609375,60972.18359375
257.78225684165955,2,2210.9,5309.89453125,60972.18359375
258.80493211746216,2,1252.5,9229.7421875,60972.18359375
259.81324672698975,2,3269.1,9985.625,60972.18359375
260.8202464580536,2,2802.2,10963.109375,60972.18359375
261.83834958076477,2,2536.3,9984.33203125,60972.18359375
262.84506273269653,2,1610.4,12203.05859375,60972.18359375
263.8528861999512,2,1238.1,13911.2421875,60972.18359375
264.8609073162079,2,100.2,17563.0859375,60972.18359375
265.86925983428955,2,100.2,21321.4375,60972.18359375
266.87702775001526,2,100.2,21611.4921875,60972.18359375
267.88513827323914,2,100.3,21564.68359375,60972.18359375
268.89260625839233,2,1357.3,21768.21484375,60972.18359375
269.90125489234924,2,1264.3,22707.2578125,60972.18359375
270.9207925796509,2,1196.8,21785.25,60972.18359375
271.92928767204285,2,1488.0,24703.56640625,60972.18359375
272.9392445087433,2,878.8,22570.6875,60972.18359375
273.9576451778412,2,756.0,23394.23828125,60972.18359375
274.966246843338,2,646.3,26873.6015625,60972.18359375
275.98529386520386,2,2295.0,29226.70703125,60972.18359375
276.9934904575348,2,1455.7,25284.34375,60972.18359375
278.00126695632935,2,778.5,23886.82421875,60972.18359375
279.00825452804565,2,1321.5,14306.921875,60972.18359375
280.0292546749115,2,4765.6,14067.6015625,60972.18359375
281.0496258735657,2,3194.6,15162.9453125,60972.18359375
282.0562701225281,2,2227.2,14359.0546875,60972.18359375
283.0647509098053,2,3234.0,10416.79296875,60972.18359375
284.0718204975128,2,2613.5,11382.28515625,60972.18359375
285.0824406147003,2,1353.1,10310.00390625,60972.18359375
286.090350151062,2,1581.7,9665.75390625,60972.18359375
287.09752202033997,2,1658.8,9378.59375,60972.18359375
288.10489082336426,2,1028.9,2877.50390625,60972.18359375
289.11276054382324,2,1621.8,3662.74609375,60972.18359375
290.1214790344238,2,804.5,2894.140625,60972.18359375
291.1271541118622,2,1983.5,6536.98046875,60972.18359375
292.1352479457855,2,2186.8,10137.37109375,60972.18359375
293.1562488079071,2,2766.5,10960.72265625,60972.18359375
294.1748163700104,2,3784.0,11441.3359375,60972.18359375
295.19228196144104,2,2355.8,10684.5859375,60972.18359375
296.20026421546936,2,186.5,14268.609375,60972.18359375
297.21325612068176,2,1161.7,16192.6875,60972.18359375
298.2200734615326,2,99.3,19916.45703125,60972.18359375
299.227175951004,2,101.3,21704.4765625,60972.18359375
300.2341284751892,2,102.3,21602.33984375,60972.18359375
301.2408514022827,2,924.4,21729.890625,60972.18359375
302.24804496765137,2,1330.9,21539.7109375,60972.18359375
303.2555990219116,2,1151.6,22021.44140625,60972.18359375
304.2637469768524,2,547.7,23393.73046875,60972.18359375
305.27224349975586,2,1713.4,23147.70703125,60972.18359375
306.2907063961029,2,1271.1,22120.07421875,60972.18359375
307.2992043495178,2,101.3,24859.85546875,60972.18359375
308.3063735961914,2,2852.1,28153.0625,60972.18359375
309.31370782852173,2,273.7,25871.921875,60972.18359375
310.32225942611694,2,1388.1,24261.3125,60972.18359375
311.33006620407104,2,1424.4,22562.46484375,60972.18359375
312.3392655849457,2,3261.5,14240.53125,60972.18359375
313.3596258163452,2,4071.3,15407.671875,60988.18359375
314.365611076355,2,2409.4,14547.42578125,61116.18359375
315.3742573261261,2,2955.7,10053.1953125,61116.18359375
316.3943679332733,2,2588.8,11131.91015625,61116.18359375
317.40363574028015,2,2362.7,9826.375,61116.18359375
318.4104564189911,2,1533.8,10067.41796875,61116.18359375
319.41625213623047,2,1312.1,9803.484375,61116.18359375
320.42425298690796,2,1912.9,6583.11328125,61116.18359375
321.433247089386,2,1253.9,3696.63671875,61116.18359375
322.4513885974884,2,727.5,3117.6796875,61116.18359375
323.46724343299866,2,1852.7,4001.03125,61116.18359375
324.48024797439575,2,1455.7,8478.2421875,61116.18359375
325.50925636291504,2,3103.0,10161.5,61116.18359375
326.52324652671814,2,2772.7,11014.32421875,61116.18359375
327.5414695739746,2,2992.1,10219.3359375,61116.18359375
328.54908657073975,2,1744.6,11855.859375,61116.18359375
329.55851340293884,2,1320.2,14091.7265625,61116.18359375
330.56672286987305,2,107.2,17004.9296875,61116.18359375
331.5738341808319,2,100.3,20713.96875,61116.18359375
332.5808653831482,2,101.2,21564.1953125,61116.18359375
333.58846712112427,2,100.3,21501.4921875,61116.18359375
334.59521484375,2,1291.7,21468.1171875,61116.18359375
335.6033115386963,2,963.8,22169.95703125,61116.18359375
336.61224937438965,2,1484.0,21596.7578125,61116.18359375
337.62117290496826,2,1280.4,23941.73046875,61116.18359375
338.6420154571533,2,1054.9,23596.33203125,61116.18359375
339.6496162414551,2,874.4,22844.1640625,61116.18359375
340.65714740753174,2,102.3,25577.09375,61116.18359375
341.6642737388611,2,2861.3,28836.36328125,61116.18359375
342.6714816093445,2,622.9,25201.28125,61116.18359375
343.68150329589844,2,1580.0,24105.05859375,61116.18359375
344.68953132629395,2,865.0,14661.55078125,61116.18359375
345.6982510089874,2,4513.5,14124.9765625,61116.18359375
346.71925473213196,2,3857.8,15407.96484375,61130.18359375
347.7295606136322,2,1988.8,14598.890625,61130.18359375
348.73925971984863,2,3638.7,10509.7734375,61130.18359375
349.754191160202,2,2247.1,11617.921875,61130.18359375
350.7632462978363,2,1493.7,10294.7109375,61130.18359375
351.7781717777252,2,1963.7,9832.21875,61130.18359375
352.7961745262146,2,1297.3,10078.40625,61130.18359375
353.8028643131256,2,1433.0,3144.2265625,61642.19140625
354.8102445602417,2,1713.0,3511.78125,61130.18359375
355.8180661201477,2,712.0,3139.9921875,61130.18359375
356.82509112358093,2,2089.4,5016.43359375,61130.18359375
357.8379240036011,2,1335.3,9077.796875,61130.18359375
358.84526443481445,2,3290.5,10208.16015625,61130.18359375
359.87124705314636,2,2799.7,11063.765625,61130.18359375
360.889484167099,2,2578.1,10226.79296875,61130.18359375
361.8979821205139,2,1754.7,12268.30078125,61130.18359375
362.90608406066895,2,1319.9,13944.6328125,61130.18359375
363.91375708580017,2,100.2,17587.18359375,61130.18359375
364.92138147354126,2,99.3,21260.18359375,61130.18359375
365.92827010154724,2,101.4,21780.78125,61130.18359375
366.9341335296631,2,101.3,21712.8359375,61130.18359375
367.941349029541,2,1353.1,21725.91796875,61130.18359375
368.94936323165894,2,895.8,22557.71484375,61130.18359375
369.9574410915375,2,1581.7,21708.953125,61130.18359375
370.9645709991455,2,1467.7,24552.48828125,61130.18359375
371.97295331954956,2,783.3,23673.421875,61130.18359375
372.981547832489,2,876.4,22978.49609375,61130.18359375
373.9890789985657,2,103.2,25710.64453125,61130.18359375
374.9970519542694,2,2809.3,29004.05859375,61130.18359375
376.0042486190796,2,715.3,25314.0859375,61130.18359375
377.02325081825256,2,1481.5,24127.1171875,61130.18359375
378.0316016674042,2,878.5,14646.41796875,61130.18359375
379.04025650024414,2,4500.9,14201.49609375,61130.18359375
380.0604338645935,2,3797.9,15263.16796875,61130.18359375
381.07123351097107,2,2127.0,14490.8125,61130.18359375
382.0772535800934,2,3382.7,10063.7265625,61130.18359375
383.100252866745,2,2342.7,11458.15625,61130.18359375
384.1125588417053,2,1813.0,10008.3125,61130.18359375
385.11958599090576,2,1691.0,9766.56640625,61130.18359375
386.1272714138031,2,1150.8,10160.39453125,61130.18359375
387.13435649871826,2,1317.6,3037.4140625,61642.19140625
388.1422436237335,2,1655.8,3451.22265625,61130.18359375
389.14890146255493,2,853.5,3078.9609375,61130.18359375
390.15725231170654,2,1887.9,4602.16796875,61130.18359375
391.1813349723816,2,1473.7,8756.109375,61130.18359375
392.2012610435486,2,3173.4,10209.71484375,61130.18359375
393.2152578830719,2,2755.6,11096.7109375,61130.18359375
394.23356080055237,2,2739.7,10419.46875,61130.18359375
395.2482702732086,2,1674.8,12157.234375,61130.18359375
396.2555088996887,2,1322.7,13793.5,61130.18359375
397.2632727622986,2,99.3,17463.7421875,61130.18359375
398.2701995372772,2,100.3,21195.6171875,61130.18359375
399.2776765823364,2,102.2,21791.46484375,61130.18359375
400.2857859134674,2,100.2,21682.234375,61130.18359375
401.29332733154297,2,1338.6,21658.015625,61130.18359375
402.3011176586151,2,885.0,22419.91015625,61130.18359375
403.30902671813965,2,1575.3,21592.875,61130.18359375
404.31726360321045,2,1458.2,24528.0859375,61130.18359375
405.3390278816223,2,775.4,23735.546875,61130.18359375
406.34617733955383,2,869.3,23037.6796875,61130.18359375
407.35386204719543,2,101.2,25812.796875,61130.18359375
408.3621950149536,2,2816.4,28989.92578125,61130.18359375
409.37025713920593,2,844.3,25231.5234375,61130.18359375
410.3894021511078,2,1363.8,24236.30078125,61130.18359375
411.3975479602814,2,872.2,14314.5234375,61130.18359375
412.4042525291443,2,4652.9,14121.71875,61130.18359375
413.4252471923828,2,3862.4,15386.984375,61130.18359375
414.4367160797119,2,1995.5,14498.42578125,61130.18359375
415.44625663757324,2,3459.9,10149.58203125,61130.18359375
416.4692554473877,2,2432.6,11535.4140625,61130.18359375
417.49056458473206,2,1633.0,10118.328125,61130.18359375
418.49782729148865,2,1690.3,9816.1171875,61130.18359375
419.50595116615295,2,1313.8,10191.26953125,61130.18359375
420.5129323005676,2,2078.9,3957.38671875,61130.18359375
421.5212423801422,2,1570.2,3791.4296875,61130.18359375
422.5324375629425,2,641.8,3765.8671875,61130.18359375
423.53924679756165,2,1144.8,4212.0390625,61130.18359375
424.5559048652649,2,1836.3,6722.0625,61130.18359375
425.5632469654083,2,2419.6,10252.69921875,61130.18359375
426.58324909210205,2,2771.7,11097.3828125,61130.18359375
427.6016643047333,2,3798.6,11603.50390625,61130.18359375
428.6091330051422,2,2549.9,10703.95703125,61130.18359375
429.61738872528076,2,100.3,14347.98046875,61130.18359375
430.6243906021118,2,1312.7,15840.55859375,61130.18359375
431.63147711753845,2,99.3,19525.03515625,61130.18359375
432.63873314857483,2,101.2,21678.6171875,61130.18359375
433.6468231678009,2,102.2,21612.32421875,61130.18359375
434.6547451019287,2,858.9,21530.5546875,61130.18359375
435.66327691078186,2,1260.5,21537.921875,61130.18359375
436.67621898651123,2,1234.6,22264.4765625,61130.18359375
437.6846089363098,2,542.0,23177.6484375,61130.18359375
438.69206404685974,2,1513.5,23624.015625,61130.18359375
439.7022466659546,2,1446.7,21993.75,61130.18359375
440.7095925807953,2,161.8,24548.734375,61130.18359375
441.71727085113525,2,2595.8,27104.49609375,61130.18359375
442.7463765144348,2,292.9,26711.19140625,61130.18359375
443.75401520729065,2,1526.0,26186.125,61130.18359375
444.7625472545624,2,1290.6,22917.19140625,61130.18359375
445.771244764328,2,2649.5,14266.03125,61130.18359375
446.79126358032227,2,4748.8,15057.1015625,61130.18359375
447.8069603443146,2,2187.8,14935.390625,61130.18359375
448.82824993133545,2,2191.7,10220.5234375,61130.18359375
449.8478081226349,2,3409.7,10589.609375,61130.18359375
450.857248544693,2,2527.6,11627.68359375,61130.18359375
451.8691575527191,2,1365.6,10637.0234375,61130.18359375
452.8885073661804,2,1581.1,9744.03125,61130.18359375
453.89538502693176,2,1486.5,9634.75390625,61130.18359375
454.90181589126587,2,669.5,3450.7265625,61130.18359375
455.9099590778351,2,1913.8,4069.23046875,61130.18359375
456.91824865341187,2,884.8,3579.4609375,61130.18359375
457.93788862228394,2,1905.4,6625.52734375,61130.18359375
458.94611167907715,2,2525.6,10115.02734375,61130.18359375
459.96724820137024,2,2764.9,10958.734375,61130.18359375
460.986248254776,2,3799.9,11454.55859375,61130.18359375
462.00500321388245,2,2173.5,10827.61328125,61130.18359375
463.01277446746826,2,376.6,14267.96484375,61130.18359375
464.0241425037384,2,944.8,16060.2578125,61130.18359375
465.03277134895325,2,100.3,19730.6015625,61130.18359375
466.03971552848816,2,101.3,21510.39453125,61130.18359375
467.04676842689514,2,101.3,21441.375,61130.18359375
468.0535776615143,2,916.5,21641.80078125,61130.18359375
469.06172704696655,2,1327.9,21452.1953125,61130.18359375
470.0693185329437,2,1153.7,21845.66015625,61130.18359375
471.07650995254517,2,512.5,23359.73046875,61130.18359375
472.08425092697144,2,1771.3,23181.140625,61130.18359375
473.102986574173,2,1243.7,22153.65625,61130.18359375
474.1103730201721,2,102.1,24912.640625,61130.18359375
475.1188213825226,2,2840.0,28171.171875,61130.18359375
476.1269292831421,2,271.9,25811.1875,61130.18359375
477.1347072124481,2,1388.1,24132.21875,61130.18359375
478.1403799057007,2,1357.2,22609.4140625,61130.18359375
479.1492531299591,2,2973.9,14111.91796875,61130.18359375
480.17025542259216,2,4420.5,15214.3984375,61130.18359375
481.1875422000885,2,2388.6,14808.0390625,61130.18359375
482.1952586174011,2,2566.8,10189.46875,61130.18359375
483.2153618335724,2,2757.9,10048.96875,61130.18359375
484.22224855422974,2,2485.6,9768.0625,61130.18359375
485.2302541732788,2,1407.5,10758.6328125,61130.18359375
486.24878787994385,2,1110.2,9730.28125,61130.18359375
487.25670623779297,2,1895.9,7081.49609375,61130.18359375
488.26413226127625,2,1635.2,3254.2890625,61130.18359375
489.2707395553589,2,785.2,2730.88671875,61130.18359375
490.27681255340576,2,1803.8,7063.875,61130.18359375
491.28425908088684,2,2010.6,11017.76953125,61130.18359375
492.30926966667175,2,2866.0,11777.5078125,61130.18359375
493.3178732395172,2,4235.0,11994.2421875,61130.18359375
494.32542848587036,2,1985.1,10178.57421875,61130.18359375
495.33343029022217,2,900.7,12598.19140625,61130.18359375
496.3414785861969,2,910.6,12768.15625,61130.18359375
497.34849071502686,2,1332.3,12756.64453125,61130.18359375
498.3551080226898,2,1141.5,13771.7265625,61130.18359375
499.3632707595825,2,3067.0,10923.46484375,61130.18359375
500.3938229084015,2,3558.1,12247.08203125,61130.18359375
501.4010956287384,2,2623.6,11821.14453125,61130.18359375
502.40925884246826,2,3521.4,10365.17578125,61130.18359375
503.4302487373352,2,2553.0,10289.69140625,61130.18359375
504.43791913986206,2,2705.3,10101.89453125,61130.18359375
505.4479603767395,2,1386.7,11021.65234375,61130.18359375
506.45466113090515,2,1007.8,10354.15234375,61130.18359375
507.4622459411621,2,2384.0,9704.72265625,61130.18359375
508.4735836982727,2,1174.4,3282.578125,61130.18359375
509.4808580875397,2,1127.1,3168.6875,61130.18359375
510.4887590408325,2,1941.6,7101.78515625,61130.18359375
511.4961807727814,2,2045.3,12328.6171875,61130.18359375
512.5043301582336,2,3261.1,11753.75,61130.18359375
513.5132448673248,2,3416.7,12420.2109375,61130.18359375
514.5290822982788,2,2028.6,9763.87109375,61130.18359375
515.5376117229462,2,1502.0,12171.21484375,61130.18359375
516.5449070930481,2,654.2,13002.73828125,61130.18359375
517.5512456893921,2,1319.9,13436.21875,61130.18359375
518.561580657959,2,1056.0,14662.42578125,61130.18359375
519.5692689418793,2,2272.9,11369.8203125,61130.18359375
520.596200466156,2,4269.5,12271.35546875,61130.18359375
521.6038863658905,2,2378.6,12289.66796875,61130.18359375
522.6142592430115,2,3029.8,10833.5078125,61130.18359375
523.634467124939,2,2906.2,11364.75390625,61130.18359375
524.641948223114,2,2833.1,12586.21875,61130.18359375
525.6503443717957,2,1332.1,11441.15625,61130.18359375
526.6584947109222,2,1819.7,10680.2109375,61130.18359375
527.666246175766,2,1442.1,10494.56640625,61130.18359375
528.6778478622437,2,1191.3,2730.58203125,61130.18359375
529.685245513916,2,1979.9,3594.2265625,61130.18359375
530.7002060413361,2,648.9,3127.14453125,61130.18359375
531.7082550525665,2,3875.7,6844.48046875,61130.18359375
532.7204616069794,2,258.2,9414.92578125,61130.18359375
533.7272596359253,2,2875.3,14372.45703125,61154.18359375
534.7351291179657,2,3195.4,14940.52734375,61154.18359375
535.7422466278076,2,4219.1,15196.57421875,61154.18359375
536.7604289054871,2,2266.1,13789.51171875,61154.18359375
537.7660994529724,2,1823.9,16252.72265625,61200.18359375
538.7738108634949,2,1969.0,18426.55078125,61200.18359375
539.7840688228607,2,627.2,20587.06640625,61200.18359375
540.7915933132172,2,101.3,24328.3984375,61200.18359375
541.7989931106567,2,100.2,25723.3046875,61200.18359375
542.8068037033081,2,102.3,25648.8828125,61200.18359375
543.8132202625275,2,1104.5,25898.34765625,61200.18359375
544.8209209442139,2,1146.5,25623.73046875,61200.18359375
545.8282499313354,2,1334.2,25536.87109375,61200.18359375
546.8341269493103,2,629.2,27563.09765625,61200.18359375
547.8481030464172,2,1854.7,26563.01953125,61200.18359375
548.8624684810638,2,892.1,25792.48046875,61200.18359375
549.8699831962585,2,102.1,28559.1796875,61200.18359375
550.8788356781006,2,2838.5,31886.3515625,61200.18359375
551.8867619037628,2,201.5,29628.74609375,61200.18359375
552.8942506313324,2,1744.7,27270.484375,61200.18359375
553.914528131485,2,1128.4,21869.30078125,61200.18359375
554.9220905303955,2,4096.6,17656.17578125,61200.18359375
555.9476971626282,2,4770.5,17338.94140625,61200.18359375
556.9733180999756,2,3032.8,18892.859375,61200.18359375
557.9914746284485,2,1831.0,17880.234375,61200.18359375
558.9992597103119,2,2752.9,13336.33984375,61200.18359375
560.0193665027618,2,3922.2,13598.78515625,61200.18359375
561.0265905857086,2,2460.1,15467.25390625,61200.18359375
562.0378267765045,2,3253.2,12846.1484375,61200.18359375
563.0462474822998,2,1431.7,13917.91015625,61200.18359375
564.0616974830627,2,1259.5,12907.515625,61200.18359375
565.0699992179871,2,1718.0,10425.5078125,61200.18359375
566.0787558555603,2,101.2,3404.7578125,61200.18359375
567.0864102840424,2,2125.9,4085.76171875,61200.18359375
568.0962522029877,2,1130.8,3301.83203125,61200.18359375
569.1158418655396,2,3837.9,5765.2265625,61200.18359375
570.1232466697693,2,1615.0,12587.62890625,61200.18359375
571.1435945034027,2,2963.3,10596.1875,61200.18359375
572.1522433757782,2,3283.8,11343.6171875,61200.18359375
573.1705577373505,2,2124.7,8948.296875,61200.18359375
574.1782748699188,2,2278.7,14410.5859375,61818.18359375
575.1857771873474,2,100.2,18112.53125,61818.18359375
576.1935486793518,2,1424.5,20750.84765625,61818.18359375
577.2037668228149,2,1658.6,21487.1171875,82298.18359375
578.2111675739288,2,100.3,25232.83203125,82298.18359375
579.2185552120209,2,103.2,28942.87890625,82298.18359375
580.2260375022888,2,106.3,32530.22265625,82298.18359375
581.2329280376434,2,106.2,35323.90234375,82298.18359375
582.2403841018677,2,107.1,35036.04296875,82298.18359375
583.2485725879669,2,106.1,34750.83984375,82298.18359375
584.2569861412048,2,106.9,34447.84765625,82298.18359375
585.2668631076813,2,663.6,34246.94921875,82298.18359375
586.2772526741028,2,1189.0,34706.8515625,82298.18359375
587.3014500141144,2,662.8,34841.78125,82298.18359375
588.310708284378,2,1599.0,34068.68359375,82298.18359375
589.3212554454803,2,1265.5,36476.46875,82298.18359375
590.3457131385803,2,1126.6,36079.53515625,82298.18359375
591.3557815551758,2,980.1,35094.30859375,82298.18359375
592.3658223152161,2,102.2,37797.26953125,82298.18359375
593.3739860057831,2,3054.0,40843.6875,82298.18359375
594.3844723701477,2,187.2,38368.48828125,82298.18359375
595.3941562175751,2,1503.3,36759.83984375,82298.18359375
596.4032635688782,2,1402.8,35049.875,82298.18359375
597.4134047031403,2,258.2,37352.3125,82298.18359375
598.4241578578949,2,104.1,40018.515625,82298.18359375
599.4332592487335,2,515.2,44315.25390625,82298.18359375
600.4582560062408,2,4760.0,45461.32421875,82298.18359375
601.4826016426086,2,533.9,49356.9609375,82900.18359375
602.4932613372803,2,253.2,41941.90234375,82900.18359375
603.5248782634735,2,2525.3,40916.62890625,82900.18359375
604.5500812530518,2,257.1,38737.28125,82900.18359375
605.5614666938782,2,1334.5,37251.01953125,82900.18359375
606.5700314044952,2,1392.7,35374.93359375,82900.18359375
607.5781171321869,2,2228.7,18547.80078125,82900.18359375
608.586252450943,2,4674.9,18212.203125,82900.18359375
609.6072578430176,2,3827.4,19510.1875,82900.18359375
610.6191265583038,2,2316.6,18961.4453125,82900.18359375
611.6292586326599,2,2565.5,10425.73828125,82900.18359375
612.6496338844299,2,2862.5,10438.8515625,82900.18359375
613.6562838554382,2,2586.4,10062.75,82900.18359375
614.6652479171753,2,1401.0,11100.73828125,82900.18359375
615.6837894916534,2,1029.4,10086.77734375,82900.18359375
616.6921272277832,2,1921.9,6867.9921875,82900.18359375
617.6999387741089,2,683.7,3755.4765625,82900.18359375
618.7091436386108,2,1598.4,4090.51171875,82900.18359375
619.7162446975708,2,1571.4,3413.328125,82900.18359375
620.7671763896942,2,2040.5,7136.375,82900.18359375
621.7756564617157,2,3117.5,8415.9375,82900.18359375
622.7842485904694,2,2965.4,9313.25,82900.18359375
623.8049433231354,2,2177.6,7994.15234375,82900.18359375
624.8249204158783,2,1575.9,12489.20703125,82900.18359375
625.8318605422974,2,2134.3,13227.578125,82900.18359375
626.8401892185211,2,102.3,16642.84375,82900.18359375
627.8475115299225,2,101.2,20292.84375,82900.18359375
628.855153799057,2,103.2,21015.09375,82900.18359375
629.8626456260681,2,103.3,20918.80859375,82900.18359375
630.869372844696,2,1274.5,20800.875,82900.18359375
631.8753118515015,2,987.3,21081.3671875,82900.18359375
632.8831491470337,2,1345.2,20533.66796875,82900.18359375
633.891181230545,2,904.7,22743.87890625,82900.18359375
634.9114985466003,2,1584.2,21869.75390625,82900.18359375
635.9195249080658,2,864.9,20971.16796875,82900.18359375
636.9276924133301,2,100.2,23717.765625,82900.18359375
637.9352648258209,2,2988.8,26995.82421875,82900.18359375
638.9436838626862,2,268.8,24588.05078125,82900.18359375
639.9518070220947,2,1389.5,22922.21484375,82900.18359375
640.9601039886475,2,1414.3,21114.65625,82900.18359375
641.9692513942719,2,3146.3,12820.05078125,82900.18359375
642.9902467727661,2,4767.2,12586.90234375,82900.18359375
644.0113666057587,2,2387.9,13804.66796875,82900.18359375
645.017938375473,2,2211.3,10368.015625,82900.18359375
646.0272500514984,2,3000.6,8933.64453125,82900.18359375
647.0402746200562,2,2194.0,8877.6953125,82900.18359375
648.0474607944489,2,1530.4,9096.765625,82900.18359375
649.0557000637054,2,1085.1,8804.6953125,82900.18359375
650.0639314651489,2,1588.5,3043.19140625,83412.19140625
651.072371006012,2,1196.9,4270.265625,82900.18359375
652.0783176422119,2,1126.2,4367.08203125,82900.18359375
653.0852606296539,2,1342.2,3569.4921875,82900.18359375
654.1046009063721,2,2743.1,6093.38671875,82900.18359375
655.1124701499939,2,1707.2,9908.83984375,82900.18359375
656.1205701828003,2,2775.3,10723.8671875,82900.18359375
657.1276543140411,2,4224.8,10954.57421875,82900.18359375
658.1352570056915,2,2487.4,10129.01953125,82904.18359375
659.1572527885437,2,1583.5,14517.34375,82988.18359375
660.1644382476807,2,99.3,18169.7421875,82988.18359375
661.1712114810944,2,1951.7,20266.06640625,82988.18359375
662.1790494918823,2,116.2,22042.14453125,82988.18359375
663.1859271526337,2,101.2,25745.5546875,82988.18359375
664.19344830513,2,103.3,29312.4140625,82988.18359375
665.200124502182,2,105.2,32913.390625,82988.18359375
666.2078750133514,2,107.2,34477.58984375,82988.18359375
667.2153151035309,2,107.2,34170.671875,82988.18359375
668.2225596904755,2,105.1,33904.7734375,82988.18359375
669.2308197021484,2,104.2,33667.16015625,82988.18359375
670.2382526397705,2,1001.1,33508.546875,82988.18359375
671.2482001781464,2,1136.2,34162.5859375,82988.18359375
672.2567729949951,2,653.8,33953.5234375,82988.18359375
673.2652673721313,2,1318.4,34083.84375,82988.18359375
674.2766289710999,2,599.9,34039.49609375,82988.18359375
675.2851450443268,2,832.6,35827.9765625,82988.18359375
676.3012430667877,2,1682.0,35352.359375,82988.18359375
677.3095886707306,2,1001.4,34186.6328125,82988.18359375
678.3181819915771,2,102.2,36273.78125,82988.18359375
679.3262441158295,2,2150.3,38836.71484375,82988.18359375
680.3443677425385,2,1055.1,41856.94921875,82988.18359375
681.3526372909546,2,1542.5,37789.125,82988.18359375
682.3600513935089,2,1240.5,34894.0625,82988.18359375
683.3709783554077,2,563.3,36166.203125,82988.18359375
684.3793704509735,2,105.0,38827.27734375,82988.18359375
685.3888952732086,2,104.1,41523.23046875,82988.18359375
686.398252248764,2,4019.1,43856.5546875,82988.18359375
687.4179029464722,2,1891.6,48166.89453125,83088.18359375
688.4254238605499,2,102.3,49142.4609375,83088.18359375
689.4332537651062,2,1133.0,40187.63671875,83088.18359375
690.4517931938171,2,1811.7,41847.6484375,83088.18359375
691.4590983390808,2,1492.5,37958.42578125,83088.18359375
692.468249797821,2,1061.7,35434.19921875,83088.18359375
693.4862473011017,2,818.5,18231.96875,83088.18359375
694.5084936618805,2,4768.8,17927.80078125,83088.18359375
695.5295186042786,2,4753.6,17663.01953125,83088.18359375
696.5502452850342,2,2885.1,19511.51953125,83088.18359375
697.5688681602478,2,2035.5,18946.51953125,83088.18359375
698.575245141983,2,1907.1,10335.99609375,83088.18359375
699.5942471027374,2,3298.4,10378.1328125,83088.18359375
700.6124830245972,2,2518.6,10530.60546875,83088.18359375
701.6425721645355,2,1363.3,10769.48046875,83088.18359375
702.650267124176,2,1391.4,9661.046875,83088.18359375
703.6582462787628,2,1775.2,9196.4375,83088.18359375
704.6673407554626,2,334.6,3831.04296875,83088.18359375
705.6745283603668,2,2190.1,4745.0390625,83088.18359375
706.6822822093964,2,934.5,3842.06640625,83088.18359375
707.6902604103088,2,2144.8,3711.328125,83088.18359375
708.7403736114502,2,2024.0,6731.91796875,83088.18359375
709.7482514381409,2,2398.7,10388.0,83088.18359375
710.7682485580444,2,2738.9,11267.71875,83088.18359375
711.7873318195343,2,3768.5,11752.22265625,83088.18359375
712.8057873249054,2,3079.1,11463.35546875,83116.18359375
713.8275537490845,2,1024.0,15586.1484375,83256.18359375
714.8352680206299,2,99.3,19275.96484375,83256.18359375
715.8422541618347,2,2032.2,19771.87109375,83256.18359375
716.8500168323517,2,100.3,23222.765625,83256.18359375
717.8573188781738,2,103.2,26809.6015625,83256.18359375
718.8648135662079,2,104.2,30397.48828125,83256.18359375
719.8726100921631,2,105.3,33954.3203125,83256.18359375
720.8795456886292,2,107.3,35279.55859375,83256.18359375
721.8863973617554,2,106.3,34953.21484375,83256.18359375
722.8930032253265,2,106.2,34672.2421875,83256.18359375
723.9006204605103,2,106.2,34383.79296875,83256.18359375
724.9079463481903,2,983.5,34306.11328125,83256.18359375
725.9155826568604,2,1037.5,34527.23828125,83256.18359375
726.9247841835022,2,1288.0,35427.3125,83256.18359375
727.9332692623138,2,772.8,34086.94921875,83256.18359375
728.9451959133148,2,320.7,35127.16796875,83256.18359375
729.9554395675659,2,1563.6,37523.1640625,83256.18359375
730.9652950763702,2,1163.5,35136.36328125,83256.18359375
731.9760806560516,2,574.7,35449.31640625,83256.18359375
732.9853801727295,2,102.1,38182.2265625,83256.18359375
733.9946758747101,2,3043.5,41369.62890625,83256.18359375
735.0043334960938,2,690.5,37616.3125,83256.18359375
736.0138664245605,2,1783.4,36475.73046875,83256.18359375
737.0225954055786,2,896.7,35125.30859375,83256.18359375
738.030748128891,2,105.1,36557.73046875,83256.18359375
739.039256811142,2,104.3,38909.16015625,83256.18359375
740.0454864501953,2,103.3,41632.8984375,83256.18359375
741.053254365921,2,3369.4,44301.66015625,83256.18359375
742.0731070041656,2,2515.9,48617.40625,83276.18359375
743.0806024074554,2,102.3,50157.6875,83276.18359375
744.0876240730286,2,309.2,40823.65234375,83276.18359375
745.096727848053,2,2503.6,42056.76953125,83276.18359375
746.1040427684784,2,1496.8,38108.671875,83276.18359375
747.111634016037,2,764.3,36485.96484375,83276.18359375
748.1190733909607,2,861.0,19725.98828125,83276.18359375
749.1262531280518,2,4332.2,18345.69140625,83276.18359375
750.147243976593,2,4773.6,18085.58984375,83276.18359375
751.1673858165741,2,3143.0,20176.19140625,83276.18359375
752.1782472133636,2,2435.8,19552.3515625,83276.18359375
753.1914894580841,2,2065.7,16660.453125,83276.18359375
754.1988272666931,2,3158.1,11093.3515625,83276.18359375
755.2060940265656,2,2540.0,12174.4375,83276.18359375
756.2244203090668,2,1437.0,10758.23046875,83276.18359375
757.2324938774109,2,1540.6,10168.1640625,83276.18359375
758.2395038604736,2,1552.0,9713.31640625,83276.18359375
759.247725725174,2,1344.6,3464.171875,83788.19140625
760.2554368972778,2,1694.1,4168.484375,83276.18359375
761.2636437416077,2,869.4,3731.80859375,83276.18359375
762.271241903305,2,2088.8,3551.99609375,83276.18359375
763.3265612125397,2,1668.3,6643.140625,83276.18359375
764.3342568874359,2,2710.3,10078.48046875,83276.18359375
765.3542492389679,2,2779.7,10965.71484375,83276.18359375
766.3727993965149,2,3783.5,11419.2265625,83276.18359375
767.3925182819366,2,3081.9,11598.87890625,83288.18359375
768.4140112400055,2,638.6,15456.19140625,83336.18359375
769.4223835468292,2,100.3,19145.84765625,83336.18359375
770.4294235706329,2,1978.3,19213.765625,83336.18359375
771.4368360042572,2,100.3,22917.140625,83336.18359375
772.4439601898193,2,101.3,26573.75390625,83336.18359375
773.4509463310242,2,104.2,30211.20703125,83336.18359375
774.458811044693,2,105.2,33753.28515625,83336.18359375
775.4661319255829,2,107.1,34650.63671875,83336.18359375
776.4746246337891,2,106.1,34379.74609375,83336.18359375
777.4827034473419,2,105.2,34123.90625,83336.18359375
778.4899163246155,2,104.2,33886.7890625,83336.18359375
779.49778008461,2,1163.9,33947.921875,83336.18359375
780.5073730945587,2,1163.2,34514.44921875,83336.18359375
781.5184109210968,2,697.3,34240.578125,83336.18359375
782.5302572250366,2,1418.3,34244.5390625,83336.18359375
783.5433928966522,2,641.9,34139.1953125,83336.18359375
784.5544083118439,2,685.5,35978.21484375,83336.18359375
785.5638999938965,2,1251.0,36771.23046875,83336.18359375
786.5702409744263,2,1310.0,34841.95703125,83336.18359375
787.5755965709686,2,600.9,34992.08203125,83336.18359375
788.5841567516327,2,101.2,37331.4921875,83336.18359375
789.5916633605957,2,3245.9,40500.53515625,83336.18359375
790.6000473499298,2,241.0,38185.6015625,83336.18359375
791.6085736751556,2,1400.8,36486.51953125,83336.18359375
792.6165931224823,2,1089.7,35115.15625,83336.18359375
793.623260974884,2,511.3,36436.63671875,83336.18359375
794.6304650306702,2,105.2,39056.421875,83336.18359375
795.6377327442169,2,103.2,41803.58984375,83336.18359375
796.6462533473969,2,4076.6,44063.52734375,83336.18359375
797.6660690307617,2,1567.2,48648.48046875,83376.18359375
798.674161195755,2,102.3,48422.87109375,83376.18359375
799.6944954395294,2,1265.0,40512.8515625,83376.18359375
800.7422788143158,2,1467.2,42343.46484375,83376.18359375
801.7495150566101,2,1501.6,38334.7109375,83376.18359375
802.756459236145,2,1112.4,35761.9296875,83376.18359375
803.7652492523193,2,973.8,18456.53125,83376.18359375
804.7862548828125,2,4769.0,18101.87109375,83376.18359375
805.8103096485138,2,4769.2,17840.375,83376.18359375
806.8312470912933,2,2918.2,19494.27734375,83376.18359375
807.8498916625977,2,1911.8,18980.67578125,83376.18359375
808.85675573349,2,2032.4,10468.37890625,83376.18359375
809.8669137954712,2,3168.6,10446.0546875,83376.18359375
810.8765063285828,2,2494.8,10691.7890625,83376.18359375
811.884247303009,2,1591.7,10687.21875,83376.18359375
812.9029338359833,2,1348.0,9750.89453125,83376.18359375
813.9095959663391,2,1616.8,9539.48046875,83376.18359375
814.9171695709229,2,484.5,3682.21484375,83376.18359375
815.9243183135986,2,2222.0,4536.66796875,83376.18359375
816.9333500862122,2,757.2,3879.59375,83376.18359375
817.9432442188263,2,3217.1,3709.87109375,83376.18359375
818.9935224056244,2,1281.8,8715.40625,83376.18359375
820.0012571811676,2,2936.0,10543.0625,83376.18359375
821.0232472419739,2,2758.9,11371.56640625,83376.18359375
822.0416216850281,2,3660.7,11159.98046875,83376.18359375
823.0502579212189,2,3162.0,12176.1328125,83400.18359375
824.0708286762238,2,758.1,16150.16015625,83448.18359375
825.078474521637,2,100.2,19858.13671875,83448.18359375
826.0865967273712,2,2635.2,20477.8515625,83448.18359375
827.0956156253815,2,108.2,22583.79296875,83448.18359375
828.1026148796082,2,101.2,26287.21484375,83448.18359375
829.1107151508331,2,105.1,29878.05078125,83448.18359375
830.1189193725586,2,104.2,33449.9453125,83448.18359375
831.1269197463989,2,107.1,35084.671875,83448.18359375
832.1350312232971,2,106.2,34884.4453125,83448.18359375
833.14240026474,2,105.2,34636.50390625,83448.18359375
834.1502106189728,2,105.3,34360.78125,83448.18359375
835.1568040847778,2,961.8,34282.390625,83448.18359375
836.1653528213501,2,1024.5,34378.34765625,83448.18359375
837.1765990257263,2,1243.0,35800.54296875,83448.18359375
838.1837701797485,2,924.1,34973.25,83448.18359375
839.1912007331848,2,1532.5,37808.3203125,83448.18359375
840.1987152099609,2,1160.6,35328.5234375,83448.18359375
841.2076959609985,2,557.6,36096.1171875,83448.18359375
842.2162508964539,2,1067.8,39405.515625,83448.18359375
843.2354917526245,2,1961.4,42060.79296875,83448.18359375
844.2429049015045,2,1491.9,37844.0546875,83448.18359375
845.2517096996307,2,787.9,36626.2421875,83448.18359375
846.2594203948975,2,894.9,35662.25,83448.18359375
847.2674033641815,2,104.2,38372.7109375,83448.18359375
848.2748544216156,2,104.2,41083.81640625,83448.18359375
849.2832510471344,2,2231.9,44478.62890625,83448.18359375
850.3026144504547,2,3510.2,48247.6171875,83532.18359375
851.3104631900787,2,102.2,49976.17578125,83532.18359375
852.3182208538055,2,381.3,42607.2109375,83532.18359375
853.3253102302551,2,2562.5,41508.359375,83532.18359375
854.3342492580414,2,360.0,38237.32421875,83532.18359375
855.3526661396027,2,1755.4,36722.21484375,83532.18359375
856.3718194961548,2,939.3,31350.6875,83532.18359375
857.3792543411255,2,2934.4,18581.40625,83532.18359375
858.4002466201782,2,4771.9,18295.62109375,83532.18359375
859.4204344749451,2,4750.5,20111.32421875,83532.18359375
860.4384210109711,2,1948.6,20039.23828125,83532.18359375
861.4456253051758,2,1894.5,19414.3828125,83532.18359375
862.4542572498322,2,2627.2,10865.18359375,83532.18359375
863.4739768505096,2,2533.9,10827.21875,83532.18359375
864.481632232666,2,2604.4,10441.859375,83532.18359375
865.4893982410431,2,1384.6,10904.55859375,83532.18359375
866.4976036548615,2,1094.6,10384.3125,83532.18359375
867.5061717033386,2,1757.0,6154.35546875,83532.18359375
868.5130212306976,2,102.2,4258.5078125,83532.18359375
869.5211253166199,2,2199.3,4850.5390625,83532.18359375
870.5273916721344,2,795.3,4208.81640625,83532.18359375
871.5362448692322,2,4335.3,4082.875,83532.18359375
872.5868322849274,2,1246.6,7842.53515625,83532.18359375
873.5942876338959,2,2445.4,12337.6484375,83532.18359375
874.6018223762512,2,2519.5,13239.07421875,83532.18359375
875.6112422943115,2,4774.5,13229.2578125,83532.18359375
876.6293632984161,2,1985.7,10597.3828125,83532.18359375
877.6497220993042,2,3979.1,16755.5703125,84508.18359375
878.6579325199127,2,99.3,20428.6484375,84508.18359375
879.6651821136475,2,100.2,24131.7578125,84508.18359375
880.6727714538574,2,2218.0,22511.84375,84508.18359375
881.6800003051758,2,101.2,26177.65234375,84508.18359375
882.6875915527344,2,103.3,29811.8828125,84508.18359375
883.6943039894104,2,107.2,33369.8125,84508.18359375
884.7016551494598,2,106.2,36940.71484375,84508.18359375
885.709264755249,2,110.1,37185.6328125,84508.18359375
886.717047214508,2,109.2,36841.4375,84508.18359375
887.724148273468,2,108.1,36463.09765625,84508.18359375
888.7322115898132,2,104.3,36140.55859375,84508.18359375
889.7390511035919,2,1304.8,36255.3359375,84508.18359375
890.7492547035217,2,1043.5,35939.546875,84508.18359375
891.7611985206604,2,1194.3,37340.0390625,84508.18359375
892.7701947689056,2,964.2,36081.921875,84508.18359375
893.7813456058502,2,669.2,37912.0703125,84508.18359375
894.7932517528534,2,1712.7,37158.46484375,84508.18359375
895.8145079612732,2,974.8,35845.640625,84508.18359375
896.8237087726593,2,176.2,37205.66015625,84508.18359375
897.8337697982788,2,102.0,39508.7265625,84508.18359375
898.8434669971466,2,3055.0,42784.9375,84508.18359375
899.8542461395264,2,436.6,39261.265625,84508.18359375
900.8752593994141,2,1915.9,38064.5,84508.18359375
901.8921172618866,2,924.3,36984.984375,84508.18359375
902.902560710907,2,103.1,39642.640625,84508.18359375
903.9112684726715,2,104.9,42292.29296875,84508.18359375
904.9222490787506,2,1588.3,46173.9609375,84508.18359375
905.9432780742645,2,4176.9,49500.6875,84508.18359375
906.9504029750824,2,103.1,51057.7734375,84508.18359375
907.958678483963,2,320.6,43630.19921875,84508.18359375
908.9661402702332,2,2581.5,42625.55859375,84508.18359375
909.9733011722565,2,233.1,40501.09765625,84508.18359375
910.9815213680267,2,1368.6,38717.40234375,84508.18359375
911.9898426532745,2,1497.5,36403.2890625,84508.18359375
912.996256351471,2,2232.8,20153.55078125,84508.18359375
914.016242980957,2,4773.3,19878.8125,84508.18359375
915.0360836982727,2,4772.1,19621.11328125,84508.18359375
916.0572571754456,2,4763.7,22062.15234375,84508.18359375
917.0831024646759,2,2611.1,22297.09765625,84508.18359375
918.0942516326904,2,1962.0,21818.16796875,84508.18359375
919.1041095256805,2,2004.7,21216.828125,84508.18359375
920.1112580299377,2,3331.1,12784.1015625,84508.18359375
921.1310470104218,2,2054.8,14117.29296875,84508.18359375
922.1394000053406,2,3138.6,12365.0,84508.18359375
923.1471309661865,2,1307.2,12891.88671875,84508.18359375
924.1553127765656,2,1525.7,11705.375,84508.18359375
925.1622483730316,2,1735.0,11372.640625,84508.18359375
926.1805183887482,2,587.8,3484.19921875,84508.18359375
927.1882455348969,2,1673.4,5166.1171875,84508.18359375
928.2066307067871,2,1149.8,4230.125,84508.18359375
929.2162487506866,2,3210.4,4033.18359375,84508.18359375
930.2719027996063,2,2725.9,7127.5390625,84508.18359375
931.2802493572235,2,2215.7,15992.640625,84508.18359375
932.30038189888,2,2568.5,12725.328125,84508.18359375
933.309241771698,2,3543.5,13349.30078125,84508.18359375
934.3252487182617,2,2718.2,12706.19921875,84508.18359375
935.3437304496765,2,4009.8,15918.08984375,84788.18359375
936.3642728328705,2,491.2,19690.69140625,84944.18359375
937.3718912601471,2,100.3,23404.19921875,84944.18359375
938.3791117668152,2,2309.9,22073.18359375,84944.18359375
939.3873915672302,2,103.3,25373.578125,84944.18359375
940.3944628238678,2,102.2,28979.09765625,84944.18359375
941.4023780822754,2,106.2,32473.61328125,84944.18359375
942.4098055362701,2,107.1,36054.51953125,84944.18359375
943.4178647994995,2,109.2,37230.78515625,84944.18359375
944.4253797531128,2,109.2,36875.0390625,84944.18359375
945.4329025745392,2,108.2,36518.25390625,84944.18359375
946.4400670528412,2,105.3,36264.80859375,84944.18359375
947.4468405246735,2,1020.3,36073.69921875,84944.18359375
948.4563653469086,2,1221.6,36073.89453125,84944.18359375
949.4665310382843,2,1171.2,36445.53125,84944.18359375
950.4757816791534,2,944.2,36288.140625,84944.18359375
951.4872374534607,2,1060.0,38021.6328125,84944.18359375
952.5116558074951,2,1384.8,37529.44140625,84944.18359375
953.5206756591797,2,957.8,36518.61328125,84944.18359375
954.5323691368103,2,103.0,38047.05859375,84944.18359375
955.5432469844818,2,1751.4,40861.40625,84944.18359375
956.5649638175964,2,1421.1,43779.80859375,84944.18359375
957.574725151062,2,1522.4,39829.31640625,84944.18359375
958.5842909812927,2,1197.9,37440.5390625,84944.18359375
959.5936136245728,2,567.0,37537.37890625,84944.18359375
960.6041626930237,2,105.0,39492.93359375,84944.18359375
961.613431930542,2,103.0,42249.62109375,84944.18359375
962.6242451667786,2,1566.1,46055.26953125,84944.18359375
963.6451871395111,2,4252.3,49495.50390625,84944.18359375
964.6523020267487,2,102.2,51149.28125,84944.18359375
965.6600017547607,2,264.1,43901.296875,84944.18359375
966.66725730896,2,2538.1,42850.28125,84944.18359375
967.6750757694244,2,269.0,40737.30078125,84944.18359375
968.6842436790466,2,1466.4,38361.7890625,84944.18359375
969.7026154994965,2,1392.2,35149.76953125,84944.18359375
970.7112526893616,2,2517.2,20255.48828125,84944.18359375
971.73224401474,2,4767.6,19957.703125,84944.18359375
972.7522432804108,2,4774.1,19690.5234375,84944.18359375
973.7732586860657,2,4340.7,21831.1953125,84944.18359375
974.7951817512512,2,2701.6,22416.00390625,84944.18359375
975.8058240413666,2,1804.1,21879.5859375,84944.18359375
976.8136706352234,2,2018.3,21261.0625,84944.18359375
977.8222577571869,2,3414.2,12790.02734375,84944.18359375
978.8384981155396,2,1890.9,14582.20703125,84944.18359375
979.847900390625,2,3049.3,12268.5390625,84944.18359375
980.858247756958,2,1348.7,12962.7109375,84944.18359375
981.8767728805542,2,1218.8,11829.86328125,84944.18359375
982.8843016624451,2,1785.5,9660.3515625,84944.18359375
983.8912696838379,2,239.0,3989.359375,84944.18359375
984.8995730876923,2,2111.3,4575.890625,84944.18359375
985.9069671630859,2,967.3,3389.00390625,84944.18359375
986.913904428482,2,2961.8,5607.9453125,84944.18359375
987.9214019775391,2,1760.2,12003.359375,84944.18359375
988.9297800064087,2,2829.4,10344.22265625,84944.18359375
989.9382433891296,2,3636.8,10880.76171875,84944.18359375
990.9565205574036,2,2015.0,8710.8125,84944.18359375
991.9778718948364,2,2620.2,13869.33984375,84948.18359375
992.9861650466919,2,99.3,17537.09375,84948.18359375
993.9934687614441,2,1090.3,20425.5625,84948.18359375
995.0033612251282,2,1591.9,20408.26171875,84948.18359375
996.0109143257141,2,100.3,24114.828125,84948.18359375
997.0183291435242,2,102.3,27756.3828125,84948.18359375
998.0252847671509,2,104.2,31344.51171875,84948.18359375
999.0331699848175,2,105.1,34437.7578125,84948.18359375
1000.0413150787354,2,106.2,34204.84375,84948.18359375
1001.0490078926086,2,105.2,33984.46484375,84948.18359375
1002.0563545227051,2,104.3,33763.30859375,84948.18359375
1003.0635404586792,2,539.8,33618.5859375,84948.18359375
1004.0731635093689,2,1179.0,33674.78515625,84948.18359375
1005.0841829776764,2,1068.0,33833.9140625,84948.18359375
1006.0952479839325,2,1452.6,33896.1171875,84948.18359375
1007.1160621643066,2,456.4,35427.0234375,84948.18359375
1008.1261007785797,2,1644.2,37492.109375,84948.18359375
1009.1375253200531,2,1227.3,34710.44921875,84948.18359375
1010.1462707519531,2,655.3,34432.01171875,84948.18359375
1011.1564276218414,2,101.9,36066.8515625,84948.18359375
1012.1672461032867,2,1801.3,38784.38671875,84948.18359375
1013.1880548000336,2,1391.9,41747.0625,84948.18359375
1014.1981694698334,2,1489.2,37839.09765625,84948.18359375
1015.2074823379517,2,1185.1,35355.34375,84948.18359375
1016.2157261371613,2,585.9,35596.0078125,84948.18359375
1017.2227866649628,2,104.2,38265.796875,84948.18359375
1018.2304635047913,2,103.2,40933.75,84948.18359375
1019.2392566204071,2,2680.0,44080.515625,84948.18359375
1020.2589716911316,2,3115.6,48073.078125,84948.18359375
1021.2660901546478,2,103.2,49742.671875,84948.18359375
1022.2735142707825,2,364.9,42472.015625,84948.18359375
1023.2821207046509,2,2566.1,41373.19921875,84948.18359375
1024.2912466526031,2,694.7,37870.60546875,84948.18359375
1025.310264825821,2,1615.0,36458.31640625,84948.18359375
1026.3182816505432,2,864.8,28810.10546875,84948.18359375
1027.3262557983398,2,3136.4,18181.87109375,84948.18359375
1028.3472499847412,2,4770.8,17838.9765625,84948.18359375
1029.3670718669891,2,3980.7,19678.9453125,84948.18359375
1030.3755939006805,2,2018.2,19226.92578125,84948.18359375
1031.3824815750122,2,2359.1,18725.71484375,84948.18359375
1032.390255689621,2,3211.9,10754.05078125,84948.18359375
1033.4107429981232,2,2188.2,11833.35546875,84948.18359375
1034.4225635528564,2,1514.1,10349.875,84948.18359375
1035.4303605556488,2,1698.4,9921.08984375,84948.18359375
1036.438375711441,2,1334.2,10285.7578125,84948.18359375
1037.4479734897614,2,1342.3,3316.5,85460.19140625
1038.455244064331,2,1502.3,4446.484375,84948.18359375
1039.4733180999756,2,1063.5,3682.05078125,84948.18359375
1040.487242937088,2,2157.1,3539.37890625,84948.18359375
1041.523815870285,2,1532.3,8114.984375,84948.18359375
1042.5322573184967,2,2889.2,10053.68359375,84948.18359375
1043.55224609375,2,2763.1,10918.75,84948.18359375
1044.570571422577,2,3601.4,10505.3671875,84948.18359375
1045.5782556533813,2,3245.7,12016.48828125,84952.18359375
1046.5989685058594,2,314.6,15594.79296875,84952.18359375
1047.6064755916595,2,100.2,19278.359375,84952.18359375
1048.614453792572,2,2627.0,19208.65625,84952.18359375
1049.6224493980408,2,106.3,22388.12890625,84952.18359375
1050.6292927265167,2,101.3,26076.2265625,84952.18359375
1051.6366393566132,2,104.2,29626.93359375,84952.18359375
1052.6443643569946,2,103.2,33203.11328125,84952.18359375
1053.6519072055817,2,106.2,34431.2734375,84952.18359375
1054.6594259738922,2,106.3,34148.09375,84952.18359375
1055.6661608219147,2,103.2,33858.55859375,84952.18359375
1056.673448562622,2,105.3,33565.21484375,84952.18359375
1057.6800620555878,2,1181.3,33873.1484375,84952.18359375
1058.6873943805695,2,1084.1,33654.60546875,84952.18359375
1059.6946711540222,2,1025.6,35280.62109375,84952.18359375
1060.7028930187225,2,997.7,33626.3203125,84952.18359375
1061.7111899852753,2,1549.0,36586.72265625,84952.18359375
1062.725245475769,2,278.6,35268.828125,84952.18359375
1063.7434158325195,2,1424.4,34129.56640625,84952.18359375
1064.750608921051,2,101.3,36905.26171875,84952.18359375
1065.7578508853912,2,2936.8,40249.4375,84952.18359375
1066.7654075622559,2,175.6,38013.953125,84952.18359375
1067.7734982967377,2,1516.7,36291.2578125,84952.18359375
1068.7816133499146,2,1413.5,34834.921875,84952.18359375
1069.789754152298,2,256.0,36863.28125,84952.18359375
1070.7974359989166,2,103.2,39552.53515625,84952.18359375
1071.8062589168549,2,262.1,42793.1484375,84952.18359375
1072.8172550201416,2,4739.0,43987.6796875,84952.18359375
1073.8302886486053,2,793.0,49127.7421875,84952.18359375
1074.8378221988678,2,103.2,44325.01953125,84952.18359375
1075.8462572097778,2,2013.5,40366.984375,84952.18359375
1076.8600571155548,2,913.1,42309.375,84952.18359375
1077.867514371872,2,1482.9,38477.13671875,84952.18359375
1078.8756086826324,2,1131.2,35274.66015625,84952.18359375
1079.8822491168976,2,1290.0,18286.14453125,84952.18359375
1080.903254032135,2,4767.1,18007.6796875,84952.18359375
1081.9242458343506,2,4769.4,17749.546875,84952.18359375
1082.9458951950073,2,2661.4,19538.07421875,84952.18359375
1083.9554817676544,2,1762.0,18998.1328125,84952.18359375
1084.9632484912872,2,2061.9,10402.65625,84952.18359375
1085.982255935669,2,3208.1,10424.73828125,84952.18359375
1086.9952554702759,2,2502.2,10388.39453125,84952.18359375
1088.0054020881653,2,1382.9,10801.828125,84952.18359375
1089.0140237808228,2,1537.8,9723.93359375,84952.18359375
1090.0206866264343,2,1687.4,9523.10546875,84952.18359375
1091.0270154476166,2,641.2,3636.796875,84952.18359375
1092.034475326538,2,2277.1,4477.95703125,84952.18359375
1093.0423645973206,2,890.5,3342.37109375,84952.18359375
1094.0507953166962,2,2662.1,5351.6171875,84952.18359375
1095.05925655365,2,1910.4,8425.70703125,84952.18359375
1096.0802476406097,2,2781.1,9247.91015625,84952.18359375
1097.09827709198,2,2619.3,8393.53125,84952.18359375
1098.1065368652344,2,2049.0,11390.80078125,84952.18359375
1099.1143045425415,2,1682.6,13764.625,84952.18359375
1100.1235461235046,2,471.4,15556.2734375,84952.18359375
1101.1310865879059,2,100.2,19237.0078125,84952.18359375
1102.1386127471924,2,103.2,20744.2734375,84952.18359375
1103.1463675498962,2,103.2,20585.91015625,84952.18359375
1104.1542477607727,2,1105.6,20787.0390625,84952.18359375
1105.1640048027039,2,1136.0,20387.78515625,84952.18359375
1106.1710414886475,2,1149.5,20787.9375,84952.18359375
1107.1793467998505,2,529.1,22051.875,84952.18359375
1108.1866567134857,2,1562.9,21746.41796875,84952.18359375
1109.1969945430756,2,1456.4,20591.078125,84952.18359375
1110.2049322128296,2,101.2,23341.73828125,84952.18359375
1111.2127494812012,2,2835.1,26708.234375,84952.18359375
1112.2202870845795,2,242.5,24364.83984375,84952.18359375
1113.246740579605,2,1359.2,23221.8828125,84952.18359375
1114.2538039684296,2,1398.1,21178.3203125,84952.18359375
1115.2602503299713,2,2705.0,12751.0,84952.18359375
1116.2812581062317,2,4780.7,12882.23828125,84952.18359375
1117.3055522441864,2,2137.4,13478.26953125,84952.18359375
1118.3162503242493,2,2255.6,8973.9375,84952.18359375
1119.335482120514,2,2846.6,10031.78125,84952.18359375
1120.3444237709045,2,1710.8,9007.9375,84952.18359375
1121.35267329216,2,1703.2,8597.1953125,84952.18359375
1122.361249446869,2,1533.0,8890.01171875,84952.18359375
1123.3795700073242,2,1497.5,3248.33984375,85464.19140625
1124.3874187469482,2,1250.8,4304.64453125,84952.18359375
1125.3955338001251,2,1282.5,3612.140625,84952.18359375
1126.4082472324371,2,2113.1,3504.4453125,84952.18359375
1127.4578659534454,2,1567.4,8212.40625,84952.18359375
1128.4662563800812,2,2828.6,9911.0,84952.18359375
1129.4862480163574,2,2716.6,10706.890625,84952.18359375
1130.5046808719635,2,3516.2,10187.9921875,84952.18359375
1131.5132553577423,2,3259.0,11821.64453125,84956.18359375
1132.5341005325317,2,282.9,15476.8125,84956.18359375
1133.5413196086884,2,99.2,19149.671875,84956.18359375
1134.549865245819,2,1981.7,19264.46875,84956.18359375
1135.558078289032,2,100.2,22926.40234375,84956.18359375
1136.565988779068,2,102.3,26545.15234375,84956.18359375
1137.572906255722,2,103.1,30179.8125,84956.18359375
1138.581175327301,2,105.1,33775.63671875,84956.18359375
1139.5895614624023,2,107.3,34522.40625,84956.18359375
1140.5964992046356,2,106.2,34266.1328125,84956.18359375
1141.6044795513153,2,105.2,34005.3671875,84956.18359375
1142.6116347312927,2,105.3,33712.4921875,84956.18359375
1143.6186776161194,2,1130.0,33763.7578125,84956.18359375
1144.629920244217,2,1140.6,33810.3515625,84956.18359375
1145.6394057273865,2,627.3,34237.10546875,84956.18359375
1146.6501507759094,2,1408.0,34209.46875,84956.18359375
1147.6608352661133,2,685.5,34027.5546875,84956.18359375
1148.6722452640533,2,1106.7,35797.82421875,84956.18359375
1149.692806482315,2,793.1,35326.76171875,84956.18359375
1150.703935623169,2,1317.9,34738.453125,84956.18359375
1151.7139132022858,2,614.3,34760.6953125,84956.18359375
1152.7249085903168,2,101.1,36862.73046875,84956.18359375
1153.7338399887085,2,3277.8,40059.9609375,84956.18359375
1154.7433700561523,2,183.4,37784.7421875,84956.18359375
1155.7518215179443,2,1423.6,37973.48046875,84956.18359375
1156.7612762451172,2,1173.2,35387.625,84956.18359375
1157.772143125534,2,573.8,35855.77734375,84956.18359375
1158.7811233997345,2,104.0,38489.44140625,84956.18359375
1159.7906901836395,2,104.9,41183.4765625,84956.18359375
1160.8022570610046,2,3308.9,43909.6015625,84956.18359375
1161.8273146152496,2,2495.6,48091.3046875,84956.18359375
1162.835352897644,2,101.3,49451.16015625,84956.18359375
1163.8425061702728,2,277.3,40280.4296875,84956.18359375
1164.852261543274,2,2530.8,41424.8359375,84956.18359375
1165.861027956009,2,1417.1,37577.078125,84956.18359375
1166.87664437294,2,835.0,36614.77734375,84956.18359375
1167.8836970329285,2,879.4,22324.40234375,84956.18359375
1168.8912498950958,2,3956.1,17987.49609375,84956.18359375
1169.9122474193573,2,4765.0,17709.18359375,84956.18359375
1170.934664964676,2,3429.2,19702.94140625,84956.18359375
1171.9412479400635,2,2487.7,18965.58203125,84956.18359375
1172.9571840763092,2,1931.9,14905.47265625,84956.18359375
1173.9644072055817,2,3043.9,10569.77734375,84956.18359375
1174.9716753959656,2,2635.7,11561.4921875,84956.18359375
1175.9801511764526,2,1264.7,10443.45703125,84956.18359375
1176.9874546527863,2,1508.7,9649.69140625,84956.18359375
1177.994336605072,2,1436.0,9315.15234375,84956.18359375
1179.003473997116,2,532.6,3508.9375,84956.18359375
1180.0116353034973,2,2297.0,4153.36328125,84956.18359375
1181.020245552063,2,788.6,3539.81640625,84956.18359375
1182.027901649475,2,3140.8,5201.4765625,84956.18359375
1183.0343508720398,2,1225.8,9948.84765625,84956.18359375
1184.0422658920288,2,3255.7,10082.54296875,84956.18359375
1185.0672483444214,2,2755.2,10916.734375,84956.18359375
1186.0855720043182,2,2599.1,10036.34375,84956.18359375
1187.0928165912628,2,3343.5,12878.84765625,84988.18359375
1188.1007368564606,2,100.3,16537.625,84988.18359375
1189.108143568039,2,99.3,20232.4140625,84988.18359375
1190.1151378154755,2,2031.7,20479.16796875,84988.18359375
1191.123159646988,2,100.3,24208.0,84988.18359375
1192.1302683353424,2,103.3,27861.046875,84988.18359375
1193.1374456882477,2,105.2,31470.5625,84988.18359375
1194.1450109481812,2,106.1,35067.3671875,84988.18359375
1195.1533312797546,2,107.1,34857.6953125,84988.18359375
1196.1615619659424,2,106.3,34596.87890625,84988.18359375
1197.1686062812805,2,107.2,34281.05078125,84988.18359375
1198.1760745048523,2,180.0,34006.1953125,84988.18359375
1199.1872489452362,2,1468.6,33887.53515625,84988.18359375
1200.1968314647675,2,1042.2,33897.55078125,84988.18359375
1201.2081580162048,2,1180.9,35377.61328125,84988.18359375
1202.2184267044067,2,1101.4,33706.7265625,84988.18359375
1203.229881286621,2,102.0,35285.9375,84988.18359375
1204.24010181427,2,1815.3,35924.0625,84988.18359375
1205.2492787837982,2,1530.4,34500.42578125,84988.18359375
1206.2582042217255,2,457.6,35088.01953125,84988.18359375
1207.2700383663177,2,103.0,37137.27734375,84988.18359375
1208.2795133590698,2,3326.5,40226.84765625,84988.18359375
1209.2877788543701,2,101.2,37866.65625,84988.18359375
1210.295759677887,2,1541.9,37345.671875,84988.18359375
1211.304238319397,2,1476.8,34756.7421875,84988.18359375
1212.3132855892181,2,319.0,35787.984375,84988.18359375
1213.3227150440216,2,104.3,38055.64453125,84988.18359375
1214.3298542499542,2,104.2,40786.703125,84988.18359375
1215.3372535705566,2,2618.9,43972.3984375,84988.18359375
1216.3569991588593,2,3207.3,47919.5859375,84988.18359375
1217.3643264770508,2,102.2,49586.55859375,84988.18359375
1218.3719727993011,2,271.1,42381.27734375,84988.18359375
1219.379148721695,2,2542.9,41429.9375,84988.18359375
1220.3882510662079,2,902.4,37761.8515625,84988.18359375
1221.4074456691742,2,1381.8,36568.015625,84988.18359375
1222.4147427082062,2,871.4,27116.8125,84988.18359375
1223.4232552051544,2,3424.7,18144.92578125,84988.18359375
1224.44424700737,2,4764.9,17869.99609375,84988.18359375
1225.4643874168396,2,3787.9,19792.57421875,84988.18359375
1226.471423149109,2,1906.2,19357.37109375,84988.18359375
1227.4781744480133,2,2313.9,18826.484375,84988.18359375
1228.487256526947,2,3138.7,10660.37890625,84988.18359375
1229.5082566738129,2,2243.3,11916.87890625,84988.18359375
1230.52787899971,2,1481.5,10390.390625,84988.18359375
1231.5360388755798,2,1677.1,9979.359375,84988.18359375
1232.5432465076447,2,1299.3,10210.6796875,84988.18359375
1233.554440021515,2,1265.4,3328.83203125,85500.19140625
1234.5622441768646,2,1555.1,4460.6015625,84988.18359375
1235.580374956131,2,1038.4,3699.90234375,84988.18359375
1236.5952575206757,2,2085.8,3525.27734375,84988.18359375
1237.6352498531342,2,1927.2,7633.71484375,84988.18359375
1238.6449773311615,2,2668.1,8746.0,84988.18359375
1239.652030467987,2,3204.0,9506.76953125,84988.18359375
1240.6602489948273,2,2314.0,8768.375,84988.18359375
1241.6803233623505,2,1182.7,12853.69140625,84988.18359375
1242.6881177425385,2,1568.0,14022.56640625,84988.18359375
1243.6951291561127,2,100.3,17684.125,84988.18359375
1244.7022964954376,2,101.3,21293.26953125,84988.18359375
1245.7093105316162,2,103.3,21355.68359375,84988.18359375
1246.7159979343414,2,135.5,21165.98046875,84988.18359375
1247.7267303466797,2,1327.3,21238.578125,84988.18359375
1248.734807729721,2,1228.5,21897.94140625,84988.18359375
1249.7450540065765,2,1227.3,20673.09375,84988.18359375
1250.7529466152191,2,1465.7,23318.0703125,84988.18359375
1251.7613122463226,2,803.3,21361.37109375,84988.18359375
1252.7672097682953,2,845.1,21684.8359375,84988.18359375
1253.7742640972137,2,102.2,24448.171875,84988.18359375
1254.7817640304565,2,2854.2,27723.81640625,84988.18359375
1255.7893631458282,2,636.9,23941.3828125,84988.18359375
1256.7990708351135,2,1558.9,22883.24609375,84988.18359375
1257.8068342208862,2,879.1,15668.98828125,84988.18359375
1258.8152661323547,2,4093.8,12914.984375,84988.18359375
1259.8359069824219,2,4573.5,14241.46875,84988.18359375
1260.8460807800293,2,2156.3,13761.48046875,84988.18359375
1261.8602647781372,2,2340.1,9237.6171875,84988.18359375
1262.879446029663,2,2769.6,10307.88671875,84988.18359375
1263.8889861106873,2,1797.8,9165.69921875,84988.18359375
1264.8973870277405,2,1698.8,8828.46484375,84988.18359375
1265.9052894115448,2,1251.1,9164.265625,84988.18359375
1266.916340827942,2,1472.3,3474.6875,85500.19140625
1267.9252452850342,2,1758.7,4571.75390625,84988.18359375
1268.9456272125244,2,757.6,3704.98046875,84988.18359375
1269.9566955566406,2,1746.3,3565.51171875,84988.18359375
1270.985267162323,2,2045.6,6899.9140625,84988.18359375
1271.993189573288,2,2945.9,9146.46875,84988.18359375
1273.0202465057373,2,2755.7,10011.390625,84988.18359375
1274.03871011734,2,2349.3,9071.11328125,84988.18359375
1275.0462663173676,2,2249.0,12326.78515625,84988.18359375
1276.0533304214478,2,1595.7,14790.9296875,84988.18359375
1277.0629937648773,2,574.2,16151.6015625,84988.18359375
1278.0713057518005,2,100.2,19830.87109375,84988.18359375
1279.0792756080627,2,102.2,21416.5234375,84988.18359375
1280.0868859291077,2,104.3,21284.39453125,84988.18359375
1281.0940735340118,2,913.9,21361.9765625,84988.18359375
1282.1018064022064,2,1329.4,20932.5546875,84988.18359375
1283.1082792282104,2,1143.4,21673.8515625,84988.18359375
1284.1167595386505,2,528.7,22531.25390625,84988.18359375
1285.1249196529388,2,1536.7,22583.75,84988.18359375
1286.1336059570312,2,1500.3,21160.27734375,84988.18359375
1287.1413733959198,2,100.3,23934.828125,84988.18359375
1288.1482729911804,2,2845.2,27274.609375,84988.18359375
1289.1592543125153,2,265.2,25025.4375,84988.18359375
1290.1973457336426,2,1356.3,23997.25390625,84988.18359375
1291.205246925354,2,1356.6,21874.17578125,84988.18359375
1292.2202463150024,2,2729.9,13397.9765625,84988.18359375
1293.2422437667847,2,4769.9,13179.05078125,84988.18359375
1294.263260602951,2,3115.0,14631.4453125,84988.18359375
1295.2734870910645,2,1979.5,13899.921875,84988.18359375
1296.2813353538513,2,3174.2,9749.328125,84988.18359375
1297.2894344329834,2,2279.4,10727.64453125,84988.18359375
1298.3029806613922,2,1315.5,10104.140625,84988.18359375
1299.3192315101624,2,1562.1,9086.81640625,84988.18359375
1300.3262023925781,2,1483.8,8952.328125,84988.18359375
1301.3344280719757,2,494.5,3711.203125,84988.18359375
1302.341430902481,2,2318.2,4474.37109375,84988.18359375
1303.351247549057,2,927.1,3389.171875,84988.18359375
1304.3699159622192,2,2717.4,5439.30078125,84988.18359375
1305.377845287323,2,1488.0,9288.58203125,84988.18359375
1306.3859055042267,2,2620.7,10031.05859375,84988.18359375
1307.3942484855652,2,3419.7,10699.73828125,84988.18359375
1308.413253545761,2,3027.8,10571.46875,84988.18359375
1309.434160709381,2,526.4,14414.4296875,84992.18359375
1310.4427695274353,2,100.2,18090.6796875,84992.18359375
1311.4505696296692,2,1895.9,18862.9921875,84992.18359375
1312.4585528373718,2,101.2,22559.953125,84992.18359375
1313.4664769172668,2,102.2,26295.30859375,84992.18359375
1314.4743280410767,2,104.2,29963.390625,84992.18359375
1315.4817974567413,2,104.2,33543.6875,84992.18359375
1316.4896430969238,2,107.2,34111.2578125,84992.18359375
1317.4968647956848,2,104.3,33842.6171875,84992.18359375
1318.5037050247192,2,107.2,33581.91796875,84992.18359375
1319.5115785598755,2,105.2,33347.28125,84992.18359375
1320.5193688869476,2,1297.9,33394.69140625,84992.18359375
1321.5279970169067,2,1152.1,33220.0625,84992.18359375
1322.540914773941,2,1164.8,33714.60546875,84992.18359375
1323.5659790039062,2,900.6,33472.08984375,84992.18359375
1324.5763852596283,2,184.5,35142.5,84992.18359375
1325.589964389801,2,1581.9,36963.3515625,84992.18359375
1326.6012556552887,2,1066.2,34062.91015625,84992.18359375
1327.6258835792542,2,777.3,33996.29296875,84992.18359375
1328.636991739273,2,102.9,35563.32421875,84992.18359375
1329.6482458114624,2,1802.6,38208.27734375,84992.18359375
1330.669179201126,2,1335.2,41247.6640625,84992.18359375
1331.6787204742432,2,1624.5,37003.52734375,84992.18359375
1332.6901569366455,2,797.2,35715.7421875,84992.18359375
1333.7011737823486,2,948.3,34099.37890625,84992.18359375
1334.7114202976227,2,104.9,35509.29296875,84992.18359375
1335.7218017578125,2,103.9,38215.86328125,84992.18359375
1336.732027053833,2,105.0,40911.54296875,84992.18359375
1337.7422559261322,2,3789.6,43375.6953125,84992.18359375
1338.762130498886,2,1897.3,47861.25,84992.18359375
1339.7702872753143,2,101.3,49138.1328125,84992.18359375
1340.7772476673126,2,867.4,39814.9375,84992.18359375
1341.7962868213654,2,1977.6,41339.78125,84992.18359375
1342.8045372962952,2,1402.7,37438.71484375,84992.18359375
1343.812536239624,2,833.3,34987.23046875,84992.18359375
1344.8218524456024,2,821.5,17688.53515625,84992.18359375
1345.8302507400513,2,4649.8,17420.05859375,84992.18359375
1346.85124874115,2,4770.4,17155.9296875,84992.18359375
1347.8759818077087,2,2546.2,18827.4296875,84992.18359375
1348.8852832317352,2,1906.2,18123.90625,84992.18359375
1349.8942556381226,2,2877.0,9690.51953125,84992.18359375
1350.9152572154999,2,2455.0,10987.80078125,84992.18359375
1351.928171634674,2,1375.0,9746.9453125,84992.18359375
1352.9368550777435,2,1703.4,9246.515625,84992.18359375
1353.9437108039856,2,1345.2,9287.890625,84992.18359375
1354.9546785354614,2,855.5,3103.91796875,84992.18359375
1355.9622595310211,2,2097.9,4039.15625,84992.18359375
1356.9705913066864,2,746.3,3563.2890625,84992.18359375
1357.9932639598846,2,2654.5,3934.41015625,84992.18359375
1359.0032496452332,2,1652.4,11082.77734375,84992.18359375
1360.023395061493,2,2111.6,9229.10546875,84992.18359375
1361.031100511551,2,3218.5,9976.14453125,84992.18359375
1362.04225730896,2,3118.0,10103.37109375,84992.18359375
1363.0640156269073,2,239.2,13766.2265625,84992.18359375
1364.0713622570038,2,2143.2,13826.00390625,84992.18359375
1365.0782833099365,2,99.3,17488.50390625,84992.18359375
1366.0855491161346,2,102.2,20966.3515625,84992.18359375
1367.0932712554932,2,103.3,20841.75390625,84992.18359375
1368.1005058288574,2,273.9,20645.62109375,84992.18359375
1369.1082479953766,2,1313.9,21018.17578125,84992.18359375
1370.1293358802795,2,1453.9,21648.40234375,84992.18359375
1371.1441609859467,2,867.1,20765.8515625,84992.18359375
1372.1520264148712,2,1488.1,23576.609375,84992.18359375
1373.160246372223,2,1017.2,21298.30859375,84992.18359375
1374.1786119937897,2,604.4,22095.02734375,84992.18359375
1375.1862571239471,2,611.0,25594.07421875,84992.18359375
1376.2060194015503,2,2316.1,28010.40625,84992.18359375
1377.214254617691,2,1263.5,23980.921875,84992.18359375
1378.2339322566986,2,934.6,23041.62890625,84992.18359375
1379.2417335510254,2,886.9,12998.234375,84992.18359375
1380.2502534389496,2,4639.3,12853.0390625,84992.18359375
1381.2703988552094,2,4169.0,14280.80859375,84992.18359375
1382.2787215709686,2,2258.3,13829.37890625,84992.18359375
1383.2872552871704,2,2577.5,9239.96875,84992.18359375
1384.307407617569,2,2627.4,10268.70703125,84992.18359375
1385.3144316673279,2,1568.5,9252.78125,84992.18359375
1386.3217589855194,2,1720.4,8785.734375,84992.18359375
1387.330293416977,2,1271.1,8953.89453125,84992.18359375
1388.337994337082,2,1434.8,3480.10546875,85504.19140625
1389.345107793808,2,1839.9,4065.51171875,84992.18359375
1390.3527481555939,2,683.4,4135.0703125,84992.18359375
1391.3602485656738,2,2104.6,3919.97265625,84992.18359375
1392.4084017276764,2,1246.6,7541.63671875,84992.18359375
1393.4162509441376,2,2586.4,11355.578125,84992.18359375
1394.436060667038,2,2751.5,12160.67578125,84992.18359375
1395.446895122528,2,4192.2,12443.9375,84992.18359375
1396.455257177353,2,2586.9,11306.48828125,84992.18359375
1397.4756145477295,2,880.6,15300.078125,84992.18359375
1398.4839508533478,2,1610.7,15670.2109375,84992.18359375
1399.4909229278564,2,99.3,19340.54296875,84992.18359375
1400.4978618621826,2,102.2,22942.03125,84992.18359375
1401.5057079792023,2,101.2,22892.98828125,84992.18359375
1402.513309955597,2,276.0,22748.52734375,84992.18359375
1403.5212466716766,2,1415.0,23223.95703125,84992.18359375
1404.5398700237274,2,1344.2,23886.71484375,84992.18359375
1405.547872543335,2,884.3,22956.38671875,84992.18359375
1406.555472612381,2,1513.1,25739.46875,84992.18359375
1407.5626199245453,2,1119.8,23462.7421875,84992.18359375
1408.5699818134308,2,534.1,24331.55859375,84992.18359375
1409.5782570838928,2,892.5,27725.66015625,84992.18359375
1410.5980880260468,2,2042.0,30288.15234375,84992.18359375
1411.6053776741028,2,1499.5,26242.53125,84992.18359375
1412.6130344867706,2,768.4,24358.625,84992.18359375
1413.6202476024628,2,1337.0,15230.19921875,84992.18359375
1414.6422531604767,2,4764.3,15008.79296875,84992.18359375
1415.6632630825043,2,4748.1,16192.98828125,84992.18359375
1416.6878113746643,2,2253.7,16240.41015625,84992.18359375
1417.6944975852966,2,2288.9,15304.9921875,84992.18359375
1418.7022578716278,2,3768.1,11223.6484375,84992.18359375
1419.723252773285,2,2117.1,12667.85546875,84992.18359375
1420.743619441986,2,2251.0,10875.96484375,84992.18359375
1421.7505733966827,2,1654.5,10900.41796875,84992.18359375
1422.7582485675812,2,1080.6,10934.4453125,84992.18359375
1423.7764885425568,2,1807.7,4393.64453125,84992.18359375
1424.7843441963196,2,1352.0,3899.0390625,84992.18359375
1425.7917411327362,2,1196.1,4284.75,84992.18359375
1426.7992463111877,2,1680.2,3792.4140625,84992.18359375
1427.8366334438324,2,1632.1,7409.421875,84992.18359375
1428.844373703003,2,2213.8,11658.5234375,84992.18359375
1429.8526203632355,2,3350.6,12150.41796875,84992.18359375
1430.8612461090088,2,3992.2,12511.046875,84992.18359375
1431.879566192627,2,1979.6,10605.08984375,84992.18359375
1432.9010355472565,2,1430.2,14881.1015625,84992.18359375
1433.9077684879303,2,1497.8,16103.19140625,84992.18359375
1434.9152801036835,2,100.3,19752.0234375,84992.18359375
1435.9224736690521,2,102.2,23351.70703125,84992.18359375
1436.9306631088257,2,102.1,23464.36328125,84992.18359375
1437.9391283988953,2,103.2,23312.8046875,84992.18359375
1438.9463901519775,2,1314.4,23104.07421875,84992.18359375
1439.9537379741669,2,924.8,23770.1796875,84992.18359375
1440.9625520706177,2,1537.0,22873.2421875,84992.18359375
1441.9722545146942,2,1374.1,25267.36328125,84992.18359375
1442.9836857318878,2,911.3,24842.42578125,84992.18359375
1443.9905955791473,2,862.3,24087.23046875,84992.18359375
1444.998363494873,2,102.2,26823.3515625,84992.18359375
1446.0060827732086,2,2838.5,30110.6640625,84992.18359375
1447.0142481327057,2,542.3,26336.4921875,84992.18359375
1448.0346081256866,2,1665.4,25161.76171875,84992.18359375
1449.042777299881,2,867.9,17280.328125,84992.18359375
1450.050250530243,2,4278.2,15325.109375,84992.18359375
1451.0712497234344,2,4767.9,15054.96484375,84992.18359375
1452.0924813747406,2,2811.7,16689.40625,84992.18359375
1453.0989570617676,2,2058.8,15817.34765625,84992.18359375
1454.1072595119476,2,3620.9,11522.06640625,84992.18359375
1455.1274399757385,2,2148.8,13119.44140625,84992.18359375
1456.136304616928,2,2755.7,11076.49609375,84992.18359375
1457.1452469825745,2,1514.0,11637.23046875,84992.18359375
1458.1602742671967,2,1244.0,11115.66796875,84992.18359375
1459.1674904823303,2,1779.6,7225.453125,84992.18359375
1460.1752560138702,2,1363.8,3767.09375,84992.18359375
1461.1847360134125,2,1186.3,4121.96484375,84992.18359375
1462.1922543048859,2,2189.4,4934.2421875,84992.18359375
1463.2181103229523,2,1403.4,9141.71875,84992.18359375
1464.2269315719604,2,3129.6,9929.796875,84992.18359375
1465.2342474460602,2,2911.9,10864.171875,84992.18359375
1466.2532496452332,2,2132.2,9340.8515625,84992.18359375
1467.2732574939728,2,1624.4,11563.5625,84992.18359375
1468.2815396785736,2,100.3,15213.15234375,84992.18359375
1469.2888827323914,2,100.3,15561.3203125,84992.18359375
1470.2957122325897,2,1378.5,15718.0546875,84992.18359375
1471.3042469024658,2,1067.1,16733.8203125,84992.18359375
1472.322818517685,2,1394.6,15578.0546875,84992.18359375
1473.3309228420258,2,1463.8,18342.12890625,84992.18359375
1474.3392877578735,2,770.0,17349.49609375,84992.18359375
1475.34725689888,2,1864.5,11582.7578125,84992.18359375
1476.3756966590881,2,4762.3,11478.1171875,84992.18359375
1477.397027015686,2,2660.8,12641.5859375,84992.18359375
1478.4072525501251,2,2433.6,10037.578125,84992.18359375
1479.4260036945343,2,3269.2,10055.08984375,84992.18359375
1480.434478521347,2,2455.3,10104.2109375,84992.18359375
1481.4422528743744,2,1554.1,10553.20703125,84992.18359375
1482.4509913921356,2,1279.2,9651.4765625,84992.18359375
1483.4592611789703,2,1721.6,9431.6328125,84992.18359375
1484.4702503681183,2,1123.1,3464.9765625,84992.18359375
1485.479118347168,2,1949.0,4186.58984375,84992.18359375
1486.487347126007,2,1816.3,4948.05859375,84992.18359375
1487.495289325714,2,2050.2,7519.04296875,84992.18359375
1488.5514123439789,2,2412.6,8418.37109375,84992.18359375
1489.559255361557,2,2380.5,7806.8984375,84992.18359375
1490.5722641944885,2,1092.1,10058.82421875,84992.18359375
1491.5793857574463,2,100.3,13630.05859375,84992.18359375
1492.5864174365997,2,203.4,13576.48046875,84992.18359375
1493.5952534675598,2,1331.2,14140.73828125,84992.18359375
1494.6071791648865,2,1448.6,14749.3984375,84992.18359375
1495.6207311153412,2,928.3,13857.01953125,84992.18359375
1496.6288146972656,2,1477.7,16483.8671875,84992.18359375
1497.637247800827,2,952.6,14201.3359375,84992.18359375
1498.6557474136353,2,2194.0,9423.9921875,84992.18359375
1499.6762478351593,2,4220.6,10261.35546875,84992.18359375
1500.6882421970367,2,2436.5,9889.4140625,84992.18359375
1501.6961913108826,2,2829.7,7752.39453125,84992.18359375
1502.7030699253082,2,1663.3,7936.359375,84992.18359375
1503.7106935977936,2,1692.5,7727.65625,84992.18359375
1504.718698501587,2,1161.8,8028.23828125,84992.18359375
1505.7266023159027,2,1600.0,3334.85546875,85504.19140625
1506.734733581543,2,1890.5,3776.98046875,84992.18359375
1507.7418773174286,2,683.6,3867.40234375,84992.18359375
1508.7502579689026,2,2730.5,5730.76171875,84992.18359375
1509.775362253189,2,1241.1,9794.4609375,84992.18359375
1510.7902743816376,2,3066.8,10880.765625,84992.18359375
1511.8143911361694,2,2729.1,11701.32421875,84992.18359375
1512.8325643539429,2,2885.5,10922.390625,84992.18359375
1513.8409962654114,2,2125.8,12352.9296875,84992.18359375
1514.8491015434265,2,1152.6,15193.39453125,84992.18359375
1515.859914779663,2,330.6,17426.19140625,84992.18359375
1516.8671565055847,2,100.3,21139.3828125,84992.18359375
1517.8740937709808,2,101.3,22356.77734375,84992.18359375
1518.8812589645386,2,101.3,22275.2734375,84992.18359375
1519.8880324363708,2,1118.9,22304.0859375,84992.18359375
1520.8952775001526,2,1133.8,22545.50390625,84992.18359375
1521.9024879932404,2,1341.1,22338.8984375,84992.18359375
1522.909253358841,2,971.7,24581.8671875,84992.18359375
1523.929089307785,2,1492.2,23948.296875,84992.18359375
1524.9369564056396,2,879.3,23046.2265625,84992.18359375
1525.9445669651031,2,101.2,25876.375,84992.18359375
1526.9520752429962,2,2840.5,29096.96875,84992.18359375
1527.9599797725677,2,275.9,26664.85546875,84992.18359375
1528.9682440757751,2,1642.2,24315.55078125,84992.18359375
1529.9871928691864,2,1202.5,20828.296875,84992.18359375
1530.99525141716,2,3753.4,14689.3359375,84992.18359375
1532.0162477493286,2,4636.1,15869.5546875,84992.18359375
1533.0262575149536,2,2321.5,15582.0703125,84992.18359375
1534.0465881824493,2,2113.8,10875.34765625,84992.18359375
1535.0562498569489,2,3687.0,11058.66015625,84992.18359375
1536.0764417648315,2,2557.5,12090.6484375,84992.18359375
1537.082887172699,2,1272.1,11027.94921875,84992.18359375
1538.0906002521515,2,1638.0,10240.55078125,84992.18359375
1539.0973434448242,2,1534.2,10009.29296875,84992.18359375
1540.1037364006042,2,658.3,3298.68359375,84992.18359375
1541.1124510765076,2,2452.7,3666.7890625,84992.18359375
1542.1186611652374,2,854.6,5509.19921875,84992.18359375
1543.1422097682953,2,2766.6,7773.5078125,84992.18359375
1544.1502566337585,2,1616.0,11912.41015625,84992.18359375
1545.1642558574677,2,2972.1,14081.91015625,84992.18359375
1546.1840810775757,2,2743.5,14945.3671875,84992.18359375
1547.203575372696,2,4043.8,15307.85546875,84992.18359375
1548.212257385254,2,2600.8,13235.37890625,84992.18359375
1549.232764005661,2,522.6,16963.5234375,84992.18359375
1550.2410154342651,2,1386.2,18371.19921875,84992.18359375
1551.2481198310852,2,100.2,22091.74609375,84992.18359375
1552.2560913562775,2,100.2,25063.1875,84992.18359375
1553.2641923427582,2,102.2,25012.12890625,84992.18359375
1554.2721371650696,2,566.6,24915.5546875,84992.18359375
1555.279846906662,2,1266.0,25158.57421875,84992.18359375
1556.2861547470093,2,1225.9,26462.13671875,84992.18359375
1557.2935948371887,2,868.8,25755.31640625,84992.18359375
1558.3007349967957,2,1488.7,28573.03125,84992.18359375
1559.3092470169067,2,1279.3,25432.0,84992.18359375
1560.3189206123352,2,356.1,27203.7109375,84992.18359375
1561.3272559642792,2,1710.7,30029.9453125,84992.18359375
1562.3471410274506,2,1209.4,32988.078125,84992.18359375
1563.355844259262,2,1512.6,28990.30078125,84992.18359375
1564.3633818626404,2,1094.7,26571.4765625,84992.18359375
1565.3722593784332,2,2157.4,17472.5078125,84992.18359375
1566.399250984192,2,4759.4,17244.08203125,84992.18359375
1567.419730424881,2,4072.0,18968.75,84992.18359375
1568.4260303974152,2,2225.5,18732.5703125,84992.18359375
1569.4338910579681,2,2536.0,17661.3828125,84992.18359375
1570.4432580471039,2,3724.8,13308.21875,84992.18359375
1571.4642598628998,2,2547.5,13439.515625,84992.18359375
1572.4739878177643,2,3304.6,15290.2421875,84992.18359375
1573.4861612319946,2,1694.9,13312.4296875,84992.18359375
1574.494372844696,2,1443.0,12772.82421875,84992.18359375
1575.5013365745544,2,1612.6,12430.8046875,84992.18359375
1576.5103087425232,2,1042.1,3207.2734375,85504.19140625
1577.5178575515747,2,1916.2,3586.1328125,84992.18359375
1578.526128768921,2,945.6,3099.57421875,84992.18359375
1579.5339908599854,2,3214.3,7227.68359375,84992.18359375
1580.5416479110718,2,572.3,11786.421875,84992.18359375
1581.5502541065216,2,2882.0,14292.82421875,84992.18359375
1582.571246623993,2,2758.2,15187.484375,84992.18359375
1583.589454650879,2,4774.8,15161.90625,84992.18359375
1584.605836391449,2,1922.7,12297.7578125,84992.18359375
1585.6169128417969,2,1496.5,16514.4296875,84992.18359375
1586.6252081394196,2,1385.0,18114.625,84992.18359375
1587.6331808567047,2,100.3,21815.9765625,84992.18359375
1588.6405880451202,2,100.2,25512.44140625,84992.18359375
1589.649006843567,2,102.3,25515.0546875,84992.18359375
1590.6561307907104,2,174.5,25413.109375,84992.18359375
1591.6647818088531,2,1315.6,25769.62890625,84992.18359375
1592.6762549877167,2,1480.8,26330.70703125,84992.18359375
1593.6921663284302,2,924.4,25413.8359375,84992.18359375
1594.7001881599426,2,1478.0,28153.40625,84992.18359375
1595.708250761032,2,1069.7,25884.671875,84992.18359375
1596.724905014038,2,572.6,26693.8515625,84992.18359375
1597.7332565784454,2,678.0,30119.31640625,84992.18359375
1598.7531497478485,2,2334.4,32562.21484375,84992.18359375
1599.762279033661,2,1437.9,28620.3359375,84992.18359375
1600.7888252735138,2,783.7,27199.17578125,84992.18359375
1601.7972490787506,2,1340.2,17703.12890625,84992.18359375
1602.8192629814148,2,4616.2,17484.9375,84992.18359375
1603.8402507305145,2,4762.8,17287.23046875,84992.18359375
1604.8576827049255,2,3070.2,19217.96484375,84992.18359375
1605.8666336536407,2,1823.0,18133.34375,84992.18359375
1606.8822560310364,2,2749.1,13547.95703125,84992.18359375
1607.898288488388,2,3540.4,13949.19140625,84992.18359375
1608.9062571525574,2,2720.8,15567.4453125,84992.18359375
1609.9263813495636,2,2893.7,12971.0390625,84992.18359375
1610.9343304634094,2,1389.7,13585.66015625,84992.18359375
1611.9452562332153,2,1205.1,13048.921875,84992.18359375
1612.9558448791504,2,1834.7,8915.82421875,84992.18359375
1613.9642457962036,2,1110.7,3362.8125,84992.18359375
1614.9792773723602,2,1433.6,4004.0078125,84992.18359375
1615.9871399402618,2,2198.9,4997.3203125,84992.18359375
1617.0136799812317,2,1326.6,9852.53515625,84992.18359375
1618.0222713947296,2,3063.6,9992.6796875,84992.18359375
1619.0302472114563,2,3121.6,10838.17578125,84992.18359375
1620.0493721961975,2,2168.1,9395.046875,84992.18359375
1621.069667339325,2,1617.9,11644.890625,84992.18359375
1622.077105998993,2,101.2,15266.31640625,84992.18359375
1623.0851321220398,2,100.1,15596.37109375,84992.18359375
1624.0937368869781,2,1342.2,15818.0078125,84992.18359375
1625.1022486686707,2,1114.7,16790.26953125,84992.18359375
1626.1209647655487,2,1341.6,15633.984375,84992.18359375
1627.128704071045,2,1462.5,18328.328125,84992.18359375
1628.1365430355072,2,763.6,16663.0,84992.18359375
1629.1442680358887,2,1863.2,11612.6640625,84992.18359375
1630.1752605438232,2,4765.9,11475.18359375,84992.18359375
1631.194598197937,2,2686.9,12665.8125,84992.18359375
1632.2030985355377,2,2554.4,10033.890625,84992.18359375
1633.2132472991943,2,3250.1,10036.92578125,84992.18359375
1634.2282509803772,2,2433.6,10311.55078125,84992.18359375
1635.2369918823242,2,1315.4,10688.23046875,84992.18359375
1636.2442591190338,2,1301.3,9704.54296875,84992.18359375
1637.2532470226288,2,1905.9,9054.78125,84992.18359375
1638.2608699798584,2,1233.7,6632.48046875,85212.1953125
1639.2702448368073,2,3625.1,6749.8515625,85212.1953125
1640.2884933948517,2,4045.1,6334.36328125,85212.1953125
1641.309535741806,2,1002.5,9056.4921875,85212.1953125
1642.316971063614,2,100.1,12438.06640625,85212.1953125
1643.325570821762,2,301.7,12381.86328125,85212.1953125
1644.3332483768463,2,1349.7,12992.03515625,85212.1953125
1645.3522591590881,2,1390.7,13678.3125,85212.1953125
1646.360083580017,2,881.5,12745.47265625,85212.1953125
1647.3685314655304,2,1485.0,15547.9609375,85212.1953125
1648.375910282135,2,814.5,13578.140625,85212.1953125
1649.3842549324036,2,2047.5,8569.2734375,85212.1953125
1650.4052455425262,2,4769.1,8429.234375,85212.1953125
1651.4242367744446,2,4781.9,8327.22265625,85212.1953125
1652.4442358016968,2,4774.0,8181.13671875,85212.1953125
1653.4642515182495,2,1820.7,8155.12109375,85212.1953125
1654.4810690879822,2,2883.5,8257.12890625,85212.1953125
1655.4902477264404,2,2978.2,6519.10546875,85212.1953125
1656.5134418010712,2,2466.6,4261.20703125,85212.1953125
1657.521862745285,2,1573.8,6622.5,85212.19921875
1658.5302488803864,2,3931.7,6870.296875,85212.19921875
1659.5487723350525,2,4313.3,6538.49609375,85212.19921875
1660.563793182373,2,603.2,9336.78125,85212.19921875
1661.571783542633,2,100.2,12398.36328125,85212.19921875
1662.5800511837006,2,489.2,12364.83203125,85212.19921875
1663.5878102779388,2,1314.4,13147.95703125,85212.19921875
1664.5958778858185,2,1250.2,13905.92578125,85212.19921875
1665.6036849021912,2,868.5,13032.77734375,85212.19921875
1666.611179113388,2,1484.1,15852.44140625,85212.19921875
1667.6184647083282,2,1117.1,13393.79296875,85212.19921875
1668.6262583732605,2,2306.6,8596.4453125,85212.19921875
1669.6472427845001,2,4764.9,8443.66015625,85212.19921875
1670.6672413349152,2,4774.1,8362.23046875,85212.19921875
1671.6882388591766,2,4772.9,8191.63671875,85212.19921875
1672.7080206871033,2,2961.7,8407.66796875,85212.19921875
1673.7168130874634,2,3199.6,6304.875,85212.19921875
1674.724197626114,2,2342.1,6411.69921875,85212.19921875
1675.7342555522919,2,1727.4,6078.42578125,85212.19921875
1676.7522447109222,2,3515.7,6840.48828125,85212.19921875
1677.7702507972717,2,4047.0,6372.35546875,85212.19921875
1678.7935564517975,2,1598.4,8772.33984375,85212.19921875
1679.800701379776,2,101.3,12346.74609375,85212.19921875
1680.8077473640442,2,101.0,12543.19921875,85212.19921875
1681.8176529407501,2,1369.2,12826.08984375,85212.19921875
1682.8252482414246,2,1227.6,13717.875,85212.19921875
1683.844801902771,2,1383.4,12625.21484375,85212.19921875
1684.8516731262207,2,1479.2,15451.91796875,85212.19921875
1685.8603100776672,2,776.3,14594.5625,85212.19921875
1686.8692507743835,2,1916.2,8655.49609375,85212.19921875
1687.8902435302734,2,4772.6,8524.203125,85212.19921875
1688.9102408885956,2,4781.1,8435.06640625,85212.19921875
1689.9325213432312,2,4767.3,8292.890625,85212.19921875
1690.951247215271,2,3624.7,8523.32421875,85212.19921875
1691.9622509479523,2,3076.4,6303.0234375,85212.19921875
1692.982281923294,2,2403.0,6363.89453125,85212.19921875
1693.9902477264404,2,1530.6,4899.1796875,85212.19921875
1695.0112433433533,2,3509.3,6863.99609375,85212.19921875
1696.029857158661,2,4056.8,6384.04296875,85212.19921875
1697.052083492279,2,1291.7,8610.17578125,85212.19921875
1698.0647275447845,2,464.6,11637.87109375,85212.19921875
1699.0719225406647,2,100.2,12471.9140625,85212.19921875
1700.0812487602234,2,1256.8,12455.84765625,85212.19921875
1701.0911967754364,2,1006.6,12905.796875,85212.19921875
1702.098461151123,2,1380.6,12532.6953125,85212.19921875
1703.1092488765717,2,909.3,14842.61328125,85212.19921875
1704.1284103393555,2,1612.0,14066.19140625,85212.19921875
1705.1370084285736,2,870.6,8588.921875,85212.19921875
1706.1462454795837,2,4747.6,8488.63671875,85212.19921875
1707.1652393341064,2,4779.3,8343.89453125,85212.19921875
1708.1862397193909,2,4773.7,8229.84765625,85212.19921875
1709.2062497138977,2,4136.5,8483.87890625,85212.19921875
1710.225588798523,2,2717.2,7399.6953125,85212.19921875
1711.232784986496,2,2758.9,6477.0390625,85212.19921875
1712.2386384010315,2,1851.4,3935.5625,85221.19921875
1713.2482614517212,2,2299.2,7266.65625,85221.19921875
1714.267261505127,2,4047.9,6549.1015625,85221.19921875
1715.2863702774048,2,2698.3,8414.9375,85221.19921875
1716.2936100959778,2,614.6,11451.4765625,85221.19921875
1717.3008120059967,2,101.2,12946.6015625,85221.19921875
1718.3092544078827,2,1067.5,13200.546875,85221.19921875
1719.327931880951,2,1181.0,12987.23046875,85221.19921875
1720.3363952636719,2,1160.2,13298.36328125,85221.19921875
1721.3457188606262,2,515.0,14713.58984375,85221.19921875
1722.3542478084564,2,1759.3,14406.953125,85221.19921875
1723.373208284378,2,1256.5,11639.875,85221.19921875
1724.3822541236877,2,4207.6,8898.078125,85221.19921875
1725.402235507965,2,4773.8,8735.90234375,85221.19921875
1726.421109676361,2,4778.3,8610.5625,85221.19921875
1727.4413821697235,2,4605.5,8912.25390625,85221.19921875
1728.4523520469666,2,2839.9,8772.0859375,85221.19921875
1729.464131116867,2,2847.0,6678.4375,85221.19921875
1730.472805738449,2,2859.8,6771.78125,85221.19921875
1731.4792482852936,2,1667.0,8110.01953125,85224.19921875
1732.5002439022064,2,3594.5,6944.30078125,85224.19921875
1733.5192515850067,2,4061.2,6525.34375,85224.19921875
1734.539118528366,2,1179.5,9037.15234375,85224.19921875
1735.546219110489,2,101.2,12557.8828125,85224.19921875
1736.5539453029633,2,245.2,12507.40234375,85224.19921875
1737.561250925064,2,1394.6,13073.171875,85224.19921875
1738.5809071063995,2,1418.1,13783.359375,85224.19921875
1739.595638036728,2,866.2,12937.6875,85224.19921875
1740.6034843921661,2,1483.2,15769.390625,85224.19921875
1741.612248659134,2,1048.1,13515.0390625,85224.19921875
1742.6322565078735,2,2328.0,8699.2421875,85224.19921875
1743.653246641159,2,4776.6,8562.80078125,85224.19921875
1744.6732378005981,2,4776.2,8437.3515625,85224.19921875
1745.6922404766083,2,4769.7,8325.22265625,85224.19921875
1746.7122473716736,2,3296.5,8554.36328125,85224.19921875
1747.7272791862488,2,3029.9,6476.4453125,85224.19921875
1748.7355020046234,2,2424.8,6431.9296875,85224.19921875
1749.742196559906,2,1623.9,6415.99609375,85224.19921875
1750.7552471160889,2,3463.4,7164.5546875,85224.19921875
1751.7738013267517,2,4065.2,6782.94140625,85224.19921875
1752.7949419021606,2,1591.8,8988.27734375,85224.19921875
1753.801922082901,2,100.3,12555.31640625,85224.19921875
1754.8091268539429,2,102.3,12719.16015625,85224.19921875
1755.816148519516,2,1374.4,13015.34375,85224.19921875
1756.823133468628,2,1089.6,13930.08984375,85224.19921875
1757.8327312469482,2,1348.2,12930.6015625,85224.19921875
1758.839947462082,2,1485.1,15738.8828125,85224.19921875
1759.8486104011536,2,777.3,14892.09375,85224.19921875
1760.8572556972504,2,1946.0,9000.8125,85224.19921875
1761.8752434253693,2,4777.7,8947.796875,85224.19921875
1762.8937685489655,2,4783.3,8779.4296875,85224.19921875
1763.9137651920319,2,4783.3,8642.296875,85224.19921875
1764.9375429153442,2,4152.0,9009.5859375,85224.19921875
1765.9486615657806,2,2530.4,8036.81640625,85224.19921875
1766.9559483528137,2,2853.3,6846.796875,85224.19921875
1767.9652445316315,2,1765.4,3383.8828125,85224.19921875
1768.9777617454529,2,2690.3,6841.2890625,85224.19921875
1769.985246181488,2,3546.5,6223.46484375,85224.19921875
1771.0041995048523,2,3437.8,7619.63671875,85224.19921875
1772.0120704174042,2,605.2,10645.97265625,85224.19921875
1773.0200626850128,2,100.2,12699.828125,85224.19921875
1774.0279786586761,2,881.3,12652.015625,85224.19921875
1775.0356831550598,2,1226.7,12699.9609375,85224.19921875
1776.044099330902,2,1198.5,13201.67578125,85224.19921875
1777.0537278652191,2,610.6,13996.79296875,85224.19921875
1778.060849905014,2,1658.9,15228.94140625,85224.19921875
1779.069249868393,2,1383.3,12954.4140625,85224.19921875
1780.0822494029999,2,3439.0,8618.54296875,85224.19921875
1781.1022436618805,2,4775.8,8498.33203125,85224.19921875
1782.1239020824432,2,4772.2,8346.9140625,85224.19921875
1783.1432526111603,2,4447.9,8411.30078125,85224.19921875
1784.166320323944,2,2913.2,8508.51953125,85224.19921875
1785.1737742424011,2,2874.7,6416.640625,85224.19921875
1786.1819274425507,2,2669.3,5604.203125,85224.19921875
1787.1900389194489,2,1615.3,7783.0390625,85224.203125
1788.1972453594208,2,3890.9,6965.60546875,85224.203125
1789.213253736496,2,4057.5,6699.9609375,85224.203125
1790.2330102920532,2,624.9,9075.6796875,85224.203125
1791.239567041397,2,100.2,12660.8515625,85224.203125
1792.247272014618,2,101.3,12643.51171875,85224.203125
1793.2545998096466,2,1351.4,13014.67578125,85224.203125
1794.2616519927979,2,1286.7,13794.40234375,85224.203125
1795.2720470428467,2,1170.6,12755.609375,85224.203125
1796.279994726181,2,1460.2,15610.80859375,85224.203125
1797.288039445877,2,777.3,13896.37109375,85224.203125
1798.2962543964386,2,2014.9,8735.16015625,85224.203125
1799.3172399997711,2,4773.9,8608.91796875,85224.203125
1800.337244272232,2,4772.3,8482.32421875,85224.203125
1801.3572425842285,2,4770.9,8388.37109375,85224.203125
1802.3769645690918,2,3893.4,8676.6171875,85224.203125
1803.3870668411255,2,2704.0,6434.6171875,85224.203125
1804.3972470760345,2,2660.6,6526.109375,85224.203125
1805.4047603607178,2,1448.2,4284.4296875,85224.203125
1806.4132447242737,2,3224.7,6938.328125,85224.203125
1807.431620836258,2,4072.7,6291.875,85224.203125
1808.4523782730103,2,1973.4,8634.09765625,85224.203125
1809.4648840427399,2,497.9,11686.20703125,85224.203125
1810.4729454517365,2,101.3,12477.9765625,85224.203125
1811.4801182746887,2,1248.0,12480.4375,85224.203125
1812.4889199733734,2,985.3,13024.16796875,85224.203125
1813.4952490329742,2,1401.7,12590.56640625,85224.203125
1814.503246307373,2,858.4,14910.57421875,85224.203125
1815.5221240520477,2,1644.7,14123.109375,85224.203125
1816.5302476882935,2,1001.4,8673.421875,85224.203125
1817.5512409210205,2,4774.4,8521.69140625,85224.203125
1818.5712378025055,2,4780.2,8388.6328125,85224.203125
1819.5912387371063,2,4772.0,8266.34765625,85224.203125
1820.611249446869,2,4159.7,8567.11328125,85224.203125
1821.6299211978912,2,2875.7,7831.625,85224.203125
1822.6372752189636,2,2743.1,6383.23046875,85224.203125
1823.645346403122,2,1647.5,3954.74609375,85224.203125
1824.6559331417084,2,3204.4,5013.63671875,85224.203125
1825.6670410633087,2,3828.9,5632.70703125,85224.203125
1826.6746237277985,2,526.4,8044.91015625,85224.203125
1827.6833674907684,2,1095.4,8276.765625,85224.203125
1828.6912589073181,2,1135.2,8213.14453125,85224.203125
1829.6981110572815,2,1292.9,8713.2265625,85224.203125
1830.7062487602234,2,3196.4,5859.94921875,85224.203125
1831.7262361049652,2,4776.2,5769.35546875,85224.203125
1832.7452342510223,2,4781.6,5633.51953125,85224.203125
1833.7645745277405,2,4409.7,5679.10546875,85224.203125
1834.7727167606354,2,3223.6,5452.890625,85224.203125
1835.7790427207947,2,2449.1,4731.69140625,85224.203125
1836.7852642536163,2,2218.8,5775.9453125,85224.203125
1837.8034677505493,2,3782.6,5702.69140625,85224.203125
1838.812825679779,2,1258.6,6365.84375,85224.203125
1839.8222551345825,2,3366.9,6942.51171875,85224.203125
1840.8346309661865,2,2158.2,6857.05859375,85224.203125
1841.8442924022675,2,2638.3,6544.78125,85224.203125
1842.8522446155548,2,2735.3,6295.33203125,85224.203125
1843.8669910430908,2,2134.2,6600.5625,85224.203125
1844.874850988388,2,3460.6,6701.54296875,85224.203125
1845.882869720459,2,1417.2,6692.3125,85224.203125
1846.893265247345,2,3228.5,7147.62109375,85224.203125
1847.9011170864105,2,2205.6,6933.07421875,85224.203125
1848.9085485935211,2,2432.2,6763.34765625,85224.203125
1849.9166910648346,2,2785.2,4065.03125,85224.203125
1850.9251873493195,2,2509.4,6502.10546875,85224.203125
1851.9446332454681,2,2985.4,6793.72265625,85224.203125
1852.9532544612885,2,1618.6,5961.49609375,85224.203125
1853.9732477664948,2,3211.1,7140.328125,85224.203125
1854.992112159729,2,2231.8,6781.83984375,85224.203125
1856.0029406547546,2,2236.6,6313.6875,85224.203125
1857.0093832015991,2,2747.4,3734.05078125,85224.203125
1858.0162456035614,2,3350.8,6235.47265625,85224.203125
1859.0346426963806,2,2165.3,6531.5625,85224.203125
1860.0412600040436,2,2475.1,5722.20703125,85224.203125
1861.064401626587,2,2809.1,6830.60546875,85224.203125
1862.07248711586,2,1956.4,6320.74609375,85224.203125
1863.0790622234344,2,2579.9,6172.23828125,85224.203125
1864.0845193862915,2,2341.2,5468.1640625,85224.203125
1865.0956103801727,2,3206.3,5519.328125,85224.203125
1866.1044421195984,2,2649.6,5508.265625,85224.203125
1867.1128294467926,2,2802.8,5126.53125,85224.203125
1868.1214253902435,2,2479.0,3049.484375,85224.203125
1869.1286449432373,2,2087.9,3869.0625,85224.203125
1870.1349303722382,2,2990.1,3328.671875,85224.203125
1871.1409044265747,2,2717.8,3788.625,85224.203125
1872.1543514728546,2,2340.2,4120.03125,85224.203125
1873.1621851921082,2,2968.5,3801.48046875,85224.203125
1874.1691451072693,2,2895.2,2579.984375,85224.203125
1875.1772501468658,2,2500.8,3185.8828125,85224.203125
1876.1972470283508,2,3020.5,3102.73046875,85224.203125
1877.2063465118408,2,1423.4,984.2734375,84200.140625
