elapsed_time,nproc,cpu,mem_real,mem_virtual
6.222724914550781e-05,2,0.0,18.03515625,3200.89453125
1.007847547531128,4,8.9,295.1015625,4328.23828125
2.01812481880188,4,101.0,417.953125,4463.19140625
3.028061866760254,4,100.0,551.70703125,4623.19140625
4.0375659465789795,4,99.0,535.375,4623.19140625
5.047331094741821,4,99.1,541.59765625,4623.19140625
6.056534051895142,4,100.1,546.0859375,4623.19140625
7.0657641887664795,4,99.0,546.59375,4623.19140625
8.075501203536987,4,100.0,544.28515625,4623.19140625
9.085898160934448,4,100.0,537.8359375,4623.19140625
10.095791816711426,4,100.0,549.10546875,4623.19140625
11.106213331222534,4,99.0,602.59765625,4671.19140625
12.116060256958008,4,100.0,649.1640625,4727.19140625
13.126281023025513,4,99.0,692.1015625,4791.19140625
14.136693954467773,4,100.1,741.34765625,4877.19140625
15.145801067352295,4,99.0,792.16796875,4877.19140625
16.15595316886902,4,100.0,833.02734375,4973.19140625
17.16594099998474,4,100.0,872.796875,4973.19140625
18.175464153289795,3,3.0,142.55859375,3806.67578125
19.185242414474487,2,0.0,24.58984375,3522.45703125
20.194578170776367,2,96.0,275.9765625,4038.91796875
21.205056190490723,2,99.0,320.984375,4062.91796875
22.214885234832764,2,100.2,327.8515625,4062.91796875
23.223280668258667,2,100.1,334.72265625,4174.91796875
24.2322838306427,2,100.1,338.671875,4174.91796875
25.24092125892639,2,100.1,338.58203125,4174.91796875
26.25021457672119,2,99.1,369.19140625,4302.91796875
27.259435176849365,2,101.1,384.68359375,4302.91796875
28.268584489822388,2,100.1,402.34765625,4330.91796875
29.27750873565674,2,100.1,415.8671875,4330.90234375
30.286547422409058,2,99.2,447.15234375,4362.90234375
31.294837474822998,2,100.1,508.51953125,4450.90234375
32.30360674858093,2,99.2,569.515625,4506.90234375
33.31171154975891,2,100.2,630.27734375,4578.90234375
34.319791078567505,2,100.1,689.92578125,4658.90234375
35.32830595970154,2,99.2,750.5078125,4658.90234375
36.33645725250244,2,100.0,1033.8515625,5164.90234375
37.34681010246277,2,96.0,1605.9140625,5865.171875
38.35693669319153,2,100.0,1962.26953125,6185.1953125
39.36727261543274,2,100.0,1962.26953125,6185.1953125
40.37683320045471,2,324.4,2595.80078125,12026.1328125
41.38798260688782,2,1517.3,3316.6953125,12922.1328125
42.41230225563049,2,1301.5,4582.09375,15482.1328125
43.42023777961731,2,2223.2,5929.5,18554.1328125
44.42909359931946,2,2084.9,3445.359375,18554.1328125
45.44751167297363,2,1186.2,4283.2265625,18554.26171875
46.463383436203,2,2075.1,3465.4375,18554.26171875
47.47147059440613,2,1833.5,4645.55859375,18554.24609375
48.479090213775635,2,1604.1,3901.8046875,18554.24609375
49.49808979034424,2,1821.7,5309.84375,18554.24609375
50.51686501502991,2,857.9,4446.92578125,19450.27734375
51.52512836456299,2,99.2,5441.58984375,20454.27734375
52.533146381378174,2,208.5,6332.4453125,21094.27734375
53.54056096076965,2,1837.4,7654.23828125,21094.27734375
54.547433614730835,2,1673.6,6756.0703125,22146.33984375
55.554808616638184,2,100.2,6740.68359375,22146.33984375
56.562580585479736,2,99.3,6742.2265625,22146.33984375
57.56941866874695,2,100.3,6744.18359375,22146.33984375
58.576114654541016,2,188.3,7563.3515625,22402.30859375
59.584890604019165,2,805.6,7894.99609375,22402.30859375
60.59162497520447,2,230.5,7985.9921875,22510.80859375
61.59817385673523,2,803.9,7892.27734375,22513.30859375
62.60580921173096,2,2518.5,12123.2890625,30268.30859375
63.61362934112549,2,1571.8,17548.37890625,30300.30859375
64.62323665618896,2,3187.3,18030.34375,36444.30859375
65.63109469413757,2,3018.4,18920.97265625,36444.30859375
66.64610862731934,2,2884.0,18663.89453125,36444.30859375
67.65512561798096,2,1657.1,19011.70703125,37697.30859375
68.66290211677551,2,3297.8,19122.7109375,44865.30859375
69.67053365707397,2,100.2,22721.7265625,44865.30859375
70.67798447608948,2,247.0,22707.9375,44865.30859375
71.68609523773193,2,1491.4,23308.58984375,44871.30859375
72.7052230834961,2,1287.1,24219.39453125,44878.30859375
73.71282482147217,2,880.8,23473.32421875,44878.30859375
74.71990013122559,2,1489.7,26303.59375,44942.30859375
75.72750902175903,2,1110.9,23730.7265625,45001.30859375
76.73609948158264,2,3102.6,19000.91796875,45001.30859375
77.75653052330017,2,4238.3,20690.63671875,45932.30859375
78.76459264755249,2,2166.0,20079.37109375,45932.30859375
79.77383399009705,2,2658.3,19559.82421875,45932.30859375
80.78309631347656,2,4183.3,17604.1640625,45932.30859375
81.801913022995,2,1981.6,19317.94921875,45932.30859375
82.8112120628357,2,3032.7,16991.43359375,45932.30859375
83.816579580307,2,1378.5,17591.3125,45932.30859375
84.82409024238586,2,1163.1,17154.8828125,45932.30859375
85.8423261642456,2,1553.1,8572.28515625,45932.30859375
86.84929990768433,2,986.8,8361.296875,45932.30859375
87.85764956474304,2,197.4,8314.66796875,45932.30859375
88.86550188064575,2,355.7,8130.125,45932.30859375
89.87209248542786,2,1278.0,9408.59375,45932.30859375
90.88071322441101,2,1265.6,14392.53125,45932.30859375
91.89009833335876,2,3107.6,16225.0,45932.30859375
92.9100923538208,2,2812.1,17089.69921875,45932.30859375
93.9285786151886,2,3505.1,16648.09375,45932.30859375
94.93676471710205,2,1485.6,17285.7265625,45932.30859375
95.94444441795349,2,1395.3,19172.8984375,45932.30859375
96.95137095451355,2,99.3,21319.56640625,45932.30859375
97.95908856391907,2,860.5,21351.87109375,45932.30859375
98.96709418296814,2,1294.9,21418.359375,45932.30859375
99.9762966632843,2,1238.0,22136.07421875,45932.30859375
100.98429131507874,2,526.3,23090.1875,45932.30859375
101.99309825897217,2,1565.6,22975.80859375,45932.30859375
103.01142954826355,2,1403.6,18297.8828125,45932.30859375
104.02009630203247,2,4513.0,17550.2421875,45932.30859375
105.03658962249756,2,2276.0,18553.171875,46074.30859375
106.04409098625183,2,2468.6,16097.3671875,46074.30859375
107.06329035758972,2,3683.2,16500.51953125,46074.30859375
108.07033610343933,2,2510.6,17533.21484375,46074.30859375
109.07889175415039,2,1254.6,16605.08984375,46074.30859375
110.08955907821655,2,1725.1,15679.2734375,46074.30859375
111.09644412994385,2,1543.3,15491.4921875,46074.30859375
112.10467076301575,2,1024.0,8654.13671875,46074.30859375
113.1105170249939,2,1114.7,8765.23046875,46074.30859375
114.11708855628967,2,513.4,8494.5546875,46074.30859375
115.12418413162231,2,1234.0,8271.4453125,46074.30859375
116.15310311317444,2,1845.7,10274.015625,46074.30859375
117.17604088783264,2,1393.8,14832.58984375,46074.30859375
118.18264126777649,2,3033.3,15086.6171875,46074.30859375
119.19039011001587,2,3218.1,15868.34765625,46074.30859375
120.19841194152832,2,2275.1,15143.80859375,46084.30859375
121.20716309547424,2,99.3,18851.703125,46084.30859375
122.21421647071838,2,3005.6,19115.3203125,56324.30859375
123.221994638443,2,100.2,22878.3125,56324.30859375
124.22994661331177,2,101.2,26437.9296875,56324.30859375
125.23786330223083,2,100.3,26391.8046875,56324.30859375
126.24492263793945,2,322.4,26286.69140625,56324.30859375
127.25434994697571,2,1463.9,26819.87890625,56324.30859375
128.27347493171692,2,1277.2,27703.62890625,56324.30859375
129.28193020820618,2,872.8,27058.51953125,56324.30859375
130.28897666931152,2,1487.9,29936.40625,56324.30859375
131.29643368721008,2,1138.8,27260.47265625,56324.30859375
132.30360889434814,2,517.5,28859.3203125,56324.30859375
133.31310105323792,2,1634.6,31718.16015625,56324.30859375
134.33277010917664,2,1253.0,34650.6953125,56346.30859375
135.33991408348083,2,1431.9,30772.05859375,56358.30859375
136.34692978858948,2,1081.2,27863.3515625,56358.30859375
137.3540952205658,2,2718.3,19069.13671875,56358.30859375
138.37510323524475,2,4092.2,19938.17578125,56496.30859375
139.39000010490417,2,2319.3,19262.125,56496.30859375
140.39710140228271,2,3478.7,14827.8515625,56496.30859375
141.4170434474945,2,2353.5,16128.71875,56496.30859375
142.43723917007446,2,1524.1,14964.73828125,56496.30859375
143.44908928871155,2,2016.5,14516.359375,56496.30859375
144.46979236602783,2,1318.4,14714.59765625,56496.30859375
145.47552156448364,2,1098.2,7953.09765625,56496.30859375
146.48261952400208,2,1601.0,8682.30859375,56496.30859375
147.4894471168518,2,622.3,8299.71484375,56496.30859375
148.49870038032532,2,1475.2,8083.609375,56496.30859375
149.50665616989136,2,1783.6,10447.45703125,56496.30859375
150.51417517662048,2,1494.0,15276.75,56496.30859375
151.52215814590454,2,2610.4,15224.55859375,56496.30859375
152.52892518043518,2,3219.7,16015.890625,56496.30859375
153.5358386039734,2,2048.7,15497.9375,56496.30859375
154.5441288948059,2,3077.5,16766.88671875,56496.30859375
155.55549669265747,2,110.1,19647.22265625,56496.30859375
156.56361413002014,2,101.3,20186.51953125,56496.30859375
157.57100796699524,2,1383.2,20290.671875,56496.30859375
158.578857421875,2,873.3,21168.32421875,56496.30859375
159.58652687072754,2,1564.9,20281.296875,56496.30859375
160.59358859062195,2,1485.2,23172.65234375,56496.30859375
161.60150718688965,2,879.0,21368.47265625,56496.30859375
162.61010646820068,2,2402.6,16443.8984375,56496.30859375
163.63676571846008,2,3953.0,17589.953125,56496.30859375
164.64371132850647,2,2711.1,17017.37109375,56496.30859375
165.6531023979187,2,3409.2,14588.4921875,56496.30859375
166.67318534851074,2,2494.9,15911.44921875,56496.30859375
167.68434309959412,2,1892.3,14588.39453125,56496.30859375
168.69156289100647,2,1689.6,14356.171875,56496.30859375
169.69888496398926,2,1172.3,14824.5234375,56496.30859375
170.70628905296326,2,1345.7,8482.7890625,57008.31640625
171.71463632583618,2,1598.8,9003.7734375,56496.30859375
172.72103023529053,2,556.2,8367.3515625,56496.30859375
173.7278573513031,2,1539.4,8200.0234375,56496.30859375
174.7360062599182,2,1791.5,10350.22265625,56496.30859375
175.74355697631836,2,1473.2,16565.22265625,56496.30859375
176.75153136253357,2,2590.0,15086.83984375,56496.30859375
177.7584834098816,2,3211.0,15875.77734375,56496.30859375
178.76627349853516,2,2208.6,15182.16015625,56496.30859375
179.77412676811218,2,2667.4,16791.98828125,56496.30859375
180.78342247009277,2,451.6,19420.375,56496.30859375
181.79089498519897,2,101.3,20363.1796875,56496.30859375
182.79810166358948,2,1123.7,20496.22265625,56496.30859375
183.8072383403778,2,1137.0,20673.546875,56496.30859375
184.81420302391052,2,1321.8,20705.83984375,56496.30859375
185.82268047332764,2,750.5,22703.5078125,56496.30859375
186.83273887634277,2,1729.9,21891.2265625,56496.30859375
187.8400902748108,2,1127.9,16460.046875,56496.30859375
188.86016249656677,2,4747.5,16485.07421875,56496.30859375
189.88517689704895,2,2488.4,17103.76953125,56496.30859375
190.90208768844604,2,2741.5,14540.484375,56496.30859375
191.92109632492065,2,3348.1,14576.80859375,56496.30859375
192.93073225021362,2,2412.0,14314.55859375,56496.30859375
193.93809366226196,2,1353.3,15336.40234375,56496.30859375
194.95645546913147,2,1461.6,14298.65234375,56496.30859375
195.96412587165833,2,1832.1,13624.71484375,56496.30859375
196.97067880630493,2,934.7,8764.77734375,56496.30859375
197.97844552993774,2,890.1,8397.44921875,56496.30859375
198.9890899658203,2,1180.4,8233.0859375,56496.30859375
199.99628686904907,2,1176.7,8065.6953125,56496.30859375
201.00420784950256,2,1485.2,12829.1953125,56496.30859375
202.01409912109375,2,2959.6,14679.859375,56496.30859375
203.0309543609619,2,2751.2,15552.0234375,56496.30859375
204.05017566680908,2,2495.9,14620.8828125,56496.30859375
205.05934834480286,2,1723.9,16802.3203125,56496.30859375
206.06860089302063,2,2348.8,17701.5078125,56496.30859375
207.07630825042725,2,100.3,20147.50390625,56496.30859375
208.08348941802979,2,773.6,20315.9921875,56496.30859375
209.0917615890503,2,1243.1,20356.16796875,56496.30859375
210.09809279441833,2,1187.3,20833.29296875,56496.30859375
211.11652493476868,2,723.8,21619.10546875,56496.30859375
212.12360525131226,2,1530.0,22125.44140625,56496.30859375
213.13145565986633,2,1406.2,20510.6796875,56496.30859375
214.1400969028473,2,3880.7,16314.76953125,56496.30859375
215.1603581905365,2,3293.6,17258.51953125,56496.30859375
216.16837787628174,2,2704.2,16661.37109375,56496.30859375
217.17751169204712,2,3424.4,14751.5859375,56496.30859375
218.18473649024963,2,2481.7,15792.95703125,56496.30859375
219.1936798095703,2,1289.6,14959.8515625,56496.30859375
220.2008774280548,2,1534.5,14316.47265625,56496.30859375
221.21042203903198,2,1743.4,14002.859375,56496.30859375
222.21820282936096,2,636.8,8386.0234375,56496.30859375
223.22625541687012,2,1618.1,8727.17578125,56496.30859375
224.23301124572754,2,701.1,8313.421875,56496.30859375
225.2401897907257,2,1522.8,8135.02734375,56496.30859375
226.24733471870422,2,1782.0,10162.234375,56496.30859375
227.2546820640564,2,1354.6,14866.9453125,56496.30859375
228.26235032081604,2,2377.2,14908.47265625,56496.30859375
229.27109098434448,2,3413.9,15600.80078125,56496.30859375
230.2895097732544,2,1760.4,15056.7734375,56496.30859375
231.2977249622345,2,3440.7,16052.70703125,56496.30859375
232.30688428878784,2,705.3,18780.234375,56496.30859375
233.31495356559753,2,100.3,19838.98828125,56496.30859375
234.32226467132568,2,1213.8,20045.25390625,56496.30859375
235.3298327922821,2,1038.1,20421.8203125,56496.30859375
236.33740258216858,2,1416.9,20118.2890625,56496.30859375
237.34599614143372,2,1087.3,22357.18359375,56496.30859375
238.36605072021484,2,1304.0,21804.46875,56496.30859375
239.37410759925842,2,1667.5,16101.36328125,56496.30859375
240.40347933769226,2,3976.6,16990.1953125,56496.30859375
241.41010284423828,2,2770.1,16351.515625,56496.30859375
242.42510080337524,2,3435.8,14035.0703125,56496.30859375
243.4450979232788,2,2486.1,15307.4453125,56496.30859375
244.47010231018066,2,1652.7,14306.35546875,56496.30859375
245.48175859451294,2,1424.6,13910.10546875,56496.30859375
246.49106550216675,2,1493.5,13765.20703125,56496.30859375
247.49740839004517,2,1888.2,8353.12109375,57008.31640625
248.503680229187,2,1609.0,8730.2890625,56496.30859375
249.51108980178833,2,551.3,8306.953125,56496.30859375
250.51774787902832,2,1232.3,8069.76171875,56496.30859375
251.5239963531494,2,1848.5,10024.85546875,56496.30859375
252.53296089172363,2,1594.4,15941.75390625,56496.30859375
253.5541491508484,2,2461.9,14553.953125,56496.30859375
254.56178975105286,2,3207.7,15350.87890625,56496.30859375
255.56906008720398,2,1814.5,14695.703125,56496.30859375
256.5759344100952,2,3060.0,15989.015625,56496.30859375
257.58619356155396,2,2032.2,17529.92578125,56496.30859375
258.5933802127838,2,100.2,19712.640625,56496.30859375
259.60123443603516,2,846.0,19738.54296875,56496.30859375
260.6095700263977,2,1255.3,19790.20703125,56496.30859375
261.6188716888428,2,1285.3,20444.375,56496.30859375
262.6263861656189,2,531.0,21374.98828125,56496.30859375
263.63389015197754,2,1530.3,21743.72265625,56496.30859375
264.64148330688477,2,1474.8,20031.671875,56496.30859375
265.6500985622406,2,3978.5,15879.83203125,56496.30859375
266.670095205307,2,2709.6,16385.8671875,56496.30859375
267.67987751960754,2,2904.8,15180.5078125,56496.30859375
268.6880929470062,2,3227.5,14018.28125,56496.30859375
269.7031319141388,2,2321.4,13746.15625,56496.30859375
270.7107310295105,2,1450.8,14367.27734375,56496.30859375
271.7177622318268,2,1333.7,13908.18359375,56496.30859375
272.7254731655121,2,1814.7,11023.6328125,56496.30859375
273.7340874671936,2,1281.5,8837.30859375,56496.30859375
274.7454254627228,2,621.7,8310.68359375,56496.30859375
275.7522659301758,2,987.3,8244.37109375,57008.33984375
276.75907588005066,2,1401.5,8020.02734375,56496.30859375
277.76441192626953,2,1425.0,11199.015625,56496.30859375
278.7731077671051,2,2707.4,14007.453125,56496.30859375
279.7930290699005,2,2786.1,14884.69140625,56496.30859375
280.81237506866455,2,2155.8,12822.15625,56496.30859375
281.822642326355,2,1968.5,15855.8046875,56496.30859375
282.8331129550934,2,3270.4,16435.80859375,56496.30859375
283.8406035900116,2,100.3,19563.89453125,56496.30859375
284.8475534915924,2,465.6,19551.84765625,56496.30859375
285.854984998703,2,1353.1,20355.625,56496.30859375
286.8622477054596,2,1239.9,21222.5078125,56496.30859375
287.86957001686096,2,881.7,20449.89453125,56496.30859375
288.8767614364624,2,1487.9,23259.109375,56496.30859375
289.8835439682007,2,1111.7,20342.32421875,56496.30859375
290.8910949230194,2,2977.6,15792.890625,56496.30859375
291.91133737564087,2,3502.3,16600.8515625,56496.30859375
292.9190831184387,2,2597.0,15969.140625,56496.30859375
293.93059611320496,2,3336.7,14030.8046875,56496.30859375
294.94109582901,2,2307.5,15087.96484375,56496.30859375
295.9603497982025,2,1403.2,14471.765625,56496.30859375
296.97588062286377,2,1698.4,13626.453125,56496.30859375
297.98269271850586,2,1515.7,13525.48828125,56496.30859375
298.9900758266449,2,915.7,8453.328125,56496.30859375
300.0013403892517,2,1657.2,8690.125,56496.30859375
301.00903058052063,2,645.8,8344.34375,56496.30859375
302.0160975456238,2,1414.2,8115.609375,56496.30859375
303.0430979728699,2,1656.7,10105.84375,56496.30859375
304.05609679222107,2,1566.2,16282.3828125,56496.30859375
305.07609462738037,2,2512.1,14686.8125,56496.30859375
306.0835280418396,2,3202.0,15473.359375,56496.30859375
307.0910084247589,2,1968.7,14652.44921875,56496.30859375
308.0982434749603,2,2824.4,16123.21875,56496.30859375
309.1077084541321,2,1439.7,17893.65234375,56496.30859375
310.1148376464844,2,100.2,19652.87109375,56496.30859375
311.12283539772034,2,922.5,19828.5078125,56496.30859375
312.12986040115356,2,1330.3,19694.68359375,56496.30859375
313.1356508731842,2,1133.8,20667.234375,56496.30859375
314.14375376701355,2,521.7,21557.0703125,56496.30859375
315.1520936489105,2,1610.4,21473.421875,56496.30859375
316.17050337791443,2,1381.3,18425.44921875,56496.30859375
317.1791031360626,2,4278.0,15988.9296875,56496.30859375
318.19709849357605,2,2703.6,16724.9375,56496.30859375
319.21409845352173,2,2782.4,14187.25390625,56496.30859375
320.23339653015137,2,3065.5,14125.80859375,56496.30859375
321.24396777153015,2,2213.6,14114.99609375,56496.30859375
322.2510905265808,2,1597.7,14438.87109375,56496.30859375
323.2642431259155,2,1250.4,14212.50390625,56496.30859375
324.2727122306824,2,1721.1,8798.09375,56496.30859375
325.28028178215027,2,1445.6,8793.82421875,56496.30859375
326.2880516052246,2,703.7,8350.6640625,56496.30859375
327.29419112205505,2,1043.7,8312.4921875,56496.30859375
328.3012363910675,2,1349.6,8035.09765625,56496.30859375
329.3089179992676,2,1416.9,11260.6328125,56496.30859375
330.3161051273346,2,2768.7,14028.25390625,56496.30859375
331.3410930633545,2,2731.4,14889.61328125,56496.30859375
332.3604073524475,2,2185.7,13228.63671875,56496.30859375
333.36730766296387,2,1891.6,15838.75,56496.30859375
334.37763929367065,2,3576.0,16308.66015625,56496.30859375
335.38539838790894,2,100.2,19705.17578125,56496.30859375
336.39408898353577,2,365.3,19650.6640625,56496.30859375
337.40210580825806,2,1448.9,20297.015625,56496.30859375
338.4108610153198,2,1239.7,21136.984375,56496.30859375
339.41836071014404,2,881.2,20356.3671875,56496.30859375
340.42601442337036,2,1461.2,23136.3203125,56496.30859375
341.4333896636963,2,1120.0,20690.328125,56496.30859375
342.4410915374756,2,2688.8,15739.73046875,56496.30859375
343.46109318733215,2,3608.2,16498.51953125,56496.30859375
344.4673981666565,2,2675.4,15942.40234375,56496.30859375
345.4770529270172,2,3263.7,14012.27734375,56496.30859375
346.4850206375122,2,2364.1,15122.5546875,56496.30859375
347.5053403377533,2,1516.7,14518.3984375,56496.30859375
348.51209115982056,2,1265.2,13608.0703125,56496.30859375
349.5210928916931,2,1666.8,13526.38671875,56496.30859375
350.5298466682434,2,955.9,8684.4921875,56496.30859375
351.538281917572,2,1895.2,9402.828125,56496.30859375
352.54501605033875,2,547.3,8395.11328125,56496.30859375
353.5518960952759,2,1579.7,8196.03125,56496.30859375
354.5596776008606,2,1768.0,10355.70703125,56496.30859375
355.568097114563,2,1481.6,17500.5,56496.30859375
356.5882098674774,2,2610.8,15070.66015625,56496.30859375
357.59583139419556,2,3214.9,15816.95703125,56496.30859375
358.60395669937134,2,2135.7,15078.21484375,56496.30859375
359.61248230934143,2,2459.4,16854.72265625,56496.30859375
360.62256026268005,2,651.6,19344.19140625,56496.30859375
361.6293001174927,2,99.3,20410.34765625,56496.30859375
362.6365919113159,2,1211.6,20581.05859375,56496.30859375
363.64274549484253,2,1054.6,20931.95703125,56496.30859375
364.6488411426544,2,1432.8,20616.984375,56496.30859375
365.6570975780487,2,1053.9,22857.1796875,56496.30859375
366.6767485141754,2,1337.3,22104.35546875,56496.30859375
367.68409490585327,2,1628.1,16402.00390625,56496.30859375
368.7085008621216,2,4614.9,17133.87109375,56496.30859375
369.7147204875946,2,2601.8,16936.16796875,56496.30859375
370.7250943183899,2,2757.1,14434.8984375,56496.30859375
371.7447919845581,2,3008.2,14371.85546875,56496.30859375
372.7522916793823,2,2473.8,14319.86328125,56496.30859375
373.76038908958435,2,1388.5,14882.34375,56496.30859375
374.7687032222748,2,1173.4,14443.4921875,56496.30859375
375.7760422229767,2,2048.1,11841.1953125,56496.30859375
376.7827956676483,2,1160.0,8859.25,56496.30859375
377.7905251979828,2,1034.3,9080.9609375,56496.30859375
378.79700684547424,2,768.7,8301.95703125,56496.30859375
379.8039345741272,2,1497.2,8177.34765625,56496.30859375
380.8124511241913,2,1731.3,10374.4765625,56496.30859375
381.8198239803314,2,1290.1,13969.265625,56496.30859375
382.8280951976776,2,2497.4,14890.234375,56496.30859375
383.84660840034485,2,3313.8,14500.38671875,56496.30859375
384.85446405410767,2,1349.0,15489.359375,56496.30859375
385.86254501342773,2,4202.3,15854.94921875,56496.30859375
386.8720555305481,2,382.0,18516.5703125,56496.30859375
387.8797695636749,2,100.3,19335.37109375,56496.30859375
388.88696122169495,2,1291.6,19404.34765625,56496.30859375
389.8951268196106,2,959.1,20142.71484375,56496.30859375
390.9038026332855,2,1469.6,19587.1640625,56496.30859375
391.91110038757324,2,1237.6,21958.25,56496.30859375
392.9307737350464,2,1095.5,21606.3671875,56496.30859375
393.9391014575958,2,1693.8,15876.46484375,56496.30859375
394.96424555778503,2,3833.7,16763.671875,56496.30859375
395.9711036682129,2,2852.9,16230.10546875,56496.30859375
396.98100781440735,2,3332.9,13897.4453125,56496.30859375
398.0023980140686,2,2540.8,15089.05078125,56496.30859375
399.02286648750305,2,1657.2,14157.25,56496.30859375
400.0330581665039,2,1722.0,13794.96875,56496.30859375
401.03996229171753,2,1313.9,13962.375,56496.30859375
402.0461473464966,2,1122.0,7947.96875,56496.30859375
403.05331802368164,2,2112.9,8920.70703125,56496.30859375
404.0609097480774,2,451.0,8227.01953125,56496.30859375
405.06758427619934,2,1093.1,8066.83203125,56496.30859375
406.07389402389526,2,2516.7,11506.10546875,56496.30859375
407.0820994377136,2,983.6,15309.24609375,56496.30859375
408.1021008491516,2,2979.8,17346.953125,56496.30859375
409.1220920085907,2,2703.9,18235.97265625,56496.30859375
410.14073848724365,2,3767.1,18744.3203125,56496.30859375
411.16067337989807,2,1491.8,17474.62109375,56496.30859375
412.1686968803406,2,3396.2,18431.671875,56496.30859375
413.17813444137573,2,1293.8,20364.3359375,56496.30859375
414.18594789505005,2,100.3,21979.7109375,56496.30859375
415.1933641433716,2,917.4,22238.15234375,56496.30859375
416.20162200927734,2,1336.5,22142.6953125,56496.30859375
417.20871210098267,2,1145.7,22715.87890625,56496.30859375
418.2159159183502,2,522.8,24142.85546875,56496.30859375
419.22399830818176,2,1848.8,23917.76953125,56496.30859375
420.2441916465759,2,1163.5,19220.8984375,56496.30859375
421.2521026134491,2,4272.4,18545.109375,56496.30859375
422.27309918403625,2,3205.0,19778.3984375,56508.30859375
423.2932674884796,2,2442.9,19094.33203125,56508.30859375
424.30110239982605,2,3022.3,16595.84375,56508.30859375
425.3210942745209,2,3440.2,17079.58203125,56508.30859375
426.33616304397583,2,2835.3,18404.70703125,56508.30859375
427.3451862335205,2,1481.7,16742.63671875,56508.30859375
428.3550934791565,2,1963.3,16386.8828125,56508.30859375
429.37434220314026,2,1338.5,16629.671875,56508.30859375
430.3806719779968,2,1375.7,8217.8828125,57020.31640625
431.3888511657715,2,2135.5,8309.8125,56508.30859375
432.3967480659485,2,234.3,7903.046875,56508.30859375
433.40380930900574,2,2055.1,11778.9140625,56508.30859375
434.4120955467224,2,1819.1,19579.453125,56508.30859375
435.4230999946594,2,3126.0,16641.01171875,56508.30859375
436.431090593338,2,3113.2,17487.57421875,56508.30859375
437.4461176395416,2,2307.5,16020.0390625,56508.30859375
438.4536271095276,2,1925.9,16978.9921875,56508.30859375
439.4614419937134,2,479.4,18233.15234375,56508.30859375
440.46890902519226,2,1340.5,19121.8984375,56508.30859375
441.4759888648987,2,1215.1,20092.53125,56508.30859375
442.48411321640015,2,1863.8,16541.2734375,56508.30859375
443.51098680496216,2,4359.8,17378.40625,56508.30859375
444.5200979709625,2,2385.2,17480.32421875,56508.30859375
445.53005743026733,2,2949.0,15914.12109375,56508.30859375
446.55110120773315,2,2988.1,16135.3359375,56508.30859375
447.5660910606384,2,2771.6,17729.62890625,56508.30859375
448.5860917568207,2,1345.4,16652.046875,56508.30859375
449.6065709590912,2,1402.4,15805.109375,56508.30859375
450.61339378356934,2,1658.2,15805.546875,56508.30859375
451.6241385936737,2,379.1,8483.60546875,56508.30859375
452.63180685043335,2,2172.9,9221.84375,56508.30859375
453.63964104652405,2,343.0,8634.5390625,56508.30859375
454.6456096172333,2,1050.2,8491.41796875,57020.33984375
455.65509843826294,2,1829.5,8167.54296875,56508.30859375
456.6723039150238,2,3703.3,12545.2421875,56508.30859375
457.67963218688965,2,486.6,17286.0390625,56508.30859375
458.68911147117615,2,3072.0,19884.7578125,56508.30859375
459.71112751960754,2,3087.9,20584.36328125,56508.30859375
460.7190899848938,2,4462.7,20746.14453125,56508.30859375
461.7341556549072,2,2025.3,17658.62109375,56508.30859375
462.7423439025879,2,1577.1,22672.07421875,56996.30859375
463.7491993904114,2,2610.3,24374.6640625,56996.30859375
464.75910687446594,2,3178.2,24083.78515625,56996.30859375
465.7665500640869,2,100.3,27811.19921875,56996.30859375
466.7734034061432,2,102.2,31236.75,56996.30859375
467.78101110458374,2,102.3,31137.21484375,56996.30859375
468.78774189949036,2,347.5,30961.26953125,56996.30859375
469.7948431968689,2,1440.9,31356.3203125,56996.30859375
470.8054840564728,2,1265.5,31937.01953125,56996.30859375
471.81292390823364,2,887.2,31112.078125,56996.30859375
472.8205215930939,2,1487.9,33874.00390625,56996.30859375
473.8286626338959,2,1117.9,31547.0,56996.30859375
474.836834192276,2,528.2,32427.3671875,69284.30859375
475.84409737586975,2,1263.1,35548.59375,69284.30859375
476.8637342453003,2,1665.2,38441.2109375,69284.30859375
477.87073969841003,2,1515.7,34561.953125,69284.30859375
478.87815952301025,2,1100.0,32261.0546875,69284.30859375
479.8861050605774,2,2351.1,23208.15625,69284.30859375
480.9130964279175,2,4750.5,23009.8515625,69284.30859375
481.9333963394165,2,3101.9,24622.44140625,69298.30859375
482.9409530162811,2,2763.4,23824.64453125,69298.30859375
483.94824385643005,2,2845.1,23029.84765625,69298.30859375
484.95710015296936,2,3427.5,18638.7421875,69298.30859375
485.97709488868713,2,3286.3,19110.05859375,69298.30859375
486.9954340457916,2,2811.2,20867.2421875,69298.30859375
488.01635932922363,2,2625.8,18497.05078125,69298.30859375
489.024094581604,2,1604.2,18724.3125,69298.30859375
490.0372133255005,2,1020.8,18644.86328125,69298.30859375
491.0452308654785,2,2155.2,13197.44921875,69298.30859375
492.0530586242676,2,101.2,8795.47265625,70194.30859375
493.06092715263367,2,2165.1,9752.1875,70194.30859375
494.0682363510132,2,464.9,9045.76953125,70194.30859375
495.07494378089905,2,1118.5,9002.5703125,70194.30859375
496.0816648006439,2,1065.9,8928.265625,70194.30859375
497.08832931518555,2,1075.6,8830.86328125,70194.30859375
498.0952117443085,2,994.8,8717.375,70194.30859375
499.10558700561523,2,1111.0,8470.37109375,70194.30859375
500.1120946407318,2,1969.7,8303.0234375,70194.30859375
501.13178515434265,2,3017.4,11425.99609375,70194.30859375
502.13954186439514,2,1776.7,17258.43359375,70194.30859375
503.14646434783936,2,3071.9,16320.953125,70194.30859375
504.1540894508362,2,3560.7,16924.6640625,70194.30859375
505.1722152233124,2,1956.2,14399.88671875,70194.30859375
506.1777617931366,2,1650.8,19482.28515625,70306.30859375
507.1845257282257,2,2376.5,21377.7734375,70306.30859375
508.1949200630188,2,4708.4,21378.08203125,70306.30859375
509.20501041412354,2,4698.0,21378.53515625,70306.30859375
510.2135000228882,2,4750.0,21373.91796875,70306.30859375
511.22232699394226,2,4690.4,21362.3203125,70306.30859375
512.2312564849854,2,2885.9,21172.17578125,70306.30859375
513.2388415336609,2,101.2,24901.16015625,70306.30859375
514.2471179962158,2,100.3,28262.6640625,70306.30859375
515.2544901371002,2,103.2,28137.84375,70306.30859375
516.2620437145233,2,408.4,28014.4453125,70306.30859375
517.2691009044647,2,1412.9,28450.3359375,70306.30859375
518.2776358127594,2,1249.7,28998.69921875,70306.30859375
519.2850172519684,2,870.1,28162.15625,70306.30859375
520.2928876876831,2,1492.4,30802.5859375,70306.30859375
521.3000025749207,2,1111.5,28562.453125,70306.30859375
522.3085606098175,2,528.3,29558.58984375,70306.30859375
523.3160996437073,2,1165.5,32635.5625,70306.30859375
524.3357629776001,2,1763.3,35315.40234375,70306.30859375
525.343457698822,2,1436.5,31353.86328125,70306.30859375
526.3511009216309,2,994.4,28988.08203125,70306.30859375
527.3694667816162,2,1962.9,20082.0,70306.30859375
528.4103584289551,2,4757.5,19850.91015625,70306.30859375
529.4334268569946,2,3617.5,20541.51953125,70306.30859375
530.440092086792,2,2707.9,20038.9609375,70306.30859375
531.4464571475983,2,2751.6,19625.31640625,70306.30859375
532.4541022777557,2,2576.1,15171.35546875,70306.30859375
533.4740936756134,2,3101.9,15321.4453125,70306.30859375
534.4913461208344,2,2293.6,16795.63671875,70306.30859375
535.5018692016602,2,1370.3,15697.609375,70306.30859375
536.5103116035461,2,1732.6,15125.20703125,70306.30859375
537.5168550014496,2,1637.3,14806.390625,70306.30859375
538.5246484279633,2,835.1,7905.53125,71330.30859375
539.533088684082,2,722.0,9770.0625,71330.30859375
540.5480511188507,2,1598.6,10165.85546875,71330.30859375
541.5545210838318,2,966.3,9521.140625,71330.30859375
542.5614976882935,2,1125.2,9449.22265625,71330.30859375
543.5685224533081,2,1010.7,9334.0703125,71330.30859375
544.577709197998,2,1010.4,9264.09375,71330.30859375
545.5853102207184,2,942.1,9195.71484375,71330.30859375
546.594092130661,2,1208.8,8978.25390625,71330.30859375
547.6472148895264,2,475.0,8866.44140625,71330.30859375
548.6534795761108,2,780.2,8717.6796875,71330.30859375
549.6596939563751,2,1595.1,8553.10546875,71330.30859375
550.667102098465,2,1090.1,8434.4296875,71330.30859375
551.6826379299164,2,2006.4,12154.0234375,71330.30859375
552.6894798278809,2,2831.9,13531.15625,71330.30859375
553.6975817680359,2,3202.2,14333.40625,71330.30859375
554.7040920257568,2,1962.0,13605.34375,71330.30859375
555.7273211479187,2,1126.4,18150.5234375,71414.30859375
556.7353961467743,2,3058.1,19396.4140625,71414.30859375
557.7462425231934,2,4704.9,19378.953125,71414.30859375
558.7566006183624,2,4706.4,19355.6953125,71414.30859375
559.7665328979492,2,4700.1,19335.73046875,71414.30859375
560.7763001918793,2,4715.6,19322.68359375,71414.30859375
561.7863690853119,2,4724.0,19308.8046875,71414.30859375
562.795921087265,2,2353.8,19860.62890625,71414.30859375
563.803608417511,2,102.2,23549.48046875,71414.30859375
564.8115813732147,2,102.2,26492.76171875,71414.30859375
565.819244146347,2,102.3,26370.98828125,71414.30859375
566.8261733055115,2,577.4,26211.00390625,71414.30859375
567.83251786232,2,1246.2,26652.8203125,71414.30859375
568.8395745754242,2,1233.1,27121.390625,71414.30859375
569.8475756645203,2,880.8,26157.5234375,71414.30859375
570.855792760849,2,1495.6,28790.0234375,71414.30859375
571.864099740982,2,1107.0,26520.92578125,71414.30859375
572.8713419437408,2,531.8,27339.7734375,71414.30859375
573.8801021575928,2,1070.0,30618.98046875,71414.30859375
574.8997461795807,2,1847.6,33284.02734375,71414.30859375
575.9074983596802,2,1439.1,29253.16796875,71414.30859375
576.9150505065918,2,797.5,27250.0078125,71414.30859375
577.9221012592316,2,1863.2,18006.63671875,71414.30859375
578.9480991363525,2,4758.5,17788.14453125,71414.30859375
579.9586112499237,2,3034.2,18016.90234375,71414.30859375
580.966392993927,2,2610.8,17543.41796875,71414.30859375
581.9745137691498,2,3088.8,17270.9296875,71414.30859375
582.9840981960297,2,2795.3,12917.671875,71414.30859375
584.0041017532349,2,2017.6,14149.96484375,71414.30859375
585.016096830368,2,1688.3,13318.0390625,71414.30859375
586.0231688022614,2,1380.5,13033.51953125,71414.30859375
587.030091047287,2,1499.2,13023.83203125,71414.30859375
588.0482587814331,2,1040.4,7919.734375,71414.30859375
589.0560896396637,2,859.5,9787.12890625,71414.30859375
590.0710866451263,2,1490.3,10127.69140625,71414.30859375
591.0775561332703,2,991.2,9493.515625,71414.30859375
592.0843896865845,2,1118.2,9499.734375,71414.30859375
593.0914084911346,2,1069.3,9391.85546875,71414.30859375
594.0985763072968,2,1013.7,9248.12109375,71414.30859375
595.1058752536774,2,857.8,9172.38671875,71414.30859375
596.1130380630493,2,1199.3,8996.49609375,71414.30859375
597.1202943325043,2,502.1,8882.72265625,71414.30859375
598.1280937194824,2,781.8,8716.73828125,71414.30859375
599.1347572803497,2,1408.9,8597.0546875,71414.30859375
600.1436238288879,2,1441.8,9083.1015625,71414.30859375
601.1540920734406,2,1988.6,12584.41796875,71414.30859375
602.1737067699432,2,2546.7,13780.90234375,71414.30859375
603.1808383464813,2,3197.6,14600.61328125,71414.30859375
604.1880970001221,2,2399.6,14670.37890625,71414.30859375
605.2089121341705,2,564.5,18642.88671875,71470.30859375
606.216744184494,2,3630.9,19458.78125,71470.30859375
607.2248029708862,2,4645.7,19444.109375,71470.30859375
608.2349729537964,2,4684.3,19427.65234375,71470.30859375
609.2449312210083,2,4698.3,19409.03125,71470.30859375
610.254655122757,2,4749.6,19385.0078125,71470.30859375
611.2647485733032,2,4701.5,19367.34765625,71470.30859375
612.2743575572968,2,497.4,20859.7734375,71470.30859375
613.2815306186676,2,101.2,24567.18359375,71470.30859375
614.2896640300751,2,103.2,26036.8515625,71470.30859375
615.2969460487366,2,103.4,25918.63671875,71470.30859375
616.3030951023102,2,1092.3,26070.3046875,71470.30859375
617.3203110694885,2,1154.5,25734.3203125,71470.30859375
618.3270900249481,2,1263.2,25775.55859375,71470.30859375
619.3464243412018,2,573.5,27836.2734375,71470.30859375
620.3560383319855,2,1798.7,26968.07421875,71470.30859375
621.3657176494598,2,1038.9,26041.19921875,71470.30859375
622.3733615875244,2,101.3,28725.16015625,71470.30859375
623.3803250789642,2,2828.4,32101.3046875,71470.30859375
624.3890337944031,2,274.9,29671.4765625,71470.30859375
625.3968155384064,2,1388.0,28019.02734375,71470.30859375
626.4046947956085,2,1480.0,26101.828125,71470.30859375
627.4131093025208,2,3428.4,17806.3984375,71470.30859375
628.43399477005,2,3857.5,18275.52734375,71470.30859375
629.4431669712067,2,2954.7,17921.39453125,71470.30859375
630.4503080844879,2,2887.4,17519.8828125,71470.30859375
631.4585471153259,2,2534.1,15764.53515625,71470.30859375
632.4660930633545,2,2967.7,13234.56640625,71470.30859375
633.4750967025757,2,1928.3,13489.8671875,71470.30859375
634.4958353042603,2,1372.1,14007.703125,71470.30859375
635.504013299942,2,1347.6,13141.23046875,71470.30859375
636.5109176635742,2,1830.4,12830.9140625,71470.30859375
637.5189611911774,2,712.7,8573.93359375,71470.30859375
638.5278134346008,2,102.1,10608.15625,71470.30859375
639.5361626148224,2,2207.9,11566.35546875,71470.30859375
640.5434484481812,2,498.7,11239.828125,71982.33984375
641.5500905513763,2,1024.1,11223.00390625,71470.30859375
642.5568578243256,2,1023.6,11135.9609375,71470.30859375
643.5641548633575,2,723.1,11061.5390625,71470.30859375
644.5723249912262,2,883.5,10957.43359375,71470.30859375
645.5807371139526,2,745.9,10840.5078125,71470.30859375
646.5889568328857,2,1159.9,10724.7734375,71470.30859375
647.5967497825623,2,715.1,10594.9375,71470.30859375
648.6023013591766,2,1138.1,10505.1640625,71470.30859375
649.6101925373077,2,608.4,10414.74609375,71470.30859375
650.6178486347198,2,871.0,10252.2734375,71470.30859375
651.6245892047882,2,1259.7,10086.92578125,71470.30859375
652.6320898532867,2,785.8,9907.2109375,71470.30859375
653.6538994312286,2,575.0,9774.71484375,71470.30859375
654.660799741745,2,1206.3,9657.39453125,71470.30859375
655.6688132286072,2,599.5,9513.11328125,71470.30859375
656.6762583255768,2,1224.2,9347.59765625,71470.30859375
657.6834936141968,2,331.3,9151.10546875,71470.30859375
658.6915969848633,2,1338.4,8881.484375,71470.30859375
659.6987898349762,2,2307.0,10501.95703125,71470.30859375
660.709098815918,2,1296.7,14044.234375,71470.30859375
661.7241089344025,2,3099.7,15818.08203125,71470.30859375
662.7500903606415,2,2781.4,16713.125,71470.30859375
663.7684180736542,2,3112.2,16454.21484375,71470.30859375
664.785099029541,2,3404.7,19251.8828125,73402.30859375
665.8004574775696,2,172.8,23019.29296875,73570.30859375
666.8072109222412,2,99.2,26774.5625,73570.30859375
667.8148050308228,2,3626.9,27599.44921875,73570.30859375
668.823988199234,2,4640.0,27582.47265625,73570.30859375
669.8345191478729,2,4664.6,27571.8203125,73570.30859375
670.8438310623169,2,4741.7,27547.9375,73570.30859375
671.853563785553,2,4755.9,27518.078125,73570.30859375
672.8630435466766,2,4700.1,27507.05859375,73570.30859375
673.8719775676727,2,4255.8,27079.77734375,73570.30859375
674.8797574043274,2,119.1,28126.640625,94050.30859375
675.8874275684357,2,101.2,31844.39453125,94050.30859375
676.895751953125,2,103.3,35452.22265625,94050.30859375
677.9027545452118,2,106.2,39006.16796875,94050.30859375
678.9106736183167,2,107.1,40474.5859375,94050.30859375
679.918717622757,2,107.2,40198.6171875,94050.30859375
680.9266164302826,2,106.3,39896.328125,94050.30859375
681.9333739280701,2,104.3,39656.265625,94050.30859375
682.9402272701263,2,934.9,39660.3984375,94050.30859375
683.9478855133057,2,1330.4,39380.01953125,94050.30859375
684.9574246406555,2,1187.6,40243.1953125,94050.30859375
685.9653301239014,2,539.9,41204.3984375,94050.30859375
686.9730913639069,2,1669.1,41112.7265625,94050.30859375
687.9914009571075,2,1378.8,40078.9296875,94050.30859375
688.99946641922,2,101.1,42770.23828125,94050.30859375
690.007963180542,2,2843.1,46116.73046875,94050.30859375
691.0160195827484,2,242.1,43813.109375,94050.30859375
692.0238456726074,2,1407.3,42302.48828125,94050.30859375
693.0313792228699,2,1506.7,40458.30859375,94050.30859375
694.0389358997345,2,130.0,43094.0625,94050.30859375
695.0465273857117,2,104.3,45797.10546875,94050.30859375
696.0541000366211,2,946.0,50039.625,94050.30859375
697.0740895271301,2,4748.3,53193.671875,94050.30859375
698.0823729038239,2,102.2,54690.26953125,94050.30859375
699.0903322696686,2,245.1,47591.609375,94050.30859375
700.0980081558228,2,2567.2,46504.984375,94050.30859375
701.1061210632324,2,200.5,44397.78125,94050.30859375
702.113694190979,2,1415.1,42130.8203125,94050.30859375
703.1221237182617,2,1512.6,39855.57421875,94050.30859375
704.1301004886627,2,2764.0,23982.3671875,94050.30859375
705.1510939598083,2,4766.7,23700.9609375,94050.30859375
706.1720893383026,2,3954.9,24065.91015625,94050.30859375
707.1786527633667,2,2843.2,23910.8515625,94050.30859375
708.1859958171844,2,3078.2,23692.36328125,94050.30859375
709.1950392723083,2,3146.7,23543.79296875,94050.30859375
710.2040963172913,2,2064.6,15096.625,94050.30859375
711.2233581542969,2,3149.7,15659.33984375,94050.30859375
712.2307188510895,2,2453.8,16706.18359375,94050.30859375
713.2522621154785,2,1321.6,15556.9921875,94050.30859375
714.2605772018433,2,1563.1,15037.1015625,94050.30859375
715.2676246166229,2,1588.0,14794.00390625,94050.30859375
716.2751507759094,2,1382.3,7853.25390625,94050.30859375
717.2830939292908,2,242.7,9947.48046875,94050.30859375
718.2915594577789,2,2090.4,10733.046875,94050.30859375
719.3004150390625,2,800.6,9684.53515625,94562.33984375
720.3071715831757,2,1122.6,9690.1328125,94050.30859375
721.3138058185577,2,1003.1,9666.9375,94050.30859375
722.3206720352173,2,991.2,9553.83203125,94050.30859375
723.330090045929,2,1081.1,9420.625,94050.30859375
724.3562664985657,2,810.6,9343.953125,94050.30859375
725.3640954494476,2,817.0,9218.07421875,94050.30859375
726.3702175617218,2,803.1,9148.890625,94050.30859375
727.3776621818542,2,1014.8,8977.66015625,94050.30859375
728.384708404541,2,840.7,8783.86328125,94050.30859375
729.4020924568176,2,1056.2,8597.94921875,94050.30859375
730.4110271930695,2,1400.7,8594.484375,94050.30859375
731.4240927696228,2,2109.7,12035.95703125,94050.30859375
732.436116695404,2,2401.9,13628.9140625,94050.30859375
733.4436089992523,2,3187.4,14425.51171875,94050.30859375
734.452100276947,2,2369.4,14591.625,94050.30859375
735.4727573394775,2,638.4,18599.55078125,94050.30859375
736.4798040390015,2,99.3,22294.28125,94050.30859375
737.4870095252991,2,3082.9,23556.75,94050.30859375
738.4974520206451,2,4625.5,23518.89453125,94050.30859375
739.5079824924469,2,4595.1,23492.63671875,94050.30859375
740.5181603431702,2,4705.7,23453.58984375,94050.30859375
741.5279846191406,2,4742.8,23416.0078125,94050.30859375
742.5375144481659,2,4728.1,23391.8828125,94050.30859375
743.546856880188,2,3732.3,22431.27734375,94050.30859375
744.5547707080841,2,101.3,26082.84375,94050.30859375
745.5619168281555,2,101.4,29754.8984375,94050.30859375
746.5679755210876,2,102.3,33419.30078125,94050.30859375
747.5745565891266,2,104.3,37016.90234375,94050.30859375
748.5814063549042,2,104.2,37931.40625,94050.30859375
749.5886583328247,2,105.2,37757.9296875,94050.30859375
750.5960285663605,2,105.3,37506.19921875,94050.30859375
751.6027879714966,2,102.3,37356.578125,94050.30859375
752.6100947856903,2,1216.5,37387.88671875,94050.30859375
753.6215727329254,2,1045.7,37755.50390625,94050.30859375
754.6284778118134,2,1377.7,37545.30078125,94050.30859375
755.638100862503,2,1057.6,39885.61328125,94050.30859375
756.6577231884003,2,1383.5,39386.140625,94050.30859375
757.6652724742889,2,885.1,38657.13671875,94050.30859375
758.6730105876923,2,102.2,41400.82421875,94050.30859375
759.6806347370148,2,2854.2,44590.85546875,94050.30859375
760.689092874527,2,465.6,41043.47265625,94050.30859375
761.7088916301727,2,1755.6,39740.94140625,94050.30859375
762.7158989906311,2,872.9,38842.19921875,94050.30859375
763.7228853702545,2,105.2,41359.23828125,94050.30859375
764.7303092479706,2,103.3,44068.8671875,94050.30859375
765.738098859787,2,1569.5,47817.10546875,94050.30859375
766.7586755752563,2,4063.7,51323.69140625,94050.30859375
767.7660591602325,2,102.1,53044.58203125,94050.30859375
768.7744381427765,2,291.9,45747.734375,94050.30859375
769.7816858291626,2,2558.4,44683.375,94050.30859375
770.7889573574066,2,228.3,42563.63671875,94050.30859375
771.7970933914185,2,1602.4,40083.875,94050.30859375
772.8153746128082,2,1283.0,36710.08984375,94050.30859375
773.8231053352356,2,2897.8,21841.421875,94050.30859375
774.8435299396515,2,4288.7,21932.01171875,94050.30859375
775.8488731384277,2,2769.9,21715.515625,94050.30859375
776.8572664260864,2,3261.1,21372.9765625,94050.30859375
777.8667402267456,2,2946.6,21220.91796875,94050.30859375
778.8740966320038,2,2401.1,12876.1640625,94050.30859375
779.895455121994,2,1873.4,13991.91015625,94050.30859375
780.9042041301727,2,1558.4,13202.28515625,94050.30859375
781.9129011631012,2,1465.2,12897.85546875,94050.30859375
782.91961145401,2,1420.5,12920.16796875,94050.30859375
783.9319581985474,2,1188.3,7881.0625,94050.30859375
784.9400956630707,2,783.0,9747.20703125,94050.30859375
785.9491498470306,2,1584.8,10123.87109375,94050.30859375
786.9574398994446,2,924.8,9515.76953125,94050.30859375
787.9642548561096,2,1149.5,9427.77734375,94050.30859375
788.9706845283508,2,1039.3,9339.0625,94050.30859375
789.9771840572357,2,1024.9,9212.93359375,94050.30859375
790.9841320514679,2,745.2,9173.02734375,94050.30859375
791.9918670654297,2,1104.4,8988.4140625,94050.30859375
792.9996721744537,2,672.2,8844.35546875,94050.30859375
794.00674700737,2,973.8,8667.203125,94050.30859375
795.0172057151794,2,1415.4,8404.0390625,94050.30859375
796.0239579677582,2,2294.6,10106.80859375,94050.30859375
797.0311088562012,2,1432.9,13539.8125,94050.30859375
798.0480954647064,2,2796.3,14417.09375,94050.30859375
799.0664591789246,2,3054.4,13843.125,94050.30859375
800.0728590488434,2,2081.7,16509.66015625,94050.30859375
801.080219745636,2,990.0,19458.92578125,94050.30859375
802.090277671814,2,4583.7,19451.94921875,94050.30859375
803.0999934673309,2,4697.4,19431.9296875,94050.30859375
804.1100933551788,2,4619.5,19413.77734375,94050.30859375
805.119961977005,2,4736.0,19398.7578125,94050.30859375
806.1296966075897,2,4771.7,19385.078125,94050.30859375
807.1392374038696,2,3902.7,18967.42578125,94050.30859375
808.1461725234985,2,101.2,22610.51171875,94050.30859375
809.1545634269714,2,101.2,26256.63671875,94050.30859375
810.162190914154,2,104.3,26677.74609375,94050.30859375
811.1690554618835,2,105.2,26496.28125,94050.30859375
812.1766409873962,2,1376.4,26206.625,94050.30859375
813.183657169342,2,893.6,26723.12109375,94050.30859375
814.190771818161,2,1534.6,25702.8828125,94050.30859375
815.200097322464,2,1355.8,27976.09375,94050.30859375
816.217568397522,2,949.4,27444.9921875,94050.30859375
817.2254047393799,2,873.9,26653.640625,94050.30859375
818.2334785461426,2,101.2,29405.06640625,94050.30859375
819.2410368919373,2,2842.2,32608.5625,94050.30859375
820.2490229606628,2,348.3,28960.40234375,94050.30859375
821.268328666687,2,1804.8,27591.89453125,94050.30859375
822.2801222801208,2,934.3,22183.99609375,94050.30859375
823.2890937328339,2,3994.3,17891.26171875,94050.30859375
824.3127660751343,2,3636.5,18270.296875,94050.30859375
825.3220920562744,2,2915.4,17862.19921875,94050.30859375
826.3310830593109,2,2847.4,17538.6015625,94050.30859375
827.3401255607605,2,2249.1,14158.515625,94050.30859375
828.3490917682648,2,2972.9,13161.234375,94050.30859375
829.364004611969,2,1993.3,13622.63671875,94050.30859375
830.3798832893372,2,1291.9,14098.74609375,94050.30859375
831.386905670166,2,1408.9,13163.7578125,94050.30859375
832.3948910236359,2,1885.8,12946.44140625,94050.30859375
833.4018142223358,2,310.7,8792.8046875,94050.30859375
834.4100894927979,2,1899.3,10045.53125,94050.30859375
835.4249701499939,2,760.2,9527.22265625,94050.30859375
836.4312300682068,2,1143.8,9515.69140625,94050.30859375
837.4384069442749,2,1117.3,9458.33984375,94562.33984375
838.4452750682831,2,1044.5,9352.3515625,94050.30859375
839.4553396701813,2,1014.4,9236.63671875,94050.30859375
840.4627659320831,2,931.5,9115.14453125,94050.30859375
841.4697432518005,2,680.0,9080.4765625,94050.30859375
842.4771175384521,2,1016.7,8847.65625,94050.30859375
843.4842584133148,2,1030.6,8725.2265625,94050.30859375
844.4914665222168,2,1171.0,8503.8203125,94050.30859375
845.4991743564606,2,2374.3,10746.51953125,94050.30859375
846.5071012973785,2,1657.5,14391.15234375,94050.30859375
847.5320932865143,2,2784.0,15280.16015625,94050.30859375
848.5505788326263,2,3116.0,15018.078125,94050.30859375
849.5585496425629,2,2383.5,17024.23828125,94050.30859375
850.5667314529419,2,616.9,20279.88671875,94050.30859375
851.5766167640686,2,4679.6,20269.87890625,94050.30859375
852.5873901844025,2,4706.9,20251.79296875,94050.30859375
853.5969676971436,2,4697.3,20239.23828125,94050.30859375
854.6070895195007,2,4686.6,20211.08984375,94050.30859375
855.6165273189545,2,4739.1,20176.12890625,94050.30859375
856.6261024475098,2,3013.0,19708.203125,94050.30859375
857.6329846382141,2,102.2,23360.73046875,94050.30859375
858.6408183574677,2,100.2,26906.71875,94050.30859375
859.6489391326904,2,104.1,26757.22265625,94050.30859375
860.6572303771973,2,342.3,26571.56640625,94050.30859375
861.6650390625,2,1383.6,27003.9765625,94050.30859375
862.6849544048309,2,1331.8,27552.53125,94050.30859375
863.6926288604736,2,871.5,26615.11328125,94050.30859375
864.6999599933624,2,1477.6,29427.15234375,94050.30859375
865.7069609165192,2,1113.2,27157.44140625,94050.30859375
866.7140119075775,2,529.3,28056.0703125,94050.30859375
867.7210528850555,2,797.5,31379.4296875,94050.30859375
868.7418551445007,2,2133.1,33934.08984375,94050.30859375
869.7488083839417,2,1432.5,29897.921875,94050.30859375
870.7567930221558,2,789.7,27851.3671875,94050.30859375
871.7630980014801,2,1573.7,18739.12890625,94050.30859375
872.7859828472137,2,4644.1,18541.3203125,94050.30859375
873.8064160346985,2,3754.6,19043.09765625,94050.30859375
874.81605052948,2,2724.1,18594.16796875,94050.30859375
875.8225724697113,2,2821.5,18255.40234375,94050.30859375
876.8290927410126,2,2347.2,13869.9921875,94050.30859375
877.8483653068542,2,2858.2,13805.234375,94050.30859375
878.8551287651062,2,2175.6,14391.75390625,94050.30859375
879.8898556232452,2,1375.2,14681.9765625,94050.30859375
880.8969264030457,2,1342.5,13786.1640625,94050.30859375
881.9032027721405,2,1606.4,13591.3046875,94050.30859375
882.9110980033875,2,635.3,8616.89453125,94050.30859375
883.9183888435364,2,1801.9,9890.62890625,94050.30859375
884.9256091117859,2,752.1,9510.2265625,94050.30859375
885.9349112510681,2,1136.3,9520.96875,94050.30859375
886.9415686130524,2,1127.9,9457.890625,94050.30859375
887.9495849609375,2,1089.3,9351.69921875,94050.30859375
888.9575684070587,2,1112.2,9233.13671875,94050.30859375
889.9654424190521,2,972.6,9108.28515625,94050.30859375
890.9729714393616,2,601.3,8958.4375,94050.30859375
891.9791495800018,2,765.4,8809.8203125,94050.30859375
892.986424446106,2,1516.3,8568.640625,94050.30859375
893.9934360980988,2,1703.7,9815.9921875,94050.30859375
895.0060932636261,2,1881.6,13270.53515625,94050.30859375
896.0260655879974,2,2826.2,14373.69140625,94050.30859375
897.0341055393219,2,3199.7,15180.9453125,94050.30859375
898.0430934429169,2,1977.1,14571.98828125,94050.30859375
899.0637049674988,2,970.6,18902.83984375,94050.30859375
900.071192741394,2,3194.3,20051.66796875,94050.30859375
901.0814642906189,2,4643.1,20034.60546875,94050.30859375
902.0917994976044,2,4674.1,20004.00390625,94050.30859375
903.1016025543213,2,4668.4,19977.15625,94050.30859375
904.1115708351135,2,4670.8,19963.7734375,94050.30859375
905.1204352378845,2,4447.4,19838.66015625,94050.30859375
906.128612279892,2,112.2,22109.73828125,94050.30859375
907.1360182762146,2,102.2,25758.01171875,94050.30859375
908.1439270973206,2,102.2,26718.07421875,94050.30859375
909.1516478061676,2,104.3,26609.8125,94050.30859375
910.1587467193604,2,1197.4,26578.01171875,94050.30859375
911.1659555435181,2,1033.6,26691.828125,94050.30859375
912.1731247901917,2,1337.7,26302.38671875,94050.30859375
913.1791062355042,2,963.5,28479.27734375,94050.30859375
914.1988341808319,2,1528.9,27767.25,94050.30859375
915.2066473960876,2,880.7,26985.70703125,94050.30859375
916.2137727737427,2,102.2,29707.078125,94050.30859375
917.2216777801514,2,2832.3,32990.25,94050.30859375
918.2293236255646,2,177.6,30722.0546875,94050.30859375
919.2370946407318,2,1724.2,28226.046875,94050.30859375
920.2561421394348,2,1145.3,23607.43359375,94050.30859375
921.2650973796844,2,3938.8,18413.171875,94050.30859375
922.2854616641998,2,3641.6,18869.99609375,94050.30859375
923.2920942306519,2,2915.4,18450.79296875,94050.30859375
924.299843788147,2,3168.1,18164.28125,94050.30859375
925.3061280250549,2,2890.8,17836.6640625,94050.30859375
926.3117570877075,2,2756.2,13902.14453125,94050.30859375
927.3189423084259,2,2091.2,14911.16796875,94050.30859375
928.3357563018799,2,1400.0,14332.1875,94050.30859375
929.3426444530487,2,1550.8,13675.87890625,94050.30859375
930.3516647815704,2,1443.2,13507.73046875,94050.30859375
931.3602488040924,2,699.7,8359.48828125,94050.30859375
932.367833852768,2,1835.8,9859.328125,94050.30859375
933.3744864463806,2,709.3,9917.87109375,94050.30859375
934.3813517093658,2,1042.5,9268.10546875,94050.30859375
935.3883032798767,2,1119.7,9254.05078125,94050.30859375
936.3948528766632,2,1030.8,9141.19921875,94050.30859375
937.4018013477325,2,1061.2,9048.453125,94050.30859375
938.4197092056274,2,1107.1,8874.09375,94050.30859375
939.4267220497131,2,450.4,8751.1875,94050.30859375
940.4347605705261,2,974.3,8602.8515625,94050.30859375
941.4447395801544,2,1394.9,8378.86328125,94050.30859375
942.4519236087799,2,1985.2,10161.64453125,94050.30859375
943.4601061344147,2,2283.4,12877.890625,94050.30859375
944.4720892906189,2,2751.3,13763.796875,94050.30859375
945.488142490387,2,2105.9,12144.4765625,94050.30859375
946.4938867092133,2,1406.6,16819.45703125,94050.30859375
947.5012600421906,2,2520.5,18531.83984375,94050.30859375
948.5114071369171,2,4684.4,18514.7421875,94050.30859375
949.5211021900177,2,4680.8,18483.27734375,94050.30859375
950.5299186706543,2,4681.4,18462.34375,94050.30859375
951.5394036769867,2,4746.6,18437.08203125,94050.30859375
952.5487658977509,2,4672.3,18402.1015625,94050.30859375
953.557694196701,2,517.8,20588.58984375,94050.30859375
954.5657153129578,2,101.3,24250.4921875,94050.30859375
955.5725567340851,2,103.2,25663.53515625,94050.30859375
956.5802042484283,2,103.3,25547.828125,94050.30859375
957.5870373249054,2,1107.1,25745.6171875,94050.30859375
958.5950560569763,2,1152.6,25443.79296875,94050.30859375
959.6060924530029,2,1232.8,25437.74609375,94050.30859375
960.6242341995239,2,524.1,27351.12109375,94050.30859375
961.6350965499878,2,1790.7,26525.22265625,94050.30859375
962.654109954834,2,1135.1,25573.875,94050.30859375
963.6610386371613,2,101.2,28352.12109375,94050.30859375
964.6691629886627,2,2837.1,31634.0625,94050.30859375
965.677592754364,2,205.1,29281.35546875,94050.30859375
966.6870405673981,2,1394.3,27554.33984375,94050.30859375
967.6960988044739,2,1402.0,25871.9296875,94050.30859375
968.7070984840393,2,3065.5,17419.12890625,94050.30859375
969.7273812294006,2,3780.8,17662.48828125,94050.30859375
970.7370982170105,2,2867.3,17268.203125,94050.30859375
971.7453527450562,2,2828.0,17001.3203125,94050.30859375
972.7551035881042,2,2570.4,12671.05078125,94050.30859375
973.7750990390778,2,1954.3,13703.5390625,94050.30859375
974.7852170467377,2,1584.7,13107.5078125,94050.30859375
975.792233467102,2,1422.5,12699.67578125,94050.30859375
976.7990915775299,2,1666.4,12709.7578125,94050.30859375
977.8185737133026,2,1367.4,7951.24609375,94050.30859375
978.8270890712738,2,1726.6,9620.41796875,94050.30859375
979.8433122634888,2,810.6,9552.95703125,94050.30859375
980.8499035835266,2,883.6,8871.62890625,94050.30859375
981.8559982776642,2,1096.7,8818.71484375,94050.30859375
982.8627007007599,2,1049.0,8725.7265625,94050.30859375
983.8693954944611,2,1017.1,8638.2109375,94050.30859375
984.8762495517731,2,797.6,8532.87890625,94050.30859375
985.8830432891846,2,775.8,8399.69921875,94050.30859375
986.8891022205353,2,1757.3,9252.84765625,94050.30859375
987.8985731601715,2,1940.2,13158.5390625,94050.30859375
988.9061913490295,2,2560.7,12924.70703125,94050.30859375
989.9137327671051,2,2718.5,12849.6015625,94050.30859375
990.9212746620178,2,1865.8,14598.79296875,94050.30859375
991.9294316768646,2,878.5,17629.6171875,94050.30859375
992.9402782917023,2,4695.9,17607.4296875,94050.30859375
993.9500818252563,2,4730.5,17585.65625,94050.30859375
994.9598925113678,2,4724.7,17573.6015625,94050.30859375
995.9692649841309,2,4702.1,17549.6953125,94050.30859375
996.9784224033356,2,4548.4,17530.12890625,94050.30859375
997.9873111248016,2,707.6,19414.69140625,94050.30859375
998.9948885440826,2,100.3,23076.67578125,94050.30859375
1000.002188205719,2,100.3,24676.40234375,94050.30859375
1001.0090959072113,2,102.3,24631.60546875,94050.30859375
1002.0160956382751,2,1063.6,24835.05859375,94050.30859375
1003.0343873500824,2,1177.1,24648.9453125,94050.30859375
1004.0418226718903,2,1156.4,24876.73828125,94050.30859375
1005.0475835800171,2,517.4,26405.60546875,94050.30859375
1006.0550944805145,2,1774.8,26118.41796875,94050.30859375
1007.0738041400909,2,1233.2,25073.0234375,94050.30859375
1008.0825107097626,2,101.3,27871.703125,94050.30859375
1009.0896756649017,2,2834.9,31158.546875,94050.30859375
1010.0978412628174,2,187.5,28840.3671875,94050.30859375
1011.1060481071472,2,1394.3,27270.609375,94050.30859375
1012.1144602298737,2,1410.9,25487.03515625,94050.30859375
1013.1250987052917,2,3131.9,17114.53515625,94050.30859375
1014.148430109024,2,3430.5,17279.28515625,94050.30859375
1015.1573040485382,2,2495.5,16878.8671875,94050.30859375
1016.1639506816864,2,2903.1,16501.98828125,94050.30859375
1017.1720974445343,2,2348.5,12361.28125,94050.30859375
1018.187121629715,2,1801.6,12149.87890625,94050.30859375
1019.1928236484528,2,1466.2,12912.80078125,94050.30859375
1020.1995480060577,2,979.2,12424.3125,94050.30859375
1021.2065582275391,2,2213.0,11101.71875,94050.30859375
1022.2140901088715,2,668.8,8987.71484375,94050.30859375
1023.2290606498718,2,1847.7,9516.05859375,94050.30859375
1024.237272977829,2,578.8,8679.28125,94050.30859375
1025.244571685791,2,1126.3,8629.33984375,94050.30859375
1026.2508447170258,2,1174.8,8426.2890625,94050.30859375
1027.2574956417084,2,1750.9,9930.546875,94050.30859375
1028.2685046195984,2,1561.8,13527.7890625,94050.30859375
1029.2756266593933,2,2355.1,18349.2578125,94098.30859375
1030.2827835083008,2,2632.4,19180.22265625,94098.30859375
1031.2900891304016,2,4475.3,19323.33203125,94098.30859375
1032.3082184791565,2,2015.2,16335.5,94098.30859375
1033.3145134449005,2,1067.7,20676.34375,94098.30859375
1034.3213739395142,2,3017.6,21956.4375,94098.30859375
1035.3314678668976,2,3702.2,22236.56640625,94098.30859375
1036.3365256786346,2,100.3,25964.59375,94098.30859375
1037.3439121246338,2,101.2,29692.64453125,94098.30859375
1038.3522171974182,2,101.2,29777.33984375,94098.30859375
1039.3598396778107,2,102.2,29705.5703125,94098.30859375
1040.3674249649048,2,1349.2,30016.4765625,94098.30859375
1041.375097990036,2,1429.9,30635.4765625,94098.30859375
1042.3943920135498,2,990.9,29792.171875,94098.30859375
1043.402497768402,2,1487.3,32561.68359375,94098.30859375
1044.4103198051453,2,1118.0,30278.28125,94098.30859375
1045.4175219535828,2,538.1,31221.94140625,94098.30859375
1046.4251024723053,2,854.0,34531.41796875,94098.30859375
1047.444789648056,2,2058.7,37147.22265625,94098.30859375
1048.4526505470276,2,1439.8,33112.64453125,94098.30859375
1049.4604256153107,2,784.6,31194.33203125,94098.30859375
1050.4691081047058,2,1828.0,21991.06640625,94098.30859375
1051.4960992336273,2,4751.3,21756.13671875,94098.30859375
1052.517096042633,2,3117.6,22947.96484375,94098.30859375
1053.5372886657715,2,2603.3,22284.31640625,94098.30859375
1054.5454983711243,2,3034.3,21568.578125,94098.30859375
1055.5530951023102,2,3769.9,17253.24609375,94098.30859375
1056.5728714466095,2,2071.3,17275.00390625,94098.30859375
1057.581377506256,2,3302.4,18796.33203125,94098.30859375
1058.590091228485,2,1464.7,17983.1015625,94098.30859375
1059.6083722114563,2,1274.5,17168.1796875,94098.30859375
1060.6151669025421,2,1707.8,17023.58203125,94098.30859375
1061.6216189861298,2,730.8,8623.30078125,94098.30859375
1062.6286888122559,2,2269.7,8963.15234375,94098.30859375
1063.6362862586975,2,409.4,8332.60546875,94098.30859375
1064.6426260471344,2,1148.9,8179.8515625,94098.30859375
1065.6488416194916,2,1861.0,10111.9921875,94098.30859375
1066.6580038070679,2,1553.1,15981.90625,94098.30859375
1067.6655974388123,2,2105.9,14770.72265625,94098.30859375
1068.6730918884277,2,3428.1,15461.4921875,94098.30859375
1069.691460609436,2,1499.2,15053.34375,94098.30859375
1070.698528289795,2,3665.0,15829.83203125,94098.30859375
1071.708120584488,2,1075.0,18058.41015625,94098.30859375
1072.7145748138428,2,101.2,19439.95703125,94098.30859375
1073.7219569683075,2,1095.3,19850.02734375,94098.30859375
1074.73091506958,2,1141.9,19729.1171875,94098.30859375
1075.7390954494476,2,1270.3,19949.8125,94098.30859375
1076.7575113773346,2,503.9,21934.14453125,94098.30859375
1077.7680928707123,2,1843.4,21292.15625,94098.30859375
1078.7870028018951,2,1070.7,16860.26953125,94098.30859375
1079.7956023216248,2,4303.8,16396.19140625,94098.30859375
1080.8040652275085,2,2494.9,16224.6015625,94098.30859375
1081.8141071796417,2,3114.0,13858.34375,94098.30859375
1082.8343651294708,2,2662.1,15077.15234375,94098.30859375
1083.84277677536,2,1793.3,13993.9375,94098.30859375
1084.8510241508484,2,1717.0,13768.95703125,94098.30859375
1085.8600935935974,2,1463.5,14148.375,94098.30859375
1086.8783116340637,2,1447.4,8486.5234375,94610.31640625
1087.8860247135162,2,1877.6,8936.44140625,94098.30859375
1088.8941774368286,2,842.8,8331.546875,94098.30859375
1089.9009809494019,2,986.3,8252.93359375,94098.30859375
1090.9081027507782,2,1585.2,9241.2109375,94098.30859375
1091.9201188087463,2,1301.5,12335.6484375,94098.30859375
1092.9280934333801,2,2687.5,13153.57421875,94098.30859375
1093.946459531784,2,2755.9,12498.51953125,94098.30859375
1094.9628512859344,2,1520.9,14344.8984375,94098.30859375
1095.97341299057,2,4077.8,14545.87109375,94098.30859375
1096.9812688827515,2,100.2,18159.89453125,94098.30859375
1097.989135980606,2,101.3,18247.12890625,94098.30859375
1098.995640039444,2,1357.0,18587.37890625,94098.30859375
1100.00297498703,2,1358.3,19476.45703125,94098.30859375
1101.0234925746918,2,1069.7,18539.25,94098.30859375
1102.0311784744263,2,1477.6,21431.44921875,94098.30859375
1103.0382494926453,2,803.1,19448.3359375,94098.30859375
1104.0460934638977,2,2223.2,14366.4140625,94098.30859375
1105.0666844844818,2,3346.0,14533.875,94098.30859375
1106.075096130371,2,2986.1,12233.6328125,94098.30859375
1107.094260931015,2,2607.6,13083.3515625,94098.30859375
1108.1043512821198,2,1363.7,12933.59765625,94098.30859375
1109.1118545532227,2,1541.5,12235.93359375,94098.30859375
1110.118727684021,2,1651.2,12035.3359375,94098.30859375
1111.1298069953918,2,833.1,8763.9609375,94098.30859375
1112.1377828121185,2,2274.1,9056.59375,94098.30859375
1113.1455674171448,2,443.1,8487.41796875,94098.30859375
1114.152117729187,2,1210.6,8317.62109375,94098.30859375
1115.1600949764252,2,1374.9,8857.91015625,94098.30859375
1116.1701114177704,2,1767.9,13274.01953125,94098.30859375
1117.181585073471,2,2952.9,14451.0625,94098.30859375
1118.1900923252106,2,3128.6,15276.9296875,94098.30859375
1119.2051832675934,2,1922.1,14356.46875,94098.30859375
1120.212341785431,2,2151.5,16303.50390625,94098.30859375
1121.222867488861,2,2770.9,17446.24609375,94098.30859375
1122.2301335334778,2,101.2,20176.9921875,94098.30859375
1123.2376816272736,2,663.0,20119.8515625,94098.30859375
1124.24911236763,2,1247.2,20390.40625,94098.30859375
1125.2644882202148,2,1141.6,21508.9140625,94098.30859375
1126.2726430892944,2,881.3,21116.8359375,94098.30859375
1127.2802441120148,2,1468.5,23787.8828125,94098.30859375
1128.2888879776,2,1294.0,20615.125,94098.30859375
1129.298098564148,2,3122.6,16038.73828125,94098.30859375
1130.3183307647705,2,3238.9,16585.7734375,94098.30859375
1131.3249986171722,2,2870.7,16086.57421875,94098.30859375
1132.3340950012207,2,3191.4,14252.6640625,94098.30859375
1133.3420934677124,2,2448.6,15372.765625,94098.30859375
1134.3610889911652,2,1490.9,14724.953125,94098.30859375
1135.379421710968,2,1276.2,13910.12890625,94098.30859375
1136.386473417282,2,1557.0,13657.4921875,94098.30859375
1137.39408993721,2,814.2,8736.99609375,94098.30859375
1138.4091520309448,2,2080.2,9526.703125,94098.30859375
1139.4175550937653,2,633.8,8485.65234375,94610.33984375
1140.42409157753,2,1380.4,8295.34375,94098.30859375
1141.4303815364838,2,1432.0,9919.78515625,94098.30859375
1142.4367589950562,2,1501.3,13290.9375,94098.30859375
1143.4441595077515,2,2360.2,17645.0625,94098.30859375
1144.4692468643188,2,3285.4,18265.54296875,94098.30859375
1145.4770913124084,2,4262.8,18501.76171875,94098.30859375
1146.4861054420471,2,2009.1,16858.51953125,94098.30859375
1147.498732805252,2,2016.2,18886.22265625,94098.30859375
1148.5095891952515,2,3375.9,19189.43359375,94098.30859375
1149.5175611972809,2,99.2,22426.3359375,94098.30859375
1150.5260910987854,2,444.2,22438.390625,94098.30859375
1151.5339381694794,2,1368.2,23195.6640625,94098.30859375
1152.5425140857697,2,1240.6,24039.640625,94098.30859375
1153.5509316921234,2,882.3,23238.3984375,94098.30859375
1154.5584659576416,2,1482.7,26058.7890625,94098.30859375
1155.5660634040833,2,1109.1,23751.65234375,94098.30859375
1156.5741107463837,2,2822.2,18680.546875,94098.30859375
1157.6051030158997,2,4117.4,19533.57421875,94098.30859375
1158.624571800232,2,2402.7,19414.7265625,94098.30859375
1159.6334025859833,2,3003.2,18899.2265625,94098.30859375
1160.6431069374084,2,3949.7,16661.20703125,94098.30859375
1161.6632075309753,2,2136.9,16620.1640625,94098.30859375
1162.671128988266,2,3047.1,17202.52734375,94098.30859375
1163.6910252571106,2,1326.5,17569.91796875,94098.30859375
1164.6988816261292,2,1271.5,16630.84765625,94098.30859375
1165.7071721553802,2,1777.4,15150.71484375,94098.30859375
1166.7160892486572,2,529.8,8849.859375,94098.30859375
1167.730950832367,2,2052.2,9382.3203125,94098.30859375
1168.7380802631378,2,487.4,8543.76171875,94098.30859375
1169.7454097270966,2,1303.3,8345.15234375,94098.30859375
1170.7552678585052,2,1533.7,9911.28515625,94098.30859375
1171.766859292984,2,1338.5,13476.484375,94098.30859375
1172.7761092185974,2,2507.5,17681.3359375,94098.30859375
1173.7947402000427,2,3166.5,18306.1953125,94098.30859375
1174.8030903339386,2,4302.9,18549.06640625,94098.30859375
1175.8186690807343,2,1989.1,16893.16796875,94098.30859375
1176.839738368988,2,2027.7,18964.20703125,94098.30859375
1177.850286245346,2,1356.1,20823.74609375,94098.30859375
1178.8582396507263,2,100.3,22448.3984375,94098.30859375
1179.8660914897919,2,1062.0,22765.09375,94098.30859375
1180.8845393657684,2,1181.2,22636.0859375,94098.30859375
1181.89191031456,2,1162.3,23019.94140625,94098.30859375
1182.897730588913,2,560.0,24676.48828125,94098.30859375
1183.9090929031372,2,1788.6,24185.703125,94098.30859375
1184.9283382892609,2,1178.7,19840.21484375,94098.30859375
1185.9370968341827,2,4405.4,18721.859375,94098.30859375
1186.9580988883972,2,3195.4,19973.4375,94098.30859375
1187.9782090187073,2,2487.1,19338.5,94098.30859375
1188.9871039390564,2,3157.4,16872.79296875,94098.30859375
1190.0069859027863,2,3506.8,17271.23828125,94098.30859375
1191.026489496231,2,2844.7,18627.171875,94098.30859375
1192.041090965271,2,1533.8,17042.640625,94098.30859375
1193.0517942905426,2,1571.1,16657.38671875,94098.30859375
1194.0610873699188,2,1429.1,16639.578125,94098.30859375
1195.076159477234,2,1089.6,8203.29296875,94098.30859375
1196.0850970745087,2,2213.8,8754.203125,94098.30859375
1197.1028938293457,2,548.3,8284.20703125,94098.30859375
1198.1096813678741,2,1183.6,8142.234375,94098.30859375
1199.1167967319489,2,1503.5,11437.72265625,94098.30859375
1200.1261022090912,2,2884.2,13877.859375,94098.30859375
1201.1400911808014,2,2736.4,14742.859375,94098.30859375
1202.1581726074219,2,2153.1,13188.6328125,94098.30859375
1203.1778671741486,2,3022.8,14193.78125,94098.30859375
1204.183217048645,2,101.3,16169.859375,94098.30859375
1205.1899449825287,2,1370.8,16509.671875,94098.30859375
1206.1990971565247,2,1253.7,17503.625,94098.30859375
1207.2199251651764,2,1220.8,14353.6953125,94098.30859375
1208.2266459465027,2,4044.8,15084.13671875,94098.30859375
1209.2343270778656,2,2674.5,14611.890625,94098.30859375
1210.2416651248932,2,3604.8,13558.1015625,94098.30859375
1211.2510933876038,2,2192.3,14806.140625,94098.30859375
1212.2712812423706,2,1543.0,14341.0546875,94098.30859375
1213.2878379821777,2,1233.9,13528.484375,94098.30859375
1214.2944102287292,2,1573.0,13305.66796875,94098.30859375
1215.301488161087,2,1017.3,9709.78515625,94330.8203125
1216.3099527359009,2,956.8,13383.609375,94330.8203125
1217.3185005187988,2,1933.6,17961.07421875,94330.8203125
1218.3260951042175,2,4327.8,17933.21484375,94330.8203125
1219.3471171855927,2,799.8,19625.07421875,94330.8203125
1220.3560869693756,2,4779.9,19517.5625,94330.8203125
1221.374451637268,2,2631.6,19679.73828125,94330.8203125
1222.3820941448212,2,1981.8,16632.66796875,94330.8203125
1223.4043436050415,2,4776.0,17554.15625,94330.8203125
1224.4250919818878,2,4770.9,18353.38671875,94330.8203125
1225.4460880756378,2,4779.9,19129.8984375,94330.8203125
1226.4660906791687,2,4777.5,19892.71484375,94350.8203125
1227.4859821796417,2,4776.6,20600.0546875,94498.8203125
1228.5070905685425,2,4773.5,21221.3359375,94734.8203125
1229.5270128250122,2,4768.4,21857.33984375,95202.8203125
1230.540573835373,2,99.2,25460.36328125,95202.8203125
1231.548888206482,2,99.3,29211.89453125,95202.8203125
1232.5558166503906,2,1955.6,26897.66796875,95202.8203125
1233.563673734665,2,99.4,30531.29296875,95202.8203125
1234.5698328018188,2,101.4,34226.7109375,95202.8203125
1235.5760278701782,2,103.3,37864.25,95202.8203125
1236.5828595161438,2,105.2,41450.50390625,95202.8203125
1237.5903403759003,2,104.3,42111.19140625,95202.8203125
1238.5973136425018,2,106.2,41840.015625,95202.8203125
1239.6044719219208,2,104.3,41648.890625,95202.8203125
1240.6115455627441,2,103.2,41418.1640625,95202.8203125
1241.6189649105072,2,1243.8,41493.1640625,95202.8203125
1242.626369714737,2,1110.2,41584.34375,95202.8203125
1243.6342942714691,2,1236.1,41720.07421875,95202.8203125
1244.643226146698,2,518.3,43378.390625,95202.8203125
1245.650383234024,2,1929.0,43173.15625,95202.8203125
1246.660484790802,2,1187.3,41991.703125,95202.8203125
1247.6668021678925,2,102.2,44678.4140625,95202.8203125
1248.6750984191895,2,2857.6,48069.203125,95202.8203125
1249.693434715271,2,207.0,45791.0703125,95202.8203125
1250.707869052887,2,1427.5,44184.0859375,95202.8203125
1251.720535516739,2,1394.9,42845.86328125,95202.8203125
1252.7280659675598,2,258.0,44917.125,95202.8203125
1253.7357635498047,2,103.2,47581.8203125,95202.8203125
1254.7440934181213,2,380.1,51288.01171875,95202.8203125
1255.754112958908,2,4767.3,52343.0625,95202.8203125
1256.7808027267456,2,632.8,56716.6875,95202.8203125
1257.787756204605,2,102.2,49578.59375,95202.8203125
1258.796118736267,2,2594.9,48359.36328125,95202.8203125
1259.8267211914062,2,287.8,46290.06640625,95202.8203125
1260.8343546390533,2,1385.2,44583.7890625,95202.8203125
1261.8414125442505,2,1432.4,42716.0234375,95202.8203125
1262.8491005897522,2,2401.1,26044.9296875,95202.8203125
1263.8700957298279,2,4763.2,25681.72265625,95202.8203125
1264.889993429184,2,4773.7,25475.1875,95202.8203125
1265.9100844860077,2,4773.9,25260.35546875,95202.8203125
1266.9300858974457,2,4768.4,25049.00390625,95202.8203125
1267.9500863552094,2,4768.0,24914.1796875,95202.8203125
1268.97008395195,2,4761.5,24796.10546875,95202.8203125
1269.9900863170624,2,4776.5,24733.3828125,95202.8203125
1271.0100820064545,2,4771.6,24623.3671875,95202.8203125
1272.0300846099854,2,4770.9,24557.21484375,95202.8203125
1273.0511889457703,2,4778.4,24541.984375,95202.8203125
1274.0700814723969,2,4777.3,24542.046875,95202.8203125
1275.090078830719,2,4773.0,24542.046875,95202.8203125
1276.1100814342499,2,4777.1,24542.046875,95202.8203125
1277.1300823688507,2,4774.8,24542.046875,95202.8203125
1278.1500804424286,2,4777.2,24542.046875,95202.8203125
1279.169004201889,2,4775.4,24542.046875,95202.8203125
1280.1900780200958,2,4771.6,24542.046875,95202.8203125
1281.210081577301,2,4777.0,24521.71484375,95202.8203125
1282.2300825119019,2,4778.6,24485.29296875,95202.8203125
1283.248078584671,2,4776.5,24485.55859375,95202.8203125
1284.267086982727,2,4773.0,24485.671875,95202.8203125
1285.2870807647705,2,4782.0,24485.7421875,95202.8203125
1286.3070795536041,2,4775.4,24486.23828125,95202.8203125
1287.3270823955536,2,4778.6,24486.53125,95202.8203125
1288.3470814228058,2,4781.6,24486.55859375,95202.8203125
1289.366038799286,2,4776.8,24486.63671875,95202.8203125
1290.3860807418823,2,4780.2,24486.73828125,95202.8203125
1291.4060082435608,2,4781.0,24486.7109375,95202.8203125
1292.425140619278,2,3676.9,24486.73828125,95202.8203125
1293.43319773674,2,99.3,24486.73828125,95202.8203125
1294.4400289058685,2,100.3,24486.73828125,95202.8203125
1295.4471108913422,2,99.4,24486.73828125,95202.8203125
1296.453622341156,2,100.3,24486.73828125,95202.8203125
1297.4610979557037,2,1773.6,26422.078125,95202.8203125
1298.4827642440796,2,2807.8,26638.796875,95202.8203125
1299.493089914322,2,4770.5,26592.86328125,95202.8203125
1300.5116152763367,2,2409.4,26342.82421875,95202.8203125
1301.518094778061,2,3864.7,26076.140625,95202.8203125
1302.5381019115448,2,3091.9,25698.80078125,95202.8203125
1303.556091785431,2,3171.7,25365.87890625,95202.8203125
1304.5681011676788,2,3255.6,16995.5,95202.8203125
1305.5891053676605,2,2448.6,18548.3515625,95202.8203125
1306.6099989414215,2,1312.5,17531.5390625,95202.8203125
1307.618093252182,2,1623.5,18783.1328125,95202.8203125
1308.6366386413574,2,1816.7,17285.875,95202.8203125
1309.6472706794739,2,1127.6,18125.84765625,95202.8203125
1310.6550900936127,2,1979.1,17185.12109375,95202.8203125
1311.6733441352844,2,875.3,9220.52734375,95209.32421875
1312.6798329353333,2,924.2,11759.453125,95209.32421875
1313.68718624115,2,2133.7,18353.53125,95209.32421875
1314.696095943451,2,3348.5,18174.46484375,95209.32421875
1315.706908941269,2,2024.6,19340.7421875,95209.32421875
1316.7150883674622,2,3615.1,19946.47265625,95209.32421875
1317.7310919761658,2,2841.7,20937.62890625,95209.32421875
1318.7460412979126,2,2136.0,18100.17578125,95209.32421875
1319.752099275589,2,4408.0,17817.9140625,95209.32421875
1320.774353981018,2,4773.9,18638.76953125,95209.32421875
1321.7962646484375,2,4779.7,19388.84765625,95209.32421875
1322.8170948028564,2,4771.9,20076.55078125,95209.32421875
1323.8380916118622,2,4773.2,20743.03515625,95233.32421875
1324.858080148697,2,4774.9,21385.5859375,95289.32421875
1325.8821697235107,2,4771.5,22106.09765625,95449.32421875
1326.9011719226837,2,1838.6,24615.921875,95553.32421875
1327.9083836078644,2,98.3,28373.7109375,95553.32421875
1328.916130065918,2,1942.7,30548.87109375,95553.32421875
1329.9291939735413,2,111.1,30045.6171875,95553.32421875
1330.936848640442,2,99.3,33811.91015625,95553.32421875
1331.9436812400818,2,104.2,37440.33203125,95553.32421875
1332.9516460895538,2,103.2,41032.203125,95553.32421875
1333.9589364528656,2,107.1,42952.94140625,95553.32421875
1334.967048883438,2,106.2,42679.5625,95553.32421875
1335.9746861457825,2,107.2,42348.6484375,95553.32421875
1336.982305765152,2,104.3,42130.59375,95553.32421875
1337.9892165660858,2,938.8,41962.03125,95553.32421875
1338.9971005916595,2,1224.9,42061.265625,95553.32421875
1340.0101237297058,2,1021.8,42775.51953125,95553.32421875
1341.0190601348877,2,867.1,43065.671875,95553.32421875
1342.029289484024,2,1509.8,45852.27734375,95553.32421875
1343.038656949997,2,1334.1,42547.171875,95553.32421875
1344.0468657016754,2,340.9,44618.8828125,95553.32421875
1345.056101322174,2,2132.2,47206.1640625,95553.32421875
1346.0811591148376,2,805.7,48945.5078125,95553.32421875
1347.0913536548615,2,1544.6,46464.4453125,95553.32421875
1348.100026845932,2,1318.0,43285.76171875,95553.32421875
1349.109120607376,2,358.9,44952.6875,95553.32421875
1350.117749452591,2,105.0,47591.87109375,95553.32421875
1351.127732515335,2,103.0,50342.48046875,95553.32421875
1352.138099193573,2,4590.0,52256.5,95553.32421875
1353.158004283905,2,1116.8,56936.82421875,95553.32421875
1354.1661999225616,2,102.2,53339.52734375,95553.32421875
1355.1741008758545,2,1988.4,48689.125,95553.32421875
1356.1940569877625,2,824.9,50676.87890625,95553.32421875
1357.2013294696808,2,1552.5,46796.91015625,95553.32421875
1358.2087280750275,2,1132.2,43591.96875,95553.32421875
1359.216096162796,2,1658.6,26490.046875,95553.32421875
1360.237093925476,2,4769.1,26162.22265625,95553.32421875
1361.257082939148,2,4779.5,25878.09375,95553.32421875
1362.2770819664001,2,4774.0,25630.44921875,95553.32421875
1363.2970790863037,2,4779.3,25514.1328125,95553.32421875
1364.3159868717194,2,4779.8,25389.4921875,95553.32421875
1365.335902929306,2,4774.4,25197.15625,95553.32421875
1366.3557243347168,2,4780.5,25120.0703125,95553.32421875
1367.375914812088,2,4775.8,24986.40625,95553.32421875
1368.3970799446106,2,4775.5,24986.40625,95553.32421875
1369.4173228740692,2,4775.1,24966.68359375,95553.32421875
1370.4374117851257,2,4776.2,24966.68359375,95553.32421875
1371.4580800533295,2,4774.9,24941.7578125,95553.32421875
1372.4780805110931,2,4779.3,24941.76171875,95553.32421875
1373.4969844818115,2,4779.2,24941.76953125,95553.32421875
1374.5170288085938,2,4777.9,24941.7734375,95553.32421875
1375.5380811691284,2,4778.0,24941.77734375,95553.32421875
1376.5580778121948,2,4774.7,24941.8203125,95553.32421875
1377.5780911445618,2,4774.4,24893.578125,95553.32421875
1378.598078250885,2,4776.1,24885.640625,95553.32421875
1379.6180822849274,2,4783.1,24885.94921875,95553.32421875
1380.638082742691,2,4778.8,24885.3203125,95553.32421875
1381.6580827236176,2,4780.6,24885.734375,95553.32421875
1382.6780853271484,2,4779.3,24885.8671875,95553.32421875
1383.6980831623077,2,4775.9,24885.890625,95553.32421875
1384.7180805206299,2,4774.8,24885.9453125,95553.32421875
1385.7380812168121,2,4780.3,24885.984375,95553.32421875
1386.7580811977386,2,4782.3,24886.0,95553.32421875
1387.7780847549438,2,4779.1,24885.8203125,95553.32421875
1388.7970356941223,2,4781.9,24885.76953125,95553.32421875
1389.8169372081757,2,4365.2,26016.1640625,95553.32421875
1390.8261177539825,2,1381.6,27067.3984375,95553.32421875
1391.834098815918,2,4136.9,27099.41796875,95553.32421875
1392.8529613018036,2,4778.9,27069.828125,95553.32421875
1393.8740916252136,2,1366.0,26556.8671875,95553.32421875
1394.893232345581,2,4434.1,26371.2578125,95553.32421875
1395.9006481170654,2,2758.5,26018.3828125,95553.32421875
1396.908041715622,2,3061.0,24916.62109375,95553.32421875
1397.9152398109436,2,3286.4,17503.4609375,95553.32421875
1398.9224319458008,2,2535.5,18943.52734375,95553.32421875
1399.9365527629852,2,935.1,18182.03125,95553.32421875
1400.9448862075806,2,2214.4,19249.77734375,95553.32421875
1401.9519674777985,2,1539.5,17645.08203125,95553.32421875
1402.9587378501892,2,1381.4,18575.9375,95553.32421875
1403.9649937152863,2,1738.8,17510.54296875,95553.32421875
1404.972098350525,2,920.3,10229.4921875,95553.32421875
1405.9885399341583,2,1379.0,14282.94921875,95553.32421875
1406.9972131252289,2,1858.8,19092.0234375,95553.32421875
1408.0051023960114,2,4586.0,19047.2734375,95553.32421875
1409.0293214321136,2,1179.9,20616.17578125,95553.32421875
1410.0370914936066,2,4435.3,20777.38671875,95553.32421875
1411.0551948547363,2,3966.3,21108.57421875,95553.32421875
1412.0624310970306,2,1699.1,19340.484375,95553.32421875
1413.0720989704132,2,3596.0,18310.16015625,95553.32421875
1414.0910913944244,2,4780.4,19213.234375,95553.32421875
1415.111091852188,2,4769.2,19910.44140625,95553.32421875
1416.1320915222168,2,4777.6,20543.63671875,95553.32421875
1417.1520075798035,2,4778.9,21190.8671875,95581.32421875
1418.17409157753,2,4773.3,21891.546875,95609.32421875
1419.194088459015,2,4776.1,22667.33984375,95641.32421875
1420.2139613628387,2,3484.7,24162.07421875,95869.32421875
1421.2211163043976,2,99.4,27880.47265625,95869.32421875
1422.2285747528076,2,379.5,31416.81640625,95869.32421875
1423.242261171341,2,1730.8,29397.6484375,95869.32421875
1424.2491691112518,2,99.3,33144.10546875,95869.32421875
1425.2565002441406,2,103.2,36775.1484375,95869.32421875
1426.2644484043121,2,103.2,40402.72265625,95869.32421875
1427.272135257721,2,106.2,43761.73046875,95869.32421875
1428.2798047065735,2,105.2,43502.4765625,95869.32421875
1429.2871379852295,2,107.2,43177.828125,95869.32421875
1430.2949061393738,2,105.0,42901.80859375,95869.32421875
1431.304794549942,2,446.7,42651.234375,95869.32421875
1432.314429283142,2,1159.4,42959.6640625,95869.32421875
1433.3244445323944,2,1038.5,43380.375,95869.32421875
1434.3345687389374,2,1445.4,42792.171875,95869.32421875
1435.34468126297,2,446.5,43773.01171875,95869.32421875
1436.3547716140747,2,1588.4,46184.20703125,95869.32421875
1437.367103099823,2,849.9,43854.67578125,95869.32421875
1438.376585483551,2,937.2,43667.3515625,95869.32421875
1439.38814163208,2,101.9,45243.53515625,95869.32421875
1440.3990967273712,2,2065.9,47873.39453125,95869.32421875
1441.4199569225311,2,1023.4,50938.1484375,95869.32421875
1442.4293506145477,2,1450.0,46688.58984375,95869.32421875
1443.4375636577606,2,1081.1,44310.20703125,95869.32421875
1444.4477739334106,2,565.9,45016.50390625,120445.32421875
1445.45490193367,2,103.2,47687.51171875,120445.32421875
1446.4628207683563,2,104.3,50441.171875,120445.32421875
1447.470100402832,2,3473.7,53081.73046875,120445.32421875
1448.4922368526459,2,2231.7,57314.7890625,120445.32421875
1449.5007817745209,2,103.2,58769.4375,120445.32421875
1450.5090963840485,2,939.2,49638.265625,120445.32421875
1451.528261423111,2,1982.3,51143.58203125,120445.32421875
1452.5366401672363,2,1437.2,47178.67578125,120445.32421875
1453.5441408157349,2,1121.1,44665.94921875,120445.32421875
1454.5511765480042,2,942.4,27363.1484375,120445.32421875
1455.5630958080292,2,4758.0,27022.15625,120445.32421875
1456.583089351654,2,4774.1,26718.69921875,120445.32421875
1457.6040875911713,2,4765.1,26516.21875,120445.32421875
1458.6240890026093,2,4771.3,26328.37890625,120445.32421875
1459.6440851688385,2,4772.6,26184.39453125,120445.32421875
1460.6640882492065,2,4769.6,26057.68359375,120445.32421875
1461.6853907108307,2,4769.0,25882.19140625,120445.32421875
1462.706084728241,2,4774.2,25818.63671875,120445.32421875
1463.7260828018188,2,4768.3,25744.3515625,120445.32421875
1464.7460820674896,2,4774.0,25699.453125,120445.32421875
1465.766084909439,2,4774.5,25682.8828125,120445.32421875
1466.7883224487305,2,4779.0,25682.8828125,120445.32421875
1467.807505607605,2,4775.9,25682.88671875,120445.32421875
1468.8270812034607,2,4778.9,25682.88671875,120445.32421875
1469.8460800647736,2,4777.7,25682.88671875,120445.32421875
1470.8650827407837,2,4775.9,25682.88671875,120445.32421875
1471.8850827217102,2,4775.7,25682.88671875,120445.32421875
1472.9050812721252,2,4771.7,25660.26171875,120445.32421875
1473.925081729889,2,4779.2,25660.2890625,120445.32421875
1474.9439988136292,2,4778.8,25632.078125,120445.32421875
1475.9650855064392,2,4775.6,25632.26171875,120445.32421875
1476.985083580017,2,4776.1,25632.59765625,120445.32421875
1478.0050857067108,2,4777.4,25632.96875,120445.32421875
1479.0250823497772,2,4780.8,25633.08203125,120445.32421875
1480.0450851917267,2,4775.7,25633.40234375,120445.32421875
1481.065084695816,2,4776.4,25633.74609375,120445.32421875
1482.085083246231,2,4774.6,25634.09375,120445.32421875
1483.1050825119019,2,4779.0,25634.33984375,120445.32421875
1484.1250829696655,2,4781.4,25634.7109375,120445.32421875
1485.144415140152,2,4134.3,26920.6953125,120445.32421875
1486.1508297920227,2,1280.8,27943.86328125,120445.32421875
1487.1580951213837,2,3907.0,27933.40234375,120445.32421875
1488.1780920028687,2,4775.4,27915.765625,120445.32421875
1489.197467803955,2,1402.6,27430.31640625,120445.32421875
1490.205097436905,2,4410.2,27262.2890625,120445.32421875
1491.224051475525,2,2877.2,26817.4609375,120445.32421875
1492.2377362251282,2,2867.6,26447.50390625,120445.32421875
1493.2449522018433,2,3267.2,18021.37109375,120445.32421875
1494.2661700248718,2,2271.9,19846.359375,120445.32421875
1495.2748749256134,2,2459.9,18411.88671875,120445.32421875
1496.281790971756,2,1191.2,19537.734375,120445.32421875
1497.2892055511475,2,1959.2,19165.7734375,120445.32421875
1498.297259569168,2,1583.5,18672.86328125,120445.32421875
1499.3050889968872,2,1974.5,17892.9296875,120445.32421875
1500.313996553421,2,1331.9,9120.3515625,120445.32421875
1501.321537733078,2,1252.3,11424.34375,120445.32421875
1502.3284873962402,2,1863.1,22051.59765625,120445.32421875
1503.35098195076,2,2439.6,19102.640625,120445.32421875
1504.371250152588,2,3772.9,19328.08203125,120445.32421875
1505.380089521408,2,1733.1,20834.9921875,120445.32421875
1506.398176908493,2,4780.9,20830.625,120445.32421875
1507.4163401126862,2,2641.4,21794.20703125,120445.32421875
1508.436338186264,2,1847.5,17529.94140625,120445.32421875
1509.474093914032,2,4771.4,18802.859375,120445.32421875
1510.495092868805,2,4769.7,19611.17578125,120445.32421875
1511.514953136444,2,4772.0,20393.140625,120445.32421875
1512.5370910167694,2,4778.7,21181.47265625,120445.32421875
1513.557089805603,2,4778.0,21963.98046875,120477.32421875
1514.5770926475525,2,4773.4,22710.62890625,120477.32421875
1515.5980920791626,2,4775.5,23197.59765625,120637.32421875
1516.6183290481567,2,916.4,26223.84375,120637.32421875
1517.6254105567932,2,99.2,29972.125,120637.32421875
1518.633534193039,2,1990.5,28475.68359375,120637.32421875
1519.64080452919,2,99.2,31973.76171875,120637.32421875
1520.6492586135864,2,102.2,35696.9609375,120637.32421875
1521.6572496891022,2,102.2,39314.578125,120637.32421875
1522.6654045581818,2,107.2,42899.44921875,120637.32421875
1523.6732249259949,2,106.2,44081.97265625,120637.32421875
1524.6807584762573,2,108.2,43707.1875,120637.32421875
1525.6879124641418,2,106.2,43380.5625,120637.32421875
1526.6953711509705,2,105.2,43096.3046875,120637.32421875
1527.702789068222,2,1183.3,43144.98046875,120637.32421875
1528.7102100849152,2,985.4,43100.28125,120637.32421875
1529.7188782691956,2,842.3,43803.53515625,120637.32421875
1530.7280578613281,2,793.3,43013.9765625,120637.32421875
1531.7365183830261,2,599.9,44120.94140625,120637.32421875
1532.7433824539185,2,1536.7,46342.1171875,120637.32421875
1533.7520406246185,2,798.5,44760.49609375,120637.32421875
1534.7601611614227,2,899.4,43600.0234375,120637.32421875
1535.7674424648285,2,102.3,46312.6875,120637.32421875
1536.774557352066,2,2924.8,49612.453125,120637.32421875
1537.7828488349915,2,236.3,47266.6015625,120637.32421875
1538.7898983955383,2,1390.1,47070.6015625,120637.32421875
1539.7970938682556,2,1420.0,43823.625,120637.32421875
1540.8083202838898,2,252.1,45958.3359375,120637.32421875
1541.8157181739807,2,104.3,48559.4453125,120637.32421875
1542.8231024742126,2,246.8,51757.828125,120637.32421875
1543.8360948562622,2,4752.0,53001.1171875,120637.32421875
1544.8558084964752,2,828.3,57808.49609375,120637.32421875
1545.8637909889221,2,101.2,52447.53125,120637.32421875
1546.872098684311,2,2268.2,49305.23046875,120637.32421875
1547.8943221569061,2,628.3,49370.453125,120637.32421875
1548.901778459549,2,1434.6,47623.7421875,120637.32421875
1549.9091086387634,2,1290.4,44327.90625,120637.32421875
1550.9170973300934,2,1997.9,27225.94921875,120637.32421875
1551.9380960464478,2,4764.7,26862.48046875,120637.32421875
1552.9580850601196,2,4776.8,26629.203125,120637.32421875
1553.9780840873718,2,4774.3,26432.30078125,120637.32421875
1554.9980857372284,2,4771.3,26262.75,120637.32421875
1556.0180840492249,2,4766.6,26075.46484375,120637.32421875
1557.0370419025421,2,4770.5,25940.1171875,120637.32421875
1558.0580923557281,2,4753.7,25810.62890625,120637.32421875
1559.0790872573853,2,4775.6,25772.26171875,120637.32421875
1560.098083972931,2,4779.0,25699.453125,120637.32421875
1561.1180827617645,2,4773.6,25670.73828125,120637.32421875
1562.1380848884583,2,4777.5,25670.73828125,120637.32421875
1563.158081293106,2,4779.2,25670.73828125,120637.32421875
1564.1780796051025,2,4779.7,25670.73828125,120637.32421875
1565.1980819702148,2,4778.2,25670.80078125,120637.32421875
1566.216965675354,2,4781.1,25670.80078125,120637.32421875
1567.2368173599243,2,4774.0,25670.80078125,120637.32421875
1568.257081270218,2,4777.8,25670.80078125,120637.32421875
1569.2770810127258,2,4776.1,25670.8046875,120637.32421875
1570.2970809936523,2,4775.5,25639.88671875,120637.32421875
1571.3160841464996,2,4779.8,25634.99609375,120637.32421875
1572.335087299347,2,4770.4,25635.36328125,120637.32421875
1573.3550817966461,2,4779.4,25635.39453125,120637.32421875
1574.375081062317,2,4775.9,25635.578125,120637.32421875
1575.3950834274292,2,4780.8,25635.72265625,120637.32421875
1576.4150819778442,2,4777.9,25635.8984375,120637.32421875
1577.4350821971893,2,4775.9,25636.00390625,120637.32421875
1578.4560840129852,2,4781.0,25636.1328125,120637.32421875
1579.4738900661469,2,4783.1,25636.14453125,120637.32421875
1580.4937381744385,2,4777.0,25636.43359375,120637.32421875
1581.512806892395,2,2187.3,27774.30078125,120637.32421875
1582.522094488144,2,2794.9,27902.18359375,120637.32421875
1583.542088508606,2,4793.7,27884.56640625,120637.32421875
1584.5602984428406,2,2470.7,27636.8828125,120637.32421875
1585.568091392517,2,3369.6,27304.82421875,120637.32421875
1586.5865948200226,2,2856.4,26897.67578125,120637.32421875
1587.6030926704407,2,3294.2,26503.125,120637.32421875
1588.6130983829498,2,2922.3,18096.84375,120637.32421875
1589.632964372635,2,2940.4,18183.6640625,120637.32421875
1590.649981021881,2,2652.9,18611.85546875,120637.32421875
1591.667328119278,2,1392.1,19038.59375,120637.32421875
1592.6751232147217,2,1680.7,19884.89453125,120637.32421875
1593.6824598312378,2,1119.0,18632.9453125,120637.32421875
1594.6904733181,2,1712.3,18682.890625,120637.32421875
1595.6967766284943,2,2205.2,15811.640625,120637.32421875
1596.7048802375793,2,409.0,9090.54296875,120688.32421875
1597.7122912406921,2,1022.6,13260.765625,120688.32421875
1598.7205209732056,2,102.3,13208.30078125,120688.32421875
1599.7278294563293,2,102.3,13123.97265625,120688.32421875
1600.734771490097,2,99.3,13098.89453125,120688.32421875
1601.7416400909424,2,101.3,13070.92578125,120688.32421875
1602.748300075531,2,100.3,13027.9765625,120688.32421875
1603.7551898956299,2,101.4,13014.140625,120688.32421875
1604.7615327835083,2,100.3,12987.8203125,120688.32421875
1605.7683289051056,2,100.2,12962.25390625,120688.32421875
1606.7759602069855,2,100.3,12960.44921875,120688.32421875
1607.783046722412,2,99.3,12955.9609375,120688.32421875
1608.7897055149078,2,100.1,12941.41015625,120688.32421875
1609.8001091480255,2,293.8,12867.2578125,120688.32421875
1610.8339281082153,2,2366.0,18616.25,120688.32421875
1611.842190504074,2,101.3,21155.3046875,120688.32421875
1612.8501722812653,2,2674.3,26512.34765625,120688.32421875
1613.8663341999054,2,3974.3,50903.96484375,120744.32421875
1614.8884778022766,2,1618.5,42121.40234375,120744.32421875
1615.8961145877838,2,4066.9,42292.86328125,120744.32421875
1616.9244174957275,2,4734.4,42292.86328125,120744.32421875
1617.9584558010101,2,4735.8,42289.38671875,120744.32421875
1618.9917073249817,2,2610.3,43119.45703125,120744.32421875
1619.9990892410278,2,2966.3,44076.1484375,120744.32421875
1621.0140936374664,2,4783.7,44076.1484375,120744.32421875
1622.0340383052826,2,4775.6,44076.1484375,120744.32421875
1623.056179523468,2,4774.7,44076.1484375,120744.32421875
1624.0744307041168,2,3821.1,44503.97265625,120744.32421875
1625.0822167396545,2,1721.1,42796.15234375,120744.32421875
1626.0941035747528,2,3279.7,39860.828125,120744.32421875
1627.1160922050476,2,4766.5,41886.47265625,121272.32421875
1628.1360924243927,2,4768.7,42862.43359375,121538.32421875
1629.15709066391,2,4767.5,43866.8671875,121918.32421875
1630.1780908107758,2,4773.9,44564.12109375,122074.32421875
1631.1979598999023,2,4777.3,45245.96484375,122478.32421875
1632.2190947532654,2,4771.9,45926.97265625,122866.32421875
1633.238979101181,2,4730.7,46661.06640625,123270.32421875
1634.2602162361145,2,1477.2,49477.0859375,123442.32421875
1635.2674343585968,2,99.2,53255.42578125,123442.32421875
1636.2755811214447,2,100.3,57041.67578125,123442.32421875
1637.28253698349,2,99.3,60826.8203125,123442.32421875
1638.2898979187012,2,1732.8,63277.98046875,123442.32421875
1639.3047318458557,2,1312.4,58477.82421875,164402.32421875
1640.3116269111633,2,102.2,62120.0859375,164402.32421875
1641.319035768509,2,104.2,65698.3125,164402.32421875
1642.3265714645386,2,108.2,69181.41015625,164402.32421875
1643.3344056606293,2,109.2,72652.76953125,164402.32421875
1644.342113018036,2,111.1,75899.47265625,164402.32421875
1645.3501398563385,2,111.2,79093.16796875,164402.32421875
1646.3571383953094,2,109.2,82364.78125,164402.32421875
1647.3645615577698,2,106.0,85626.609375,164402.32421875
1648.3744540214539,2,103.0,87787.9609375,164402.32421875
1649.3837203979492,2,103.9,87420.8515625,164402.32421875
1650.3939943313599,2,104.1,87080.80078125,164402.32421875
1651.4029672145844,2,104.0,86765.1484375,164402.32421875
1652.413003206253,2,101.0,86604.83984375,164402.32421875
1653.4231069087982,2,101.0,86553.24609375,164402.32421875
1654.4326403141022,2,100.0,86553.24609375,164402.32421875
1655.4426259994507,2,99.2,86553.24609375,164402.32421875
1656.4511632919312,2,797.3,86602.73046875,164402.32421875
1657.4609043598175,2,1084.7,86916.6875,164402.32421875
1658.4722945690155,2,1152.1,86946.59765625,164402.32421875
1659.482579946518,2,1006.9,88758.5546875,164402.32421875
1660.492598772049,2,970.7,87236.84765625,164402.32421875
1661.503294467926,2,255.4,88624.3359375,164402.32421875
1662.5134081840515,2,1882.5,90624.2890625,164402.32421875
1663.5248110294342,2,924.2,89093.2109375,164402.32421875
1664.5343408584595,2,924.0,87613.01953125,164402.32421875
1665.5484626293182,2,253.4,88896.140625,164402.32421875
1666.558559179306,2,102.9,91231.06640625,164402.32421875
1667.5690939426422,2,3538.5,94198.7734375,164402.32421875
1668.5773358345032,2,103.1,94187.93359375,164402.32421875
1669.5856637954712,2,1728.2,91451.9140625,164402.32421875
1670.5931146144867,2,812.7,88839.3828125,164402.32421875
1671.600876569748,2,916.7,88689.62890625,164402.32421875
1672.607709646225,2,104.2,90619.1953125,164402.32421875
1673.6153700351715,2,103.2,92725.32421875,164402.32421875
1674.6235027313232,2,105.2,94765.81640625,164402.32421875
1675.631043434143,2,3072.7,97382.64453125,164402.32421875
1676.6507396697998,2,2947.9,101515.75,164402.32421875
1677.6585202217102,2,100.3,103141.8046875,164402.32421875
1678.6655721664429,2,356.0,95698.09375,164402.32421875
1679.673978805542,2,2555.9,94459.50390625,164402.32421875
1680.6830356121063,2,141.2,91959.89453125,164402.32421875
1681.6955785751343,2,1412.4,92354.46484375,164402.32421875
1682.7029566764832,2,1297.3,88799.44921875,164402.32421875
1683.708922624588,2,356.7,89801.875,213554.32421875
1684.7180924415588,2,105.2,91818.30078125,213554.32421875
1685.7260971069336,2,105.2,93909.0859375,213554.32421875
1686.73366189003,2,103.3,96079.421875,213554.32421875
1687.7408740520477,2,102.3,98280.41015625,213554.32421875
1688.7481443881989,2,102.3,100523.7734375,213554.32421875
1689.7551147937775,2,103.0,102646.58984375,213554.32421875
1690.7650997638702,2,3420.4,107234.1171875,213554.32421875
1691.790845632553,2,4725.7,107126.5234375,213554.32421875
1692.8108158111572,2,4412.3,115408.13671875,214366.32421875
1693.8186073303223,2,101.1,116901.24609375,214366.32421875
1694.8270378112793,2,99.3,117845.37890625,214366.32421875
1695.8345129489899,2,102.2,118408.41796875,214366.32421875
1696.842113018036,2,104.1,104515.47265625,214366.32421875
1697.8504042625427,2,362.3,103909.37109375,214366.32421875
1698.8581011295319,2,3779.6,99607.39453125,214366.32421875
1699.8779323101044,2,1356.4,102540.43359375,214366.32421875
1700.8856191635132,2,109.4,103861.8984375,214366.32421875
1701.8920962810516,2,783.2,94576.125,214366.32421875
1702.9117696285248,2,2160.3,95852.890625,214366.32421875
1703.919098854065,2,1160.9,91563.84765625,214366.32421875
1704.9390044212341,2,1037.1,90286.53515625,214366.32421875
1705.9465999603271,2,871.2,81526.50390625,214366.32421875
1706.955096244812,2,293.2,55664.34375,214366.32421875
1707.9750955104828,2,4772.0,55353.2421875,214366.32421875
1708.9960942268372,2,4763.5,55035.14453125,214366.32421875
1710.0180988311768,2,4518.9,54901.06640625,214366.32421875
1711.0423939228058,2,4767.7,54682.1015625,214366.32421875
1712.0640857219696,2,4765.9,54538.65234375,214366.32421875
1713.083978176117,2,4777.3,54469.66015625,214366.32421875
1714.105084180832,2,4769.2,54377.3125,214366.32421875
1715.1249203681946,2,4779.3,54292.49609375,214366.32421875
1716.1460812091827,2,4777.9,54258.44921875,214366.32421875
1717.1660785675049,2,4779.2,54258.44921875,214366.32421875
1718.1860840320587,2,4776.2,54258.51953125,214366.32421875
1719.2060844898224,2,4773.7,54241.03515625,214366.32421875
1720.226080417633,2,4778.4,54241.12109375,214366.32421875
1721.246078968048,2,4776.8,54241.12890625,214366.32421875
1722.2650790214539,2,4782.4,54241.12890625,214366.32421875
1723.2840781211853,2,4776.7,54241.12890625,214366.32421875
1724.3041546344757,2,4776.8,54224.81640625,214366.32421875
1725.3240802288055,2,4778.5,54211.3515625,214366.32421875
1726.3430230617523,2,4776.9,54198.16015625,214366.32421875
1727.3629338741302,2,4780.1,54198.21484375,214366.32421875
1728.3827860355377,2,4780.2,54197.5546875,214366.32421875
1729.4020807743073,2,4778.5,54197.58984375,214366.32421875
1730.4210784435272,2,4778.8,54197.609375,214366.32421875
1731.4400782585144,2,4782.0,54197.62890625,214366.32421875
1732.4590792655945,2,4777.6,54197.66015625,214366.32421875
1733.4780821800232,2,4776.4,54197.69921875,214366.32421875
1734.4979765415192,2,4779.0,54197.48046875,214366.32421875
1735.5170800685883,2,4780.6,54197.4140625,214366.32421875
1736.5360803604126,2,4781.0,54197.4765625,214366.32421875
1737.5558001995087,2,4784.5,54197.5546875,214366.32421875
1738.5750844478607,2,4773.1,54197.5,214366.32421875
1739.5967133045197,2,4778.2,54197.74609375,214366.32421875
1740.6157076358795,2,4782.9,54197.921875,214366.32421875
1741.6355996131897,2,4781.0,54198.19921875,214366.32421875
1742.6554794311523,2,3910.3,60654.98046875,214522.32421875
1743.6761734485626,2,2210.5,61716.7421875,214522.32421875
1744.6841008663177,2,1509.7,61865.8046875,214526.32421875
1745.7010941505432,2,4707.1,61238.1796875,214526.32421875
1746.7198407649994,2,4753.4,61060.94921875,214526.32421875
1747.743198633194,2,2370.4,60659.33203125,214526.32421875
1748.7502851486206,2,717.8,59344.95703125,214526.32421875
1749.7574677467346,2,810.5,57737.734375,214526.32421875
1750.7650945186615,2,4675.0,56982.31640625,214526.32421875
1751.7853026390076,2,1826.8,56449.21484375,214526.32421875
1752.7920892238617,2,2522.9,55820.71484375,214526.32421875
1753.8106608390808,2,2147.8,55243.62109375,214526.32421875
1754.819094657898,2,2756.8,54863.92578125,214526.32421875
1755.8380975723267,2,1963.7,38138.6015625,214526.32421875
1756.8580961227417,2,4769.2,38017.23046875,214526.32421875
1757.8781068325043,2,4755.2,38867.796875,214526.32421875
1758.8884835243225,2,1605.0,40196.67578125,214526.32421875
1759.89643907547,2,1480.3,38841.44921875,214526.32421875
1760.905127286911,2,4761.1,41971.3359375,214526.32421875
1761.9487318992615,2,3542.1,43672.53515625,214526.32421875
1762.9547855854034,2,549.6,39278.9453125,214526.32421875
1763.9630887508392,2,2130.5,40305.18359375,214526.32421875
1764.986233472824,2,1471.6,38771.6015625,214526.32421875
1765.9940948486328,2,1244.3,39570.1328125,214526.32421875
1767.0127432346344,2,1836.6,38729.3203125,214526.32421875
1768.0189576148987,2,656.5,10472.10546875,214526.32421875
1769.0274031162262,2,471.3,9815.3046875,214526.32421875
1770.0351479053497,2,930.2,13283.765625,214526.32421875
1771.0424439907074,2,101.2,13249.734375,214526.32421875
1772.050618171692,2,100.3,13173.35546875,214526.32421875
1773.0573692321777,2,100.2,13163.06640625,214526.32421875
1774.0651903152466,2,101.2,13054.109375,214526.32421875
1775.0727608203888,2,100.3,13026.53515625,214526.32421875
1776.0798075199127,2,101.3,12979.6796875,214526.32421875
1777.086392879486,2,99.3,12966.16015625,214526.32421875
1778.0936245918274,2,100.2,12966.16015625,214526.32421875
1779.101469039917,2,101.2,12934.98046875,214526.32421875
1780.1092329025269,2,99.3,12934.98046875,214526.32421875
1781.1167414188385,2,100.2,12931.9921875,214526.32421875
1782.1251904964447,2,100.1,12926.23828125,214526.32421875
1783.1340126991272,2,677.5,13693.2734375,214526.32421875
1784.1717727184296,2,1970.6,18736.94921875,214526.32421875
1785.17937874794,2,100.3,21186.08984375,214526.32421875
1786.187105178833,2,2834.9,25901.16796875,214526.32421875
1787.202097415924,2,4011.7,52630.75390625,214526.32421875
1788.2223992347717,2,1282.4,43580.52734375,214526.32421875
1789.231127023697,2,3033.5,41932.296875,214526.32421875
1790.2581083774567,2,4742.2,41932.296875,214526.32421875
1791.284128665924,2,4665.4,41932.296875,214526.32421875
1792.3162755966187,2,2707.8,42684.90625,214526.32421875
1793.3240866661072,2,2780.7,43720.60546875,214526.32421875
1794.33909201622,2,4779.3,43720.60546875,214526.32421875
1795.3590910434723,2,4769.7,43720.60546875,214526.32421875
1796.3790893554688,2,4773.2,43720.60546875,214526.32421875
1797.3983626365662,2,4005.0,44073.15625,214526.32421875
1798.4062805175781,2,1705.7,42261.27734375,214526.32421875
1799.4141006469727,2,2706.7,38507.89453125,214526.32421875
1800.4350936412811,2,4766.3,40958.07421875,214934.32421875
1801.455093383789,2,4765.7,42509.00390625,215482.32421875
1802.4760909080505,2,4774.5,43498.890625,215842.32421875
1803.497089624405,2,4770.9,44230.76171875,215898.32421875
1804.518093585968,2,4774.0,44897.66796875,216058.32421875
1805.5380883216858,2,4776.2,45554.91015625,216186.32421875
1806.5590915679932,2,4776.5,46252.0078125,216362.32421875
1807.5791013240814,2,1318.5,49053.58203125,216362.32421875
1808.5869629383087,2,100.2,52712.63671875,216362.32421875
1809.5948750972748,2,99.3,56358.8046875,216362.32421875
1810.6023614406586,2,99.2,60026.5625,216362.32421875
1811.61110830307,2,1247.3,62830.80859375,216362.32421875
1812.6249992847443,2,1743.6,57306.70703125,216362.32421875
1813.632728099823,2,101.3,60703.40234375,216362.32421875
1814.6399166584015,2,104.2,64249.109375,216362.32421875
1815.6479971408844,2,108.1,67807.97265625,216362.32421875
1816.6561040878296,2,109.2,71305.1640625,216362.32421875
1817.6637825965881,2,111.1,74678.50390625,216362.32421875
1818.671868801117,2,110.2,78053.14453125,216362.32421875
1819.6791574954987,2,110.2,81447.3125,216362.32421875
1820.6861844062805,2,106.1,84800.86328125,216362.32421875
1821.6942398548126,2,105.2,87284.9296875,216362.32421875
1822.7019741535187,2,104.1,86981.51171875,216362.32421875
1823.7107682228088,2,104.0,86679.3046875,216362.32421875
1824.7203760147095,2,103.1,86452.4296875,216362.32421875
1825.72949552536,2,102.0,86280.8203125,216362.32421875
1826.7390065193176,2,100.1,86244.49609375,216362.32421875
1827.7477593421936,2,100.1,86235.44921875,216362.32421875
1828.7563977241516,2,99.1,86235.44921875,216362.32421875
1829.7653341293335,2,791.6,86339.90625,216362.32421875
1830.7746653556824,2,1044.3,86704.02734375,216362.32421875
1831.7849290370941,2,1152.7,86655.62890625,216362.32421875
1832.7955887317657,2,993.9,88498.48046875,216362.32421875
1833.8057191371918,2,1015.5,86826.2421875,216362.32421875
1834.8161211013794,2,210.8,88392.5,216362.32421875
1835.8266651630402,2,1815.7,90461.8515625,216362.32421875
1836.837818622589,2,995.0,87991.7890625,216362.32421875
1837.8468368053436,2,1009.3,88084.46484375,216362.32421875
1838.8544278144836,2,101.2,90891.44921875,216362.32421875
1839.8622171878815,2,3388.0,93813.828125,216362.32421875
1840.869590997696,2,178.7,91489.9296875,216362.32421875
1841.8768174648285,2,1517.3,89647.34375,216362.32421875
1842.8891985416412,2,1406.3,88111.01953125,216362.32421875
1843.8982701301575,2,230.2,90463.34765625,216362.32421875
1844.905833721161,2,104.1,93155.625,216362.32421875
1845.9151000976562,2,666.7,97616.34765625,216362.32421875
1846.9350934028625,2,4771.6,99488.1953125,216362.32421875
1847.9554834365845,2,337.6,102296.5546875,216362.32421875
1848.9624116420746,2,366.0,94879.89453125,216362.32421875
1849.970653295517,2,2570.1,93884.5078125,216362.32421875
1850.977635383606,2,184.5,91774.09765625,216362.32421875
1851.985872745514,2,1377.9,90051.73046875,216362.32421875
1852.9940927028656,2,1439.0,88151.50390625,216362.32421875
1854.0008940696716,2,169.8,90425.77734375,216362.32421875
1855.0078206062317,2,104.3,92980.96875,216362.32421875
1856.0147194862366,2,105.1,95619.296875,216362.32421875
1857.023381948471,2,102.2,98349.171875,216362.32421875
1858.031304359436,2,102.2,101070.03125,216362.32421875
1859.0400993824005,2,1366.3,107140.765625,216362.32421875
1860.0600955486298,2,4767.1,107021.6484375,216362.32421875
1861.080093383789,2,4774.0,112942.40625,216362.32421875
1862.1047496795654,2,488.1,116108.64453125,216530.32421875
1863.112735748291,2,99.2,116923.23828125,216530.32421875
1864.1209044456482,2,102.2,117896.609375,216530.32421875
1865.129206418991,2,520.9,102060.60546875,216530.32421875
1866.1380956172943,2,875.9,99564.0859375,216530.32421875
1867.1580867767334,2,4283.5,101049.5,216530.32421875
1868.1663455963135,2,103.2,103169.61328125,216530.32421875
1869.1745748519897,2,358.5,95913.15625,216530.32421875
1870.1814363002777,2,2560.4,94575.7265625,216530.32421875
1871.1891071796417,2,173.7,92230.24609375,216530.32421875
1872.1966228485107,2,1403.1,90259.328125,216530.32421875
1873.2043900489807,2,1428.7,88285.52734375,216530.32421875
1874.2123246192932,2,209.0,55041.70703125,216530.32421875
1875.222098350525,2,4160.8,55128.90234375,216530.32421875
1876.2430942058563,2,4771.3,54778.02734375,216530.32421875
1877.264101266861,2,4773.7,54604.91015625,216530.32421875
1878.2840888500214,2,4768.2,54435.14453125,216530.32421875
1879.3050923347473,2,4764.7,54290.61328125,216530.32421875
1880.326089143753,2,4769.1,54181.83203125,216530.32421875
1881.3460855484009,2,4775.7,54107.32421875,216530.32421875
1882.3670845031738,2,4770.5,53992.90625,216530.32421875
1883.387085199356,2,4777.5,53975.890625,216530.32421875
1884.4070818424225,2,4779.4,53929.16015625,216530.32421875
1885.4270858764648,2,4772.2,53929.16015625,216530.32421875
1886.4470791816711,2,4774.3,53901.10546875,216530.32421875
1887.4660303592682,2,4782.7,53901.10546875,216530.32421875
1888.4859673976898,2,4780.6,53901.109375,216530.32421875
1889.5050811767578,2,4780.6,53901.109375,216530.32421875
1890.524079322815,2,4774.3,53901.109375,216530.32421875
1891.5440847873688,2,4780.1,53901.109375,216530.32421875
1892.5640795230865,2,4774.5,53901.109375,216530.32421875
1893.5830810070038,2,4779.2,53881.92578125,216530.32421875
1894.6033816337585,2,4774.3,53875.71484375,216530.32421875
1895.6235723495483,2,4774.7,53873.13671875,216530.32421875
1896.6440839767456,2,4782.6,53873.32421875,216530.32421875
1897.664083480835,2,4774.3,53873.390625,216530.32421875
1898.68408203125,2,4781.0,53873.43359375,216530.32421875
1899.7029662132263,2,4779.7,53873.4609375,216530.32421875
1900.7220792770386,2,4772.7,53873.48828125,216530.32421875
1901.7420802116394,2,4781.4,53873.54296875,216530.32421875
1902.7609903812408,2,4782.2,53873.52734375,216530.32421875
1903.7808077335358,2,4781.8,53873.46875,216530.32421875
1904.800524711609,2,4778.3,53873.4765625,216530.32421875
1905.820080280304,2,4776.6,53873.52734375,216530.32421875
1906.840081691742,2,4777.2,53873.6328125,216530.32421875
1907.858906507492,2,4781.5,53873.8359375,216530.32421875
1908.878669977188,2,4782.0,53874.421875,216530.32421875
1909.898537158966,2,4239.4,60853.9375,216534.32421875
1910.9069216251373,2,1011.7,61759.11328125,216534.32421875
1911.9140884876251,2,1481.3,61554.21875,216534.32421875
1912.9240844249725,2,4736.2,61115.234375,216534.32421875
1913.9440941810608,2,4752.3,60893.3046875,216534.32421875
1914.96026968956,2,1933.0,60465.79296875,216534.32421875
1915.9674172401428,2,1008.1,59027.63671875,216534.32421875
1916.9760930538177,2,1281.2,57383.8359375,216534.32421875
1917.9946479797363,2,4748.2,56734.8203125,216534.32421875
1919.0053696632385,2,1477.1,56188.1328125,216534.32421875
1920.0140268802643,2,2908.3,55409.97265625,216534.32421875
1921.0310955047607,2,2210.7,54867.828125,216534.32421875
1922.0497286319733,2,2438.8,54481.13671875,216534.32421875
1923.058002948761,2,1293.8,37821.78515625,216534.32421875
1924.0690982341766,2,4768.0,37685.09375,216534.32421875
1925.0895483493805,2,4762.8,38587.3125,216534.32421875
1926.1023845672607,2,1564.0,39818.86328125,216534.32421875
1927.1110956668854,2,1572.0,39807.87890625,216534.32421875
1928.13112449646,2,4763.0,41592.9296875,216534.32421875
1929.1746864318848,2,3307.8,42667.2578125,216534.32421875
1930.1832416057587,2,491.2,39087.8046875,216534.32421875
1931.1909475326538,2,2214.5,40055.80078125,216534.32421875
1932.199259519577,2,1466.0,38403.84375,216534.32421875
1933.2061364650726,2,1380.7,39346.93359375,216534.32421875
1934.2142131328583,2,1658.3,38186.97265625,216534.32421875
1935.2201192378998,2,272.9,10358.78515625,216534.32421875
1936.2278702259064,2,490.8,10761.93359375,216534.32421875
1937.240538597107,2,707.8,11806.4921875,216534.32421875
1938.2478506565094,2,100.3,11733.203125,216534.32421875
1939.2550938129425,2,101.2,11669.7578125,216534.32421875
1940.2626461982727,2,101.2,11616.19921875,216534.32421875
1941.270361661911,2,100.3,11569.65625,216534.32421875
1942.2771682739258,2,101.3,11550.12109375,216534.32421875
1943.284513950348,2,1849.9,14915.9609375,216534.32421875
1944.2932486534119,2,101.1,17307.70703125,216534.32421875
1945.303118467331,2,2927.3,23270.734375,216534.32421875
1946.3205525875092,2,3233.0,44449.59375,216534.32421875
1947.3281087875366,2,967.4,32854.4453125,216534.32421875
1948.3551061153412,2,4745.5,32842.34375,216534.32421875
1949.3814034461975,2,3928.1,32980.66796875,216534.32421875
1950.3890850543976,2,1517.5,34634.34765625,216534.32421875
1951.4040842056274,2,4780.6,34634.34765625,216534.32421875
1952.4190475940704,2,4777.4,34634.34765625,216534.32421875
1953.4391448497772,2,3810.9,35039.56640625,216534.32421875
1954.4463922977448,2,1698.7,33212.15234375,216534.32421875
1955.4551005363464,2,3057.5,31513.2578125,216534.32421875
1956.4760916233063,2,4769.3,32449.54296875,216534.32421875
1957.4981615543365,2,4775.4,33174.0078125,216534.32421875
1958.5180923938751,2,4770.2,33860.80859375,216534.32421875
1959.5390892028809,2,4778.2,34560.93359375,216534.32421875
1960.5590879917145,2,4777.8,35303.890625,216534.32421875
1961.582766532898,2,4773.3,36053.00390625,216622.32421875
1962.6018323898315,2,4364.0,37018.00390625,216742.32421875
1963.6095530986786,2,100.2,40562.15625,216742.32421875
1964.6172993183136,2,99.3,44225.1796875,216742.32421875
1965.6247961521149,2,100.2,47904.34375,216742.32421875
1966.6327974796295,2,99.2,51616.5859375,216742.32421875
1967.6410191059113,2,2631.4,53153.9453125,216742.32421875
1968.6481478214264,2,116.2,50518.30078125,216742.32421875
1969.6550056934357,2,101.3,54022.6328125,216742.32421875
1970.661863565445,2,103.3,57613.91015625,216742.32421875
1971.6687095165253,2,105.2,61067.1171875,216742.32421875
1972.676192998886,2,107.2,64500.59765625,216742.32421875
1973.6836268901825,2,107.3,67855.96875,216742.32421875
1974.6903004646301,2,108.0,71214.98828125,216742.32421875
1975.6998405456543,2,106.0,74630.390625,216742.32421875
1976.7088429927826,2,103.2,78163.0,216742.32421875
1977.7167596817017,2,103.0,79020.65234375,216742.32421875
1978.7263100147247,2,103.0,78857.52734375,216742.32421875
1979.7359828948975,2,102.0,78671.859375,216742.32421875
1980.7461030483246,2,101.0,78515.64453125,216742.32421875
1981.755877494812,2,100.2,78481.73828125,216742.32421875
1982.7643461227417,2,100.1,78477.58984375,216742.32421875
1983.7735295295715,2,99.2,78477.58984375,216742.32421875
1984.7818853855133,2,100.2,78472.60546875,216742.32421875
1985.789912223816,2,537.6,78514.0703125,216742.32421875
1986.8000466823578,2,1281.1,78590.04296875,216742.32421875
1987.81210398674,2,1029.1,78842.7890625,216742.32421875
1988.8213515281677,2,1148.2,80531.0234375,216742.32421875
1989.83070230484,2,1133.8,79072.9375,216742.32421875
1990.839735031128,2,100.0,80681.05859375,216742.32421875
1991.84996509552,2,1831.7,82714.51171875,216742.32421875
1992.8600463867188,2,930.5,81107.25390625,216742.32421875
1993.8702030181885,2,1057.4,79564.19921875,216742.32421875
1994.878342628479,2,102.9,81081.66796875,216742.32421875
1995.8890924453735,2,494.6,84394.87109375,216742.32421875
1996.9097340106964,2,2932.4,86666.99609375,216742.32421875
1997.9200956821442,2,1094.5,82828.48828125,216742.32421875
1998.9452319145203,2,1146.5,81930.5,216742.32421875
1999.9551882743835,2,908.6,80977.4375,216742.32421875
2000.9643824100494,2,104.1,83604.296875,216742.32421875
2001.9731674194336,2,103.1,86293.37890625,216742.32421875
2002.9820988178253,2,2246.4,89709.52734375,216742.32421875
2004.0070645809174,2,3471.1,93433.515625,216742.32421875
2005.0147595405579,2,101.2,95032.0234375,216742.32421875
2006.022789478302,2,267.1,87773.65625,216742.32421875
2007.0299112796783,2,2566.9,86801.39453125,216742.32421875
2008.0380954742432,2,656.1,83261.60546875,216742.32421875
2009.0570514202118,2,1559.5,81978.83203125,216742.32421875
2010.0656654834747,2,869.9,80656.70703125,216742.32421875
2011.0726792812347,2,106.3,83156.4296875,216742.32421875
2012.079488992691,2,106.1,85761.41796875,216742.32421875
2013.0878627300262,2,105.1,88440.21484375,216742.32421875
2014.0966484546661,2,101.2,91264.125,216742.32421875
2015.1041641235352,2,103.1,93986.21875,216742.32421875
2016.1130990982056,2,2584.9,99324.20703125,216742.32421875
2017.135100364685,2,4765.2,99172.98828125,216742.32421875
2018.1549689769745,2,4087.0,107413.59765625,216742.32421875
2019.1624863147736,2,101.2,108577.5,216742.32421875
2020.1707644462585,2,100.2,109695.72265625,216742.32421875
2021.1782660484314,2,101.2,110341.43359375,216742.32421875
2022.1857483386993,2,496.5,94883.65234375,216742.32421875
2023.1931002140045,2,1880.1,91668.65234375,216742.32421875
2024.2129747867584,2,3254.7,93670.0546875,216742.32421875
2025.2201266288757,2,105.2,95568.328125,216742.32421875
2026.2278106212616,2,373.1,88703.9609375,216742.32421875
2027.2355036735535,2,2568.4,87347.29296875,216742.32421875
2028.2440991401672,2,808.7,83547.83203125,216742.32421875
2029.263422012329,2,1457.1,82092.44140625,216742.32421875
2030.271526813507,2,870.4,75829.91796875,216742.32421875
2031.2801015377045,2,1080.7,47456.93359375,216742.32421875
2032.3010981082916,2,4767.5,47076.77734375,216742.32421875
2033.3220930099487,2,4761.3,46825.47265625,216742.32421875
2034.3430886268616,2,4766.5,46596.828125,216742.32421875
2035.3640933036804,2,4770.1,46432.52734375,216742.32421875
2036.3839559555054,2,4772.6,46259.44921875,216742.32421875
2037.404086112976,2,4770.6,46175.5703125,216742.32421875
2038.4240808486938,2,4774.1,46103.68359375,216742.32421875
2039.4440851211548,2,4780.1,46015.7109375,216742.32421875
2040.4640998840332,2,4773.7,45990.8671875,216742.32421875
2041.484082698822,2,4771.6,45977.95703125,216742.32421875
2042.5040831565857,2,4781.3,45977.95703125,216742.32421875
2043.5240831375122,2,4774.3,45977.95703125,216742.32421875
2044.5440814495087,2,4780.4,45977.95703125,216742.32421875
2045.5640797615051,2,4781.4,45977.95703125,216742.32421875
2046.5840802192688,2,4775.4,45977.95703125,216742.32421875
2047.603084564209,2,4777.9,45977.95703125,216742.32421875
2048.623080968857,2,4779.9,45977.984375,216742.32421875
2049.643079996109,2,4773.1,45949.40625,216742.32421875
2050.6630816459656,2,4774.6,45941.2109375,216742.32421875
2051.6830797195435,2,4780.3,45937.29296875,216742.32421875
2052.7030811309814,2,4780.1,45937.40234375,216742.32421875
2053.723082304001,2,4778.1,45937.453125,216742.32421875
2054.74308013916,2,4777.8,45937.4921875,216742.32421875
2055.762080669403,2,4777.7,45937.73046875,216742.32421875
2056.782082080841,2,4784.1,45937.76953125,216742.32421875
2057.8010795116425,2,4776.7,45938.02734375,216742.32421875
2058.820079565048,2,4777.5,45938.23828125,216742.32421875
2059.840082883835,2,4780.4,45938.17578125,216742.32421875
2060.860081911087,2,4785.2,45938.3671875,216742.32421875
2061.8800854682922,2,4777.4,45938.73828125,216742.32421875
2062.9000828266144,2,4777.5,45939.375,216742.32421875
2063.9195506572723,2,3852.7,50064.35546875,216742.32421875
2064.9269938468933,2,1267.2,50835.66015625,216742.32421875
2065.934098482132,2,4615.8,50196.19921875,216742.32421875
2066.9529790878296,2,4770.0,50159.50390625,216742.32421875
2067.9670639038086,2,2160.1,49824.7734375,216742.32421875
2068.975234746933,2,757.0,48782.53125,216742.32421875
2069.982097864151,2,4431.1,48367.83203125,216742.32421875
2071.0008063316345,2,1687.5,47727.6171875,216742.32421875
2072.006411790848,2,3150.9,47175.1015625,216742.32421875
2073.0170962810516,2,2855.4,46737.859375,216742.32421875
2074.0280911922455,2,1375.1,30112.375,216742.32421875
2075.0491032600403,2,4769.9,29945.078125,216742.32421875
2076.0690944194794,2,2511.7,31309.49609375,216742.32421875
2077.087886095047,2,2205.2,33448.0546875,216742.32421875
2078.1082241535187,2,4558.5,34067.09765625,216742.32421875
2079.1157393455505,2,1671.4,30737.55859375,216742.32421875
2080.1232874393463,2,1161.2,31654.23828125,216742.32421875
2081.1309082508087,2,1952.2,31217.72265625,216742.32421875
2082.137988090515,2,1074.6,30921.2265625,216742.32421875
2083.1457850933075,2,1890.3,30086.37109375,216742.32421875
2084.153617620468,2,1141.7,20969.64453125,216742.32421875
2085.1608860492706,2,390.1,9530.30859375,216742.32421875
2086.1682636737823,2,984.5,12191.07421875,216742.32421875
2087.175929069519,2,2375.4,23567.94921875,216742.32421875
2088.18510055542,2,2399.6,19232.2578125,216742.32421875
2089.2040207386017,2,3275.3,19598.17578125,216742.32421875
2090.212090730667,2,2071.6,20927.91796875,216742.32421875
2091.227085351944,2,4779.7,20879.0625,216742.32421875
2092.2420942783356,2,2605.8,21900.4140625,216742.32421875
2093.2611014842987,2,1592.7,17713.65234375,216742.32421875
2094.286091566086,2,4776.7,18873.8046875,216742.32421875
2095.3060920238495,2,4770.9,19570.921875,216742.32421875
2096.327090024948,2,4773.6,20204.25,216742.32421875
2097.3470945358276,2,4769.9,20921.19921875,216742.32421875
2098.367089509964,2,4776.7,21660.3046875,216742.32421875
2099.3880903720856,2,4778.0,22451.953125,216742.32421875
2100.409091234207,2,4769.7,23255.52734375,216742.32421875
2101.428889989853,2,686.7,26389.97265625,216742.32421875
2102.436540365219,2,99.3,30043.796875,216742.32421875
2103.443589925766,2,2018.6,28830.83984375,216742.32421875
2104.451232433319,2,102.3,31021.875,216742.32421875
2105.4585058689117,2,102.3,34526.04296875,216742.32421875
2106.465670108795,2,103.3,38039.71484375,216742.32421875
2107.4726424217224,2,104.3,41525.37109375,216742.32421875
2108.479531764984,2,105.2,43597.39453125,216742.32421875
2109.487097978592,2,106.2,43269.05859375,216742.32421875
2110.494389772415,2,105.2,43081.13671875,216742.32421875
2111.5015394687653,2,105.3,42766.1875,216742.32421875
2112.508629798889,2,754.5,42718.47265625,216742.32421875
2113.5190954208374,2,1312.5,43159.23046875,216742.32421875
2114.5389034748077,2,659.8,42981.98046875,216742.32421875
2115.55286693573,2,1302.5,43291.94140625,216742.32421875
2116.5623643398285,2,616.3,44181.5,216742.32421875
2117.5716960430145,2,1625.8,46404.57421875,216742.32421875
2118.581687450409,2,868.6,44014.6328125,216742.32421875
2119.59135723114,2,936.4,43780.6484375,216742.32421875
2120.6026570796967,2,102.0,45610.53125,216742.32421875
2121.6130917072296,2,2485.1,47937.5,216742.32421875
2122.6335866451263,2,692.6,50016.6640625,216742.32421875
2123.6412909030914,2,1478.9,47066.25390625,216742.32421875
2124.64949798584,2,1116.8,44620.27734375,216742.32421875
2125.657794713974,2,537.3,44628.32421875,216742.32421875
2126.6665782928467,2,104.2,46849.63671875,216742.32421875
2127.674561023712,2,104.2,49506.01953125,216742.32421875
2128.683098554611,2,1854.3,53168.0390625,216742.32421875
2129.702871799469,2,3897.8,56867.0390625,216742.32421875
2130.710293531418,2,101.2,58460.75,216742.32421875
2131.718599796295,2,361.4,50850.16796875,216742.32421875
2132.725722551346,2,2556.3,49800.859375,216742.32421875
2133.7345807552338,2,242.0,47599.57421875,216742.32421875
2134.7427973747253,2,1389.4,45770.84765625,216742.32421875
2135.750412464142,2,1345.7,44037.75390625,216742.32421875
2136.7580559253693,2,1149.1,27230.65234375,216742.32421875
2137.7790915966034,2,4767.6,26935.7265625,216742.32421875
2138.798905849457,2,4770.5,26666.640625,216742.32421875
2139.820090532303,2,4765.5,26513.0625,216742.32421875
2140.8390884399414,2,4771.6,26389.8359375,216742.32421875
2141.859086751938,2,4773.8,26304.42578125,216742.32421875
2142.879081964493,2,4764.5,26063.93359375,216742.32421875
2143.8990836143494,2,4771.0,25972.53125,216742.32421875
2144.919080734253,2,4777.8,25926.9609375,216742.32421875
2145.9379239082336,2,4775.6,25850.47265625,216742.32421875
2146.9576992988586,2,4782.6,25850.47265625,216742.32421875
2147.9774577617645,2,4770.6,25820.7578125,216742.32421875
2148.9970800876617,2,4775.8,25803.59375,216742.32421875
2150.0160813331604,2,4773.0,25784.375,216742.32421875
2151.0350790023804,2,4776.1,25784.41015625,216742.32421875
2152.0540182590485,2,4779.1,25784.43359375,216742.32421875
2153.0736768245697,2,4773.2,25784.44140625,216742.32421875
2154.0939631462097,2,4775.6,25784.55859375,216742.32421875
2155.113080263138,2,4775.3,25784.58984375,216742.32421875
2156.1320819854736,2,4779.2,25765.12109375,216742.32421875
2157.1510808467865,2,4779.2,25765.16015625,216742.32421875
2158.1700870990753,2,4773.0,25764.078125,216742.32421875
2159.1900832653046,2,4781.9,25763.3828125,216742.32421875
2160.2100830078125,2,4777.5,25763.47265625,216742.32421875
2161.228837490082,2,4781.7,25763.65234375,216742.32421875
2162.2485642433167,2,4782.8,25764.09765625,216742.32421875
2163.2684876918793,2,4767.8,25764.46484375,216742.32421875
2164.289081811905,2,4779.9,25764.6640625,216742.32421875
2165.3090827465057,2,4783.6,25765.3046875,216742.32421875
2166.327031135559,2,4761.2,27081.12890625,216742.32421875
2167.3422207832336,2,1637.7,27962.9296875,216742.32421875
2168.3510959148407,2,3147.2,28082.36328125,216742.32421875
2169.371091604233,2,4774.9,28078.5546875,216742.32421875
2170.390862226486,2,1864.8,27671.1875,216742.32421875
2171.3990952968597,2,3912.8,27344.984375,216742.32421875
2172.4190962314606,2,2895.9,26935.5,216742.32421875
2173.438229084015,2,3017.8,26543.15625,216742.32421875
2174.4460985660553,2,2638.2,18153.78515625,216742.32421875
2175.4659383296967,2,2702.2,18297.6953125,216742.32421875
2176.4725184440613,2,2624.9,18639.3203125,216742.32421875
2177.4813072681427,2,1350.4,19143.9375,216742.32421875
2178.4898426532745,2,1684.5,20370.35546875,216742.32421875
2179.4967200756073,2,1246.0,18750.375,216742.32421875
2180.503895044327,2,1534.4,19033.15234375,216742.32421875
2181.511479616165,2,1317.4,13360.9921875,216742.32421875
2182.519509792328,2,774.2,10399.2109375,216742.32421875
2183.5269963741302,2,1347.2,14726.8828125,216742.32421875
2184.53511762619,2,4570.6,14708.4453125,216742.32421875
2185.556088924408,2,683.8,16461.328125,216742.32421875
2186.572000980377,2,4159.7,16701.45703125,216742.32421875
2187.579027891159,2,1699.2,15053.18359375,216742.32421875
2188.587101459503,2,3356.0,14137.61328125,216742.32421875
2189.608092069626,2,4778.6,14930.29296875,216742.32421875
2190.628096818924,2,4766.4,15716.625,216742.32421875
2191.647953271866,2,4775.5,16533.91796875,216742.32421875
2192.668089389801,2,4778.3,17348.9296875,216742.32421875
2193.6880905628204,2,4770.8,18158.19140625,216742.32421875
2194.7079849243164,2,4658.9,19005.60546875,216742.32421875
2195.7163257598877,2,100.2,22483.359375,216742.32421875
2196.7243177890778,2,99.3,26039.41796875,216742.32421875
2197.730963945389,2,1845.3,24280.0625,216742.32421875
2198.738850593567,2,99.2,27716.62890625,216742.32421875
2199.7464475631714,2,102.3,31333.5859375,216742.32421875
2200.7535960674286,2,103.2,34827.421875,216742.32421875
2201.7613201141357,2,104.2,38295.82421875,216742.32421875
2202.768981218338,2,105.2,39672.3828125,216742.32421875
2203.7769577503204,2,105.1,39385.5703125,216742.32421875
2204.7850334644318,2,105.1,39121.90625,216742.32421875
2205.793617248535,2,103.3,38921.98046875,216742.32421875
2206.8004081249237,2,995.0,38963.734375,216742.32421875
2207.8084120750427,2,1044.5,39584.12109375,216742.32421875
2208.816591024399,2,635.6,39391.734375,216742.32421875
2209.8251230716705,2,1228.4,39494.2890625,216742.32421875
2210.8328759670258,2,593.9,39819.51171875,216742.32421875
2211.8397896289825,2,1573.3,42654.7265625,216742.32421875
2212.847220182419,2,1181.5,39931.15625,216742.32421875
2213.8561084270477,2,567.2,41080.2109375,216742.32421875
2214.865089893341,2,1144.4,44248.3515625,216742.32421875
2215.8834800720215,2,1941.7,46807.7578125,216742.32421875
2216.892102241516,2,1495.1,42644.5703125,216742.32421875
2217.9051756858826,2,809.4,41781.1875,216742.32421875
2218.9121210575104,2,944.7,40707.82421875,216742.32421875
2219.919836997986,2,104.2,43318.859375,216742.32421875
2220.927354335785,2,104.2,45957.984375,216742.32421875
2221.936091899872,2,2061.5,49441.9765625,216742.32421875
2222.9542043209076,2,3763.5,53113.83203125,216742.32421875
2223.9611251354218,2,102.3,54672.13671875,216742.32421875
2224.9682760238647,2,372.1,46890.6875,216742.32421875
2225.975982427597,2,2562.5,45830.35546875,216742.32421875
2226.984381914139,2,242.1,43623.12890625,216742.32421875
2227.992283344269,2,1338.4,42154.37890625,216742.32421875
2228.9994328022003,2,1304.0,40368.00390625,216742.32421875
2230.008096933365,2,969.1,23282.3671875,216742.32421875
2231.0290863513947,2,4767.2,22995.28515625,216742.32421875
2232.047898054123,2,4780.6,22707.296875,216742.32421875
2233.069080591202,2,4775.6,22575.140625,216742.32421875
2234.088021993637,2,4771.4,22393.125,216742.32421875
2235.108080625534,2,4781.3,22312.8671875,216742.32421875
2236.127081155777,2,4776.6,22137.89453125,216742.32421875
2237.14608001709,2,4780.6,22093.92578125,216742.32421875
2238.165079832077,2,4779.9,21994.2421875,216742.32421875
2239.1840813159943,2,4775.0,21955.27734375,216742.32421875
2240.2040798664093,2,4781.4,21931.22265625,216742.32421875
2241.2230038642883,2,4782.3,21907.8984375,216742.32421875
2242.242808818817,2,4773.0,21907.8984375,216742.32421875
2243.2627227306366,2,4785.0,21907.90234375,216742.32421875
2244.282079935074,2,4777.9,21907.90234375,216742.32421875
2245.301080226898,2,4777.4,21907.90625,216742.32421875
2246.319986104965,2,4782.0,21907.90625,216742.32421875
2247.3398463726044,2,4785.3,21907.90625,216742.32421875
2248.3596365451813,2,4783.1,21891.7109375,216742.32421875
2249.3792746067047,2,4773.5,21878.77734375,216742.32421875
2250.396080493927,2,4782.7,21874.48046875,216742.32421875
2251.415010690689,2,4785.3,21874.546875,216742.32421875
2252.43407869339,2,4781.8,21874.671875,216742.32421875
2253.453079223633,2,4783.9,21874.8203125,216742.32421875
2254.4720792770386,2,4778.7,21874.8671875,216742.32421875
2255.4910800457,2,4781.7,21874.9296875,216742.32421875
2256.5109207630157,2,4784.6,21874.98828125,216742.32421875
2257.5300829410553,2,4778.3,21875.16015625,216742.32421875
2258.549066543579,2,3358.1,23418.70703125,216742.32421875
2259.5570986270905,2,1676.5,23870.35546875,216742.32421875
2260.576094388962,2,4775.7,23857.875,216742.32421875
2261.5946402549744,2,2518.1,23800.1328125,216742.32421875
2262.6025166511536,2,4172.1,23422.8125,216742.32421875
2263.6120948791504,2,2842.0,23061.28515625,216742.32421875
2264.630429983139,2,2226.2,15337.4140625,216742.32421875
2265.6388030052185,2,3020.4,15399.5234375,216742.32421875
2266.6477065086365,2,1607.7,14807.0234375,216742.32421875
2267.6546654701233,2,1173.2,16143.02734375,216742.32421875
2268.66211271286,2,2233.0,15223.1484375,216742.32421875
2269.6697907447815,2,1232.4,15157.453125,216742.32421875
2270.6790914535522,2,1599.6,14395.79296875,216742.32421875
2271.6949331760406,2,1347.6,8398.43359375,216742.328125
2272.7018978595734,2,2708.3,10988.13671875,216742.328125
2273.710088968277,2,2800.5,11948.859375,216742.328125
2274.72509431839,2,2161.3,10833.84375,216742.328125
2275.7439267635345,2,1176.5,11803.37109375,216742.328125
2276.7521035671234,2,3661.1,11674.49609375,216742.328125
2277.772248506546,2,2399.2,12311.55859375,216742.328125
2278.7808146476746,2,1973.8,12028.515625,216742.328125
2279.791098356247,2,2424.6,11995.1484375,216742.328125
2280.8028557300568,2,1628.8,12796.12109375,216742.328125
2281.812094449997,2,1966.2,12411.95703125,216742.328125
2282.824155330658,2,1809.8,13399.3359375,216742.328125
2283.8314666748047,2,2084.7,12359.40234375,216742.328125
2284.839094877243,2,3295.2,12999.84765625,216742.328125
2285.8574719429016,2,1918.4,11999.59375,216742.328125
2286.8644936084747,2,1410.2,11457.2734375,216742.328125
2287.876454114914,2,3793.9,12702.95703125,216742.328125
2288.8843030929565,2,2152.1,12565.60546875,216742.328125
2289.9006066322327,2,2584.8,12182.875,216742.328125
2290.907990694046,2,1626.2,12296.765625,216742.328125
2291.9164826869965,2,1818.4,12041.77734375,216742.328125
2292.923418045044,2,1569.3,8454.41015625,216742.328125
2293.9301102161407,2,2262.0,11599.0078125,216742.328125
2294.9560894966125,2,2717.5,12376.2109375,216742.328125
2295.974212408066,2,2282.3,11075.55078125,216742.328125
2296.9817926883698,2,1753.3,11857.3984375,216742.328125
2297.9930970668793,2,3130.5,11278.05078125,216742.328125
2299.013121843338,2,3001.8,12536.37890625,216742.328125
2300.0341086387634,2,1824.3,12160.5859375,216742.328125
2301.0440900325775,2,2521.2,12077.79296875,216742.328125
2302.0609455108643,2,1498.4,12721.1171875,216742.328125
2303.0686554908752,2,1593.3,12196.859375,216742.328125
2304.077967405319,2,1953.8,10503.48828125,216742.328125
2305.085194349289,2,2369.1,11353.171875,216742.328125
2306.094471693039,2,2947.6,10795.33984375,216742.328125
2307.10103225708,2,1529.7,10952.78125,216742.328125
2308.109097480774,2,2658.1,10353.6484375,216742.328125
2309.129144191742,2,2035.8,11265.10546875,216742.328125
2310.137048482895,2,2342.4,10921.1171875,216742.328125
2311.14541220665,2,1837.2,11128.97265625,216742.328125
2312.15575504303,2,1507.3,11114.4375,216742.328125
2313.1640434265137,2,1953.5,8966.34765625,216742.328125
2314.173092365265,2,2120.7,9824.4453125,216742.328125
2315.1914920806885,2,1780.3,9125.5546875,216742.328125
2316.1991963386536,2,103.2,5441.16796875,216230.296875
2317.2070610523224,2,104.2,2035.8203125,215718.265625
2318.2146334648132,2,101.3,1891.125,215718.265625
2319.2216997146606,2,102.3,1837.29296875,215718.265625
2320.2284228801727,2,104.3,1639.05859375,215718.265625
2321.2353291511536,2,104.3,1475.984375,215718.265625
2322.2419769763947,2,104.3,1255.65234375,215718.265625
