elapsed_time,nproc,cpu,mem_real,mem_virtual
8.153915405273438e-05,1,0.0,8.84375,1350.609375
1.005876064300537,1,176.9,101.47265625,3638.28125
2.0147905349731445,1,1737.3,270.8984375,4953.3125
3.0214319229125977,1,1725.6,1614.05078125,7769.3125
4.028945684432983,1,1141.4,539.42578125,8793.375
5.03578782081604,1,100.3,539.42578125,8793.375
6.04239559173584,1,100.3,2101.203125,8313.34375
7.050969362258911,1,4030.5,2354.71484375,8341.34375
8.075223445892334,1,1080.7,7445.62109375,14751.34375
9.082940340042114,1,2529.8,9633.33984375,21931.34375
10.101933479309082,1,3225.8,10529.5234375,21931.34375
11.116938352584839,1,3375.4,10159.67578125,21931.34375
12.123943090438843,1,3600.5,12282.94140625,26470.34375
13.143489122390747,1,565.9,16091.5234375,37398.34375
14.150563716888428,1,100.3,19617.55859375,37398.34375
15.15790605545044,1,1733.2,18960.859375,57878.34375
16.165626525878906,1,101.2,22233.03515625,57878.34375
17.172399044036865,1,102.3,25578.5078125,57878.34375
18.17968988418579,1,105.2,28760.140625,57878.34375
19.187246322631836,1,107.2,31915.2578125,57878.34375
20.19428253173828,1,108.2,34410.4453125,57878.34375
21.201170682907104,1,107.3,34081.15625,57878.34375
22.209088802337646,1,107.2,33730.26953125,57878.34375
23.21700119972229,1,105.2,33517.32421875,57878.34375
24.225101709365845,1,586.3,33341.99609375,57878.34375
25.23344588279724,1,1254.4,33253.7109375,57878.34375
26.242716789245605,1,1131.4,33098.3125,57878.34375
27.252607822418213,1,997.1,34702.109375,57878.34375
28.2621853351593,1,887.5,33333.1171875,57878.34375
29.272284984588623,1,335.6,34351.93359375,57878.34375
30.28023910522461,1,1851.5,36479.59765625,57878.34375
31.28683090209961,1,939.7,35111.14453125,57878.34375
32.29464530944824,1,1103.3,33749.47265625,82454.34375
33.303282499313354,1,103.1,35222.21484375,82454.34375
34.311155796051025,1,101.2,37426.50390625,82454.34375
35.31830358505249,1,3429.5,40356.3046875,82454.34375
36.32549834251404,1,184.7,37826.45703125,82454.34375
37.33251333236694,1,1638.5,36034.359375,82454.34375
38.341193437576294,1,1476.2,34603.19921875,82454.34375
39.3481822013855,1,430.0,35990.5,82454.34375
40.35609197616577,1,104.2,38620.32421875,82454.34375
41.3637011051178,1,105.2,41257.90234375,82454.34375
42.37194514274597,1,3891.2,43574.99609375,82454.34375
43.39118218421936,1,2174.1,48147.16796875,82454.34375
44.398285150527954,1,102.3,49358.70703125,82454.34375
45.40624642372131,1,275.8,41975.68359375,82454.34375
46.41328954696655,1,2647.4,40855.0234375,82454.34375
47.42115640640259,1,258.0,38410.203125,82454.34375
48.42840766906738,1,1438.6,36439.71484375,82454.34375
49.43532991409302,1,1566.3,34475.140625,82454.34375
50.445934534072876,1,616.5,17813.7734375,82454.34375
51.46593356132507,1,4775.4,17525.69140625,82454.34375
52.48593068122864,1,4773.7,17279.45703125,82454.34375
53.506574869155884,1,4680.2,19575.7109375,82454.34375
54.51644158363342,1,2181.4,19693.2890625,82454.34375
55.523937702178955,1,1537.5,18919.421875,82454.34375
56.53694128990173,1,1831.2,10444.8359375,82486.34375
57.55600380897522,1,3033.0,10402.66796875,82486.34375
58.56494617462158,1,2719.9,11741.3203125,82486.34375
59.57493567466736,1,1423.8,10476.76953125,82486.34375
60.59307384490967,1,1345.5,9524.55859375,82486.34375
61.6004958152771,1,1895.9,7836.75390625,82486.34375
62.60824728012085,1,102.2,3064.01171875,82486.34375
63.6159508228302,1,4163.1,3075.87890625,82486.34375
64.63827252388,1,1074.1,8210.16015625,82486.34375
65.64795136451721,1,2720.5,9991.3515625,82486.34375
66.66793513298035,1,3333.6,10752.47265625,82486.34375
67.68301820755005,1,3081.2,9847.57421875,82486.34375
68.69118857383728,1,3860.3,13105.8359375,82738.34375
69.69865298271179,1,100.3,16625.6328125,82738.34375
70.7061882019043,1,100.2,20175.5625,82738.34375
71.71352577209473,1,1752.2,19672.51953125,82738.34375
72.72043514251709,1,99.3,23036.3984375,82738.34375
73.72705364227295,1,104.3,26334.16015625,82738.34375
74.73422980308533,1,103.3,29576.00390625,82738.34375
75.740154504776,1,107.4,32723.390625,82738.34375
76.74735999107361,1,109.2,34507.296875,82738.34375
77.75542902946472,1,108.1,34198.69140625,82738.34375
78.76388430595398,1,108.1,33795.01953125,82738.34375
79.77119302749634,1,105.2,33532.38671875,82738.34375
80.77977895736694,1,856.6,33472.29296875,82738.34375
81.79015398025513,1,1223.3,33851.33203125,82738.34375
82.80052399635315,1,596.8,33878.60546875,82738.34375
83.81033205986023,1,1271.7,33849.140625,82738.34375
84.81838059425354,1,654.6,33545.765625,82738.34375
85.82894158363342,1,327.6,35586.60546875,82738.34375
86.84993696212769,1,1804.2,34906.21484375,82738.34375
87.8701446056366,1,1056.5,34185.19921875,82738.34375
88.87989330291748,1,388.2,35831.91796875,82738.34375
89.88993525505066,1,1772.4,38563.6171875,82738.34375
90.91012644767761,1,1443.7,41422.64453125,82738.34375
91.91922450065613,1,1561.8,37185.4453125,82738.34375
92.92786765098572,1,875.5,35067.19921875,82738.34375
93.93569564819336,1,944.4,34710.77734375,82738.34375
94.94508790969849,1,105.0,36143.7578125,82738.34375
95.955570936203,1,103.9,38811.08984375,82738.34375
96.96564173698425,1,105.9,41467.828125,82738.34375
97.97594428062439,1,4555.6,43491.41796875,82738.34375
98.99710988998413,1,1345.5,48326.953125,82738.34375
100.00406265258789,1,103.3,48005.62890625,82738.34375
101.01157808303833,1,270.0,40081.390625,82738.34375
102.02181029319763,1,2657.7,41144.30859375,82738.34375
103.02994275093079,1,771.8,37343.26953125,82738.34375
104.04925560951233,1,1519.5,35883.06640625,82738.34375
105.05668544769287,1,906.2,31288.55859375,82738.34375
106.06494140625,1,1527.6,17719.57421875,82738.34375
107.08493423461914,1,4774.6,17443.45703125,82738.34375
108.10493087768555,1,4775.6,17215.23046875,82738.34375
109.12452960014343,1,4079.6,19847.44140625,82738.34375
110.13202548027039,1,1978.2,19544.8046875,82738.34375
111.14093208312988,1,1780.4,18907.23828125,82738.34375
112.15194344520569,1,2339.0,10449.91015625,82738.34375
113.17120385169983,1,2526.3,10168.078125,82738.34375
114.17955183982849,1,2735.4,9904.046875,82738.34375
115.18693614006042,1,1487.1,10294.8125,82738.34375
116.2009346485138,1,1252.5,9695.89453125,82738.34375
117.2145323753357,1,1561.6,3210.671875,82738.34375
118.22193622589111,1,622.4,3234.52734375,82738.34375
119.2777488231659,1,4169.0,5091.71484375,82738.34375
120.28531837463379,1,1340.8,9685.87109375,82738.34375
121.29494571685791,1,3007.4,10005.98828125,82738.34375
122.31693482398987,1,3335.8,10783.75390625,82738.34375
123.33505988121033,1,2532.9,8802.609375,82738.34375
124.3546814918518,1,3035.3,14196.7265625,82854.34375
125.36123728752136,1,100.3,17726.7734375,82854.34375
126.36842560768127,1,288.0,21120.2734375,82854.34375
127.38270974159241,1,1553.6,20565.14453125,82854.34375
128.3899712562561,1,99.3,23972.44921875,82854.34375
129.3963658809662,1,104.3,27215.50390625,82854.34375
130.4038770198822,1,105.2,30459.1953125,82854.34375
131.41126227378845,1,109.2,33546.15234375,82854.34375
132.4192419052124,1,108.1,34390.09375,82854.34375
133.42680406570435,1,108.2,34057.6875,82854.34375
134.43534636497498,1,106.1,33786.32421875,82854.34375
135.4446964263916,1,104.0,33494.703125,82854.34375
136.45413208007812,1,1129.3,33565.21484375,82854.34375
137.46398615837097,1,1218.0,33988.94140625,82854.34375
138.47381472587585,1,715.0,33665.484375,82854.34375
139.48357892036438,1,1037.9,33959.09765625,82854.34375
140.49411535263062,1,1128.2,33490.39453125,82854.34375
141.50380682945251,1,1816.3,36270.671875,82854.34375
142.51294565200806,1,159.6,35379.42578125,82854.34375
143.52062225341797,1,1327.5,34100.88671875,82854.34375
144.53086805343628,1,694.9,34284.23046875,82854.34375
145.54087805747986,1,102.0,36088.21484375,82854.34375
146.54993271827698,1,2558.2,38346.16796875,82854.34375
147.5700056552887,1,900.8,41242.84765625,82854.34375
148.5794644355774,1,1526.6,37482.12109375,82854.34375
149.58853101730347,1,1157.6,34968.20703125,82854.34375
150.59802627563477,1,613.1,35578.2578125,82854.34375
151.60498070716858,1,104.3,38137.40625,82854.34375
152.61275815963745,1,104.2,40830.83203125,82854.34375
153.61994075775146,1,2902.4,43721.484375,82854.34375
154.63917088508606,1,2922.6,47692.49609375,82854.34375
155.6466600894928,1,102.2,49288.66796875,82854.34375
156.65436363220215,1,239.2,41697.99609375,82854.34375
157.6620876789093,1,2666.4,40427.84765625,82854.34375
158.6696093082428,1,223.3,38049.48046875,82854.34375
159.67784595489502,1,1400.4,37289.25,82854.34375
160.68465781211853,1,1343.9,34765.421875,82854.34375
161.6924684047699,1,372.1,17939.3671875,82854.34375
162.69994378089905,1,4446.0,17562.19140625,82854.34375
163.72209525108337,1,4773.5,17278.25,82854.34375
164.73994779586792,1,4771.3,18389.3203125,82854.34375
165.76404523849487,1,2407.1,19693.69921875,82854.34375
166.7722520828247,1,1373.9,19219.75,82854.34375
167.7787160873413,1,1632.4,10523.45703125,82854.34375
168.78795170783997,1,3505.3,10809.2109375,82854.34375
169.79464387893677,1,2539.8,11753.31640625,82854.34375
170.80237293243408,1,1308.0,10500.59765625,82854.34375
171.80964541435242,1,1735.6,9601.734375,82854.34375
172.81634998321533,1,1655.9,9337.90625,82854.34375
173.82130336761475,1,630.8,2673.73046875,82854.34375
174.82894349098206,1,3287.0,3097.625,82854.34375
175.87138175964355,1,1649.0,6306.8046875,82854.34375
176.8799548149109,1,2194.1,10075.87109375,82854.34375
177.89793801307678,1,3353.1,10833.3359375,82854.34375
178.91627883911133,1,3498.0,10493.1796875,82854.34375
179.93293976783752,1,3817.1,12523.93359375,82862.34375
180.9527645111084,1,426.5,16266.625,82934.34375
181.9611222743988,1,99.2,19806.625,82934.34375
182.96810460090637,1,1744.8,19408.88671875,82934.34375
183.9751136302948,1,101.3,22740.55859375,82934.34375
184.98187804222107,1,104.3,26053.9765625,82934.34375
185.98905754089355,1,104.3,29267.4921875,82934.34375
186.99689555168152,1,108.1,32426.296875,82934.34375
188.0037362575531,1,108.3,34674.2421875,82934.34375
189.01123237609863,1,108.2,34293.0078125,82934.34375
190.01917481422424,1,107.1,34020.6171875,82934.34375
191.02648639678955,1,104.2,33732.96875,82934.34375
192.0358374118805,1,717.3,33552.16796875,82934.34375
193.04528975486755,1,1192.7,33437.8984375,82934.34375
194.05594754219055,1,1021.2,33266.08203125,82934.34375
195.0649664402008,1,1154.5,34573.890625,82934.34375
196.07509207725525,1,776.1,33414.94140625,82934.34375
197.08670949935913,1,456.6,35063.765625,82934.34375
198.09597826004028,1,1843.5,35475.921875,82934.34375
199.10466623306274,1,1311.6,34575.76171875,82934.34375
200.11854219436646,1,635.2,34472.52734375,82934.34375
201.1278374195099,1,103.0,36338.546875,82934.34375
202.13593244552612,1,2789.9,38447.015625,82934.34375
203.150545835495,1,660.3,40549.38671875,82934.34375
204.15718460083008,1,1539.8,37649.6640625,82934.34375
205.16457867622375,1,1206.1,35133.9296875,82934.34375
206.1716606616974,1,640.6,35108.66796875,82934.34375
207.1790943145752,1,105.2,37643.1484375,82934.34375
208.1864275932312,1,104.2,40332.0703125,82934.34375
209.19393825531006,1,2073.6,43793.6328125,82934.34375
210.21228003501892,1,3755.7,47464.2578125,82934.34375
211.2197196483612,1,102.2,49060.8046875,82934.34375
212.2269423007965,1,319.7,41189.66015625,82934.34375
213.23894381523132,1,2378.4,40049.6171875,82934.34375
214.25359797477722,1,418.8,40683.90625,82934.34375
215.2610957622528,1,1564.3,37914.26953125,82934.34375
216.26870155334473,1,1159.1,35128.5078125,82934.34375
217.2760570049286,1,559.9,22742.66015625,82934.34375
218.28394174575806,1,3380.6,17536.12109375,82934.34375
219.30393528938293,1,4771.7,17284.234375,82934.34375
220.32393193244934,1,4773.6,17123.0,82934.34375
221.3439359664917,1,2532.3,19612.34765625,82934.34375
222.35394644737244,1,2450.4,19164.76171875,82934.34375
223.36379766464233,1,1547.6,14653.2109375,82934.34375
224.37164425849915,1,3273.3,10456.5078125,82934.34375
225.37879467010498,1,2414.9,11776.6796875,82934.34375
226.389790058136,1,1355.0,10158.45703125,82934.34375
227.3973264694214,1,1947.7,9614.0078125,82934.34375
228.40371537208557,1,1432.6,9289.46484375,82934.34375
229.41045594215393,1,673.5,2392.68359375,82934.34375
230.4179322719574,1,2700.9,3158.67578125,82934.34375
231.46137690544128,1,2222.3,6070.98828125,82934.34375
232.46805667877197,1,2013.5,9986.16015625,82934.34375
233.47510814666748,1,2989.9,10693.82421875,82934.34375
234.48393535614014,1,3784.2,11255.50390625,82934.34375
235.4989242553711,1,3270.7,11289.53125,82942.34375
236.51989078521729,1,1470.1,15463.54296875,82942.34375
237.52663612365723,1,99.3,19004.5,82942.34375
238.5345597267151,1,1726.3,20978.77734375,82942.34375
239.54260873794556,1,120.0,21738.85546875,82942.34375
240.5503957271576,1,102.2,25099.7578125,82942.34375
241.55834531784058,1,105.2,28262.77734375,82942.34375
242.56614756584167,1,106.2,31402.19921875,82942.34375
243.57396459579468,1,107.2,34546.953125,82942.34375
244.58180832862854,1,108.1,34200.23046875,82942.34375
245.59019565582275,1,108.1,33909.015625,82942.34375
246.59707760810852,1,104.3,33639.921875,82942.34375
247.60713458061218,1,103.0,33410.23046875,82942.34375
248.61955571174622,1,1436.2,33431.51953125,82942.34375
249.6289403438568,1,1087.8,33435.0703125,82942.34375
250.64722204208374,1,575.4,33939.1171875,82942.34375
251.65814018249512,1,1451.1,34003.45703125,82942.34375
252.66825127601624,1,702.0,33840.46875,82942.34375
253.68192887306213,1,1057.7,35672.77734375,82942.34375
254.6965250968933,1,897.8,35278.23828125,82942.34375
255.70388412475586,1,1319.2,34440.18359375,82942.34375
256.71129608154297,1,691.9,34598.984375,82942.34375
257.7191560268402,1,102.2,37327.234375,82942.34375
258.7269608974457,1,3403.4,40312.07421875,82942.34375
259.73429560661316,1,187.6,37838.7734375,82942.34375
260.7411251068115,1,1580.2,35883.88671875,82942.34375
261.75254821777344,1,1277.5,34636.1171875,82942.34375
262.7619786262512,1,521.0,35835.25,82942.34375
263.77025032043457,1,104.1,38495.71875,82942.34375
264.778146982193,1,105.2,41190.89453125,82942.34375
265.78494358062744,1,3673.3,43670.37890625,82942.34375
266.80432391166687,1,2177.7,47889.45703125,82962.34375
267.81108713150024,1,102.3,49349.84765625,82962.34375
268.81881761550903,1,259.0,41917.52734375,82962.34375
269.82612800598145,1,2673.5,40715.2265625,82962.34375
270.833553314209,1,175.7,38343.56640625,82962.34375
271.8410108089447,1,1438.3,36336.55078125,82962.34375
272.84853768348694,1,1460.0,34381.85546875,82962.34375
273.8569414615631,1,688.3,17730.8359375,82962.34375
274.8769359588623,1,4772.7,17471.0234375,82962.34375
275.8969302177429,1,4774.7,17237.95703125,82962.34375
276.91713786125183,1,4353.5,19715.33984375,82962.34375
277.9246029853821,1,2008.6,19741.67578125,82962.34375
278.9401135444641,1,1778.8,18879.58203125,82962.34375
279.94893980026245,1,2279.0,10276.2734375,83002.34375
280.96815514564514,1,2595.0,10275.2109375,83002.34375
281.9761414527893,1,2722.6,10464.44921875,83002.34375
282.98322916030884,1,1494.2,10300.3671875,83002.34375
283.99008083343506,1,1191.8,9706.43359375,83002.34375
284.99803352355957,1,1502.1,3535.73828125,83002.34375
286.00693559646606,1,556.0,3300.171875,83002.34375
287.0618026256561,1,4265.8,5166.71875,83002.34375
288.0693905353546,1,1301.2,9338.17578125,83002.34375
289.080952167511,1,2974.4,10059.07421875,83002.34375
290.0949366092682,1,3314.1,10811.66015625,83002.34375
291.11097264289856,1,2569.2,8162.125,83002.34375
292.1368384361267,1,3602.1,13806.421875,83054.34375
293.1444880962372,1,101.2,17379.2890625,83054.34375
294.15233731269836,1,99.2,20926.55859375,83054.34375
295.1600902080536,1,1750.4,20304.796875,83054.34375
296.1676516532898,1,100.2,23724.4140625,83054.34375
297.17497968673706,1,105.2,27040.07421875,83054.34375
298.1830050945282,1,106.1,30194.484375,83054.34375
299.1906282901764,1,106.2,33384.8828125,83054.34375
300.1975452899933,1,107.3,34507.546875,83054.34375
301.20453095436096,1,108.2,34152.40234375,83054.34375
302.2123553752899,1,106.2,33829.765625,83054.34375
303.2193262577057,1,104.3,33567.19140625,83054.34375
304.227224111557,1,1059.6,33526.75390625,83054.34375
305.2342121601105,1,1268.1,33705.78515625,83054.34375
306.2419421672821,1,1157.2,34474.72265625,83054.34375
307.2504093647003,1,733.8,33402.62109375,83054.34375
308.25685691833496,1,471.9,35271.921875,83054.34375
309.26893496513367,1,1725.2,34883.75390625,83054.34375
310.2889564037323,1,1119.4,34100.265625,83054.34375
311.2974286079407,1,571.2,35432.01171875,83054.34375
312.3069443702698,1,1252.2,38498.66796875,83054.34375
313.327250957489,1,1930.6,41219.9765625,83054.34375
314.33694291114807,1,1457.9,36952.29296875,83054.34375
315.3586504459381,1,917.0,35824.0546875,83054.34375
316.36786675453186,1,1006.7,34402.48828125,83054.34375
317.3783390522003,1,105.9,35795.5390625,83054.34375
318.3891866207123,1,103.9,38376.65625,83054.34375
319.3981170654297,1,104.1,41016.79296875,83054.34375
320.40794038772583,1,3678.1,43555.66796875,83054.34375
321.4271750450134,1,2220.2,48068.44140625,83078.34375
322.43514800071716,1,101.2,49497.203125,83078.34375
323.4430446624756,1,390.9,41998.27734375,83078.34375
324.451021194458,1,2673.7,40792.51171875,83078.34375
325.4589364528656,1,271.9,38320.5859375,83078.34375
326.4663517475128,1,1591.1,36281.14453125,83078.34375
327.47382974624634,1,1369.0,34551.26171875,83078.34375
328.4839344024658,1,400.9,17802.7109375,83078.34375
329.5025510787964,1,4773.2,17538.421875,83078.34375
330.52393317222595,1,4777.0,17300.26171875,83078.34375
331.5449686050415,1,4586.7,19635.73046875,83078.34375
332.552907705307,1,1826.6,19647.125,83078.34375
333.56054306030273,1,1901.5,18869.21484375,83078.34375
334.5699381828308,1,1808.2,10334.8671875,83078.34375
335.5889341831207,1,3046.3,10346.60546875,83078.34375
336.603333234787,1,2704.7,11507.2578125,83078.34375
337.6101725101471,1,1520.8,10517.83984375,83078.34375
338.6164274215698,1,1200.3,9586.98046875,83078.34375
339.62407994270325,1,1510.4,5776.47265625,83078.34375
340.6311237812042,1,238.4,3223.15234375,83078.34375
341.6379520893097,1,4520.4,4233.734375,83078.34375
342.66452741622925,1,943.9,8388.22265625,83078.34375
343.6739478111267,1,2846.5,10015.8046875,83078.34375
344.69281554222107,1,3316.5,10785.15234375,83078.34375
345.70896577835083,1,2817.1,9351.81640625,83078.34375
346.71657609939575,1,3739.6,13464.84375,83110.34375
347.7237663269043,1,101.3,17018.37109375,83110.34375
348.7305450439453,1,99.3,20593.64453125,83110.34375
349.73846077919006,1,1747.1,19656.56640625,83110.34375
350.74668073654175,1,99.2,22985.578125,83110.34375
351.75381875038147,1,103.3,26247.625,83110.34375
352.7615258693695,1,104.2,29479.55859375,83110.34375
353.7686846256256,1,107.2,32647.06640625,83110.34375
354.7755570411682,1,107.3,34252.78125,83110.34375
355.7829039096832,1,106.2,33958.85546875,83110.34375
356.7904369831085,1,106.2,33706.6875,83110.34375
357.7980077266693,1,104.2,33446.171875,83110.34375
358.8051269054413,1,958.1,33463.53515625,83110.34375
359.81520080566406,1,928.6,33658.859375,83110.34375
360.82597184181213,1,1189.1,33364.28515625,83110.34375
361.8356337547302,1,1009.2,34907.6484375,83110.34375
362.8460536003113,1,1046.1,33231.45703125,83110.34375
363.85609197616577,1,224.7,34648.6875,83110.34375
364.8664195537567,1,1857.8,36717.71484375,83110.34375
365.87682604789734,1,934.2,35362.69921875,83110.34375
366.8858826160431,1,1128.7,33694.17578125,83110.34375
367.8953757286072,1,102.0,35187.44140625,83110.34375
368.90630078315735,1,102.9,37345.5546875,83110.34375
369.91622829437256,1,3341.8,40403.45703125,83110.34375
370.92272901535034,1,188.8,37936.2421875,83110.34375
371.93028593063354,1,1469.0,36089.04296875,83110.34375
372.9375870227814,1,1324.3,34653.36328125,83110.34375
373.9456355571747,1,372.0,36271.25390625,83110.34375
374.9534454345703,1,103.2,38943.2890625,83110.34375
375.96124243736267,1,105.2,41597.85546875,83110.34375
376.96894216537476,1,4374.5,43692.1484375,83110.34375
377.9882483482361,1,1472.5,48338.98046875,83134.34375
378.99505829811096,1,103.3,48940.66015625,83134.34375
380.0028340816498,1,270.9,41530.8515625,83134.34375
381.0102574825287,1,2636.6,41095.87109375,83134.34375
382.01793670654297,1,443.6,37375.23046875,83134.34375
383.03694343566895,1,1609.3,35857.0625,83134.34375
384.05619597435,1,1113.5,32941.1640625,83134.34375
385.06394267082214,1,1183.9,17768.65234375,83134.34375
386.08493280410767,1,4773.1,17514.703125,83134.34375
387.10493445396423,1,4772.6,17210.109375,83134.34375
388.12464475631714,1,3666.1,19811.1015625,83134.34375
389.1318910121918,1,1943.2,19343.27734375,83134.34375
390.14093494415283,1,2081.2,18757.1171875,83134.34375
391.1499423980713,1,2655.0,10362.796875,83134.34375
392.1691966056824,1,2240.0,12008.84375,83134.34375
393.1788547039032,1,2589.6,10033.1875,83134.34375
394.18669390678406,1,1587.8,10018.35546875,83134.34375
395.1927125453949,1,1111.1,10063.41015625,83134.34375
396.1996202468872,1,1532.4,2227.203125,83646.3515625
397.2067720890045,1,1003.9,3300.25,83134.34375
398.22957038879395,1,3973.4,5213.75390625,83134.34375
399.23759937286377,1,1426.7,9159.94921875,83134.34375
400.2449426651001,1,3015.7,10050.3828125,83134.34375
401.26593565940857,1,3322.4,10808.51171875,83134.34375
402.28093671798706,1,2471.8,8592.4453125,83134.34375
403.29984307289124,1,3258.0,14080.08984375,83182.34375
404.3082594871521,1,99.2,17651.65625,83182.34375
405.3149709701538,1,190.7,21147.8828125,83182.34375
406.33118891716003,1,1641.6,19983.0625,83182.34375
407.33842182159424,1,99.3,23388.953125,83182.34375
408.34595012664795,1,104.2,26610.203125,83182.34375
409.3529477119446,1,104.3,29767.1015625,83182.34375
410.3610506057739,1,106.1,32913.02734375,83182.34375
411.36796259880066,1,106.3,33903.70703125,83182.34375
412.3753664493561,1,106.2,33596.83984375,83182.34375
413.381867647171,1,105.3,33322.69140625,83182.34375
414.3892560005188,1,102.2,33168.484375,83182.34375
415.39565658569336,1,1045.2,33225.40625,83182.34375
416.40334939956665,1,1086.6,33510.0390625,83182.34375
417.4120373725891,1,630.5,33887.83203125,83182.34375
418.4198615550995,1,1293.8,34036.07421875,83182.34375
419.42789697647095,1,671.6,34370.70703125,83182.34375
420.4346148967743,1,1624.1,37155.32421875,83182.34375
421.4414896965027,1,1265.5,34106.98828125,83182.34375
422.44699573516846,1,565.8,34714.73046875,83182.34375
423.4556493759155,1,103.1,36719.65234375,83182.34375
424.4628345966339,1,3063.9,39939.79296875,83182.34375
425.4702396392822,1,101.3,38905.09765625,83182.34375
426.47688484191895,1,1531.8,37858.78125,83182.34375
427.4840762615204,1,1187.5,35088.44921875,83182.34375
428.4911952018738,1,568.9,35244.1640625,83182.34375
429.49880623817444,1,105.2,36503.125,83182.34375
430.50612592697144,1,103.3,38646.98828125,83182.34375
431.5132269859314,1,106.2,41237.19921875,83182.34375
432.52094078063965,1,4032.0,43564.92578125,83182.34375
433.5403287410736,1,1845.1,48023.16796875,83182.34375
434.5471193790436,1,101.3,49471.59765625,83182.34375
435.55417823791504,1,295.9,42242.875,83182.34375
436.5609173774719,1,2668.5,41061.01953125,83182.34375
437.5689346790314,1,290.7,37363.2734375,83182.34375
438.58493638038635,1,1625.0,35922.84375,83182.34375
439.60374450683594,1,1333.7,33753.015625,83182.34375
440.6119418144226,1,1022.7,17781.9375,83182.34375
441.6329324245453,1,4776.9,17454.43359375,83182.34375
442.6529314517975,1,4776.6,17262.72265625,83182.34375
443.6725080013275,1,3816.8,19857.390625,83182.34375
444.6804838180542,1,2023.9,19560.3984375,83182.34375
445.687495470047,1,2010.1,18930.625,83182.34375
446.69394421577454,1,2298.0,10441.10546875,83182.34375
447.7132022380829,1,2478.5,10195.26953125,83182.34375
448.7226107120514,1,2685.3,10087.98828125,83182.34375
449.73251271247864,1,1487.3,10331.890625,83182.34375
450.74000453948975,1,1218.9,9828.41015625,83182.34375
451.74788880348206,1,1819.9,4979.45703125,83182.34375
452.7529420852661,1,304.4,3370.62890625,83182.34375
453.7623941898346,1,4672.4,4919.63671875,83182.34375
454.7709403038025,1,924.1,8733.41796875,83182.34375
455.78955078125,1,2870.6,10076.7578125,83182.34375
456.8059358596802,1,3302.0,10805.109375,83182.34375
457.8240568637848,1,2538.0,8096.92578125,83182.34375
458.83878207206726,1,3699.9,13727.25,83278.34375
459.8463945388794,1,100.2,17302.87109375,83278.34375
460.8527681827545,1,99.4,20855.76171875,83278.34375
461.86030745506287,1,1760.8,20082.0859375,83278.34375
462.8682324886322,1,100.2,23446.15625,83278.34375
463.87541484832764,1,103.3,26657.01953125,83278.34375
464.8827781677246,1,106.2,29814.75390625,83278.34375
465.88996863365173,1,106.2,32916.77734375,83278.34375
466.89747738838196,1,110.2,34342.14453125,83278.34375
467.904816865921,1,107.2,34007.109375,83278.34375
468.9151403903961,1,107.9,33736.76953125,83278.34375
469.9241054058075,1,103.1,33486.859375,83278.34375
470.9332938194275,1,944.4,33434.24609375,83278.34375
471.94164061546326,1,975.6,33462.3671875,83278.34375
472.9525179862976,1,1175.3,33212.67578125,83278.34375
473.9622919559479,1,1004.2,34875.1640625,83278.34375
474.97227787971497,1,1035.8,33195.54296875,83278.34375
475.9845380783081,1,212.4,34622.09375,83278.34375
476.99407863616943,1,1807.7,36738.9453125,83278.34375
478.0038480758667,1,921.0,35425.3671875,83278.34375
479.01326155662537,1,1112.6,34203.87890625,83278.34375
480.02190685272217,1,102.1,36931.5703125,83278.34375
481.0314316749573,1,3419.5,39947.9609375,83278.34375
482.0412392616272,1,103.0,37859.46484375,83278.34375
483.05003929138184,1,1667.3,37574.32421875,83278.34375
484.06006622314453,1,1288.1,35031.5390625,83278.34375
485.0691006183624,1,615.4,34968.578125,83278.34375
486.0790116786957,1,104.0,36798.53125,83278.34375
487.0891420841217,1,104.9,39428.43359375,83278.34375
488.0979356765747,1,826.8,43654.0078125,83278.34375
489.1189363002777,1,4767.8,44974.69140625,83278.34375
490.1393268108368,1,481.1,48664.73046875,83278.34375
491.1469671726227,1,101.2,45248.30859375,83278.34375
492.1549434661865,1,1155.8,40081.22265625,83278.34375
493.17430353164673,1,1721.6,41665.984375,83278.34375
494.182377576828,1,1480.0,37468.96484375,83278.34375
495.1908509731293,1,932.1,36213.98046875,83278.34375
496.1982316970825,1,911.3,28497.5703125,83278.34375
497.2069387435913,1,2129.6,17703.2109375,83278.34375
498.2269296646118,1,4771.9,17410.52734375,83278.34375
499.2469365596771,1,4767.4,17223.8359375,83278.34375
500.26693844795227,1,2742.3,19906.125,83278.34375
501.27293586730957,1,2226.5,19467.703125,83278.34375
502.2899441719055,1,2289.1,18743.953125,83278.34375
503.29822516441345,1,2860.9,10382.08203125,83278.34375
504.3069462776184,1,2033.5,11942.8125,83278.34375
505.3263499736786,1,2113.9,10106.4375,83278.34375
506.3339343070984,1,1631.8,9739.10546875,83278.34375
507.3487160205841,1,1778.4,9838.5546875,83278.34375
508.35546112060547,1,1714.5,3075.58984375,83278.34375
509.3621189594269,1,629.8,3240.05078125,83278.34375
510.3903577327728,1,4245.9,5107.25390625,83278.34375
511.39852643013,1,1337.0,9516.4453125,83278.34375
512.406956911087,1,2926.7,10028.63671875,83278.34375
513.4269349575043,1,3325.7,10818.65234375,83278.34375
514.4451084136963,1,2495.6,8794.26171875,83278.34375
515.4638435840607,1,3148.5,14122.6171875,83326.34375
516.4714787006378,1,100.2,17648.39453125,83326.34375
517.4784235954285,1,99.3,21155.7578125,83326.34375
518.4939680099487,1,1715.3,20776.046875,83326.34375
519.5014863014221,1,102.2,24154.03515625,83326.34375
520.5101034641266,1,105.1,27432.78515625,83326.34375
521.5173745155334,1,105.2,30612.4453125,83326.34375
522.5243124961853,1,108.2,33748.2109375,83326.34375
523.532710313797,1,109.1,34654.0859375,83326.34375
524.5406515598297,1,107.1,34306.79296875,83326.34375
525.5472934246063,1,108.3,34004.8125,83326.34375
526.5544927120209,1,104.3,33672.75390625,83326.34375
527.5634634494781,1,1175.5,33461.1796875,83326.34375
528.5739407539368,1,1033.2,33913.14453125,83326.34375
529.5945043563843,1,916.0,33497.02734375,83326.34375
530.6049904823303,1,996.6,34871.26171875,83326.34375
531.6153864860535,1,1173.0,33141.82421875,83326.34375
532.6240808963776,1,101.1,34666.18359375,83326.34375
533.6341528892517,1,1870.2,36759.078125,83326.34375
534.6440074443817,1,951.6,35353.359375,83326.34375
535.6543061733246,1,969.0,33839.28125,83326.34375
536.6644368171692,1,242.5,35102.5390625,83326.34375
537.674152135849,1,102.0,37543.515625,83326.34375
538.6830401420593,1,3355.8,40495.9140625,83326.34375
539.6926908493042,1,254.5,38045.8515625,83326.34375
540.7013664245605,1,1484.2,36155.84375,83326.34375
541.7108173370361,1,1492.8,34413.421875,83326.34375
542.7204213142395,1,200.1,36722.30859375,83326.34375
543.7290918827057,1,105.1,39310.55859375,83326.34375
544.738942861557,1,256.5,42751.3671875,83326.34375
545.7549383640289,1,4748.1,43724.35546875,83326.34375
546.773894071579,1,914.6,48496.41015625,83326.34375
547.7807974815369,1,102.3,46836.98828125,83326.34375
548.7889382839203,1,588.3,40032.66015625,83326.34375
549.8081498146057,1,2411.4,41302.11328125,83326.34375
550.8159422874451,1,1013.2,37314.6796875,83326.34375
551.835173368454,1,1323.5,35967.29296875,83326.34375
552.8433122634888,1,904.6,30920.578125,83326.34375
553.8519406318665,1,1626.0,17676.16796875,83326.34375
554.8729372024536,1,4773.0,17430.5,83326.34375
555.8939332962036,1,4773.8,17203.015625,83326.34375
556.9137003421783,1,3370.7,19984.02734375,83326.34375
557.921656370163,1,2088.5,19564.109375,83326.34375
558.92968916893,1,2197.6,18771.703125,83326.34375
559.9369423389435,1,2818.5,10406.3125,83326.34375
560.9569399356842,1,2178.5,11974.28515625,83326.34375
561.9760096073151,1,2381.4,10073.13671875,83326.34375
562.982682466507,1,1594.4,9754.33203125,83326.34375
563.9893515110016,1,1271.7,9995.16015625,83326.34375
564.9956035614014,1,1269.9,2465.7734375,83838.3515625
566.0029320716858,1,1471.3,3316.48046875,83326.34375
567.0460875034332,1,3421.2,5602.4921875,83326.34375
568.0529384613037,1,1921.9,12948.296875,83326.34375
569.0726664066315,1,2985.8,10034.921875,83326.34375
570.0809323787689,1,3531.3,10786.14453125,83326.34375
571.0969486236572,1,2542.1,9893.23828125,83326.34375
572.1171295642853,1,2352.4,14793.01171875,83350.34375
573.1245684623718,1,98.3,18349.55859375,83350.34375
574.1319582462311,1,1049.2,21160.5546875,83350.34375
575.145593881607,1,806.1,21126.8203125,83350.34375
576.153359413147,1,102.2,24510.546875,83350.34375
577.1608035564423,1,104.2,27809.40234375,83350.34375
578.1683413982391,1,108.2,30976.50390625,83350.34375
579.1763048171997,1,106.2,34149.296875,83350.34375
580.1834857463837,1,109.2,34349.02734375,83350.34375
581.1915364265442,1,108.1,34038.72265625,83350.34375
582.1986496448517,1,105.3,33739.68359375,83350.34375
583.205064535141,1,103.3,33524.35546875,83350.34375
584.2135562896729,1,1473.6,33475.50390625,83350.34375
585.2219502925873,1,1041.1,33612.14453125,83350.34375
586.2321407794952,1,1324.5,34637.2734375,83350.34375
587.241268157959,1,772.9,33555.8828125,83350.34375
588.2515025138855,1,466.2,34228.6953125,83350.34375
589.2626347541809,1,1807.9,36380.765625,83350.34375
590.2729351520538,1,658.3,34956.2109375,83350.34375
591.2930617332458,1,1062.6,33848.30859375,83350.34375
592.2981579303741,1,286.5,35973.4609375,83350.34375
593.3059313297272,1,1939.9,38554.22265625,83350.34375
594.324298620224,1,1422.7,40985.921875,83350.34375
595.3319301605225,1,962.8,36959.28125,83350.34375
596.3489327430725,1,1450.3,35592.98828125,83350.34375
597.3586747646332,1,796.1,34598.5625,83350.34375
598.3668248653412,1,449.3,35792.5,83350.34375
599.375031709671,1,104.2,38469.01171875,83350.34375
600.3826801776886,1,105.2,41097.78125,83350.34375
601.389942407608,1,3711.4,43623.078125,83350.34375
602.4113299846649,1,2309.4,48034.6875,83374.34375
603.4183843135834,1,102.3,49446.71875,83374.34375
604.4256765842438,1,302.8,42054.71875,83374.34375
605.433313369751,1,2657.7,40823.59765625,83374.34375
606.4400103092194,1,257.3,38345.91015625,83374.34375
607.4479649066925,1,1438.6,36367.35546875,83374.34375
608.455691576004,1,1448.8,34459.5703125,83374.34375
609.4639382362366,1,644.8,17742.5390625,83374.34375
610.48393201828,1,4773.4,17496.52734375,83374.34375
611.5039322376251,1,4774.6,17262.3046875,83374.34375
612.5245444774628,1,4531.6,19656.83203125,83374.34375
613.5339660644531,1,1764.2,19783.6484375,83374.34375
614.5412404537201,1,1827.7,18946.12109375,83374.34375
615.5489411354065,1,2097.0,10397.47265625,83374.34375
616.5682184696198,1,2727.3,10469.59375,83374.34375
617.575026512146,1,2647.9,10445.86328125,83374.34375
618.5817532539368,1,1399.6,10799.53515625,83374.34375
619.5930428504944,1,1247.0,9687.25390625,83374.34375
620.6009833812714,1,2038.7,6715.41015625,83374.34375
621.6079592704773,1,102.3,3357.02734375,83374.34375
622.6151931285858,1,4455.3,4047.35546875,83374.34375
623.6289367675781,1,988.4,8345.58984375,83374.34375
624.64794754982,1,2813.3,10075.5703125,83374.34375
625.6697025299072,1,3231.9,10836.6015625,83374.34375
626.684700012207,1,2942.8,9902.5625,83374.34375
627.6925456523895,1,3842.3,13325.3125,83398.34375
628.6999537944794,1,99.3,16890.7265625,83398.34375
629.7078349590302,1,100.2,20448.75390625,83398.34375
630.715523481369,1,1739.6,19718.56640625,83398.34375
631.7225959300995,1,99.3,23098.58984375,83398.34375
632.73051404953,1,103.2,26375.90625,83398.34375
633.7375452518463,1,105.3,29659.296875,83398.34375
634.7444348335266,1,108.3,32822.0859375,83398.34375
635.7520189285278,1,107.2,34357.19921875,83398.34375
636.7599427700043,1,107.2,34061.92578125,83398.34375
637.7677583694458,1,107.2,33746.6953125,83398.34375
638.7774841785431,1,104.0,33516.61328125,83398.34375
639.7865562438965,1,953.3,33565.5703125,83398.34375
640.7976665496826,1,984.1,33512.29296875,83398.34375
641.8073260784149,1,1192.5,33271.60546875,83398.34375
642.8175840377808,1,1012.6,34861.2578125,83398.34375
643.8279492855072,1,962.2,33275.703125,83398.34375
644.8429477214813,1,293.6,34522.78125,83398.34375
645.8532063961029,1,1839.4,36630.94921875,83398.34375
646.8622598648071,1,948.4,35302.37890625,83398.34375
647.8715431690216,1,1103.8,33685.09765625,83398.34375
648.8828492164612,1,151.3,35224.07421875,83398.34375
649.8932344913483,1,103.9,37385.484375,83398.34375
650.9020819664001,1,3455.4,40394.63671875,83398.34375
651.9123599529266,1,199.0,37894.72265625,83398.34375
652.9213755130768,1,1492.5,36096.1015625,83398.34375
653.9319403171539,1,1196.3,34587.65625,83398.34375
654.9523050785065,1,534.1,36058.66796875,83398.34375
655.9611737728119,1,104.1,38699.21484375,83398.34375
656.9703214168549,1,106.0,41339.296875,83398.34375
657.9789407253265,1,3987.8,43670.953125,83398.34375
658.9993162155151,1,1816.9,48100.15234375,83422.34375
660.006997346878,1,101.2,49555.71484375,83422.34375
661.013997554779,1,249.2,41536.3828125,83422.34375
662.0234045982361,1,2643.1,41169.59765625,83422.34375
663.03093957901,1,487.4,37497.55859375,83422.34375
664.0509417057037,1,1584.3,35967.0546875,83422.34375
665.0698931217194,1,1139.3,32895.29296875,83422.34375
666.0779464244843,1,1207.4,17787.515625,83422.34375
667.098938703537,1,4775.0,17531.94140625,83422.34375
668.1189312934875,1,4774.6,17272.7578125,83422.34375
669.138622045517,1,3875.1,19931.546875,83422.34375
670.1463651657104,1,1954.0,19672.32421875,83422.34375
671.1554024219513,1,2022.9,18996.484375,83422.34375
672.1649413108826,1,2633.6,10640.4140625,83422.34375
673.184478521347,1,2234.2,12075.74609375,83422.34375
674.1927556991577,1,2620.7,10067.265625,83422.34375
675.1989352703094,1,1535.5,10208.6953125,83422.34375
676.2059414386749,1,1082.4,10081.90234375,83422.34375
677.2151770591736,1,1639.7,2463.21875,83422.34375
678.2229325771332,1,819.7,3333.7734375,83422.34375
679.2672703266144,1,4081.9,5239.4296875,83422.34375
680.2740304470062,1,1350.8,9630.8515625,83422.34375
681.2819502353668,1,2981.7,10052.80859375,83422.34375
682.3039350509644,1,3329.9,10860.296875,83422.34375
683.3220682144165,1,2534.9,8936.546875,83422.34375
684.3414690494537,1,3099.7,14236.30859375,83422.34375
685.3488817214966,1,100.3,17772.2265625,83422.34375
686.3559544086456,1,320.7,21167.80078125,83422.34375
687.3704082965851,1,1494.6,20557.95703125,83422.34375
688.3773510456085,1,99.3,24002.77734375,83422.34375
689.3836953639984,1,105.3,27252.53125,83422.34375
690.3906891345978,1,106.3,30463.15234375,83422.34375
691.3981831073761,1,107.2,33643.9921875,83422.34375
692.4057235717773,1,108.2,34367.75390625,83422.34375
693.4134240150452,1,106.2,34080.5703125,83422.34375
694.422646522522,1,106.0,33821.015625,83422.34375
695.4325213432312,1,104.0,33574.89453125,83422.34375
696.4411962032318,1,1373.0,33767.828125,83422.34375
697.4502511024475,1,965.3,33659.41015625,83422.34375
698.459165096283,1,686.8,33963.48046875,83422.34375
699.4694225788116,1,1443.2,33891.53515625,83422.34375
700.4802405834198,1,654.9,33836.37109375,83422.34375
701.4909083843231,1,898.6,35637.34765625,83422.34375
702.5119352340698,1,1843.2,34999.3125,83422.34375
703.5264372825623,1,811.1,34080.74609375,83422.34375
704.5361602306366,1,479.3,34582.2421875,83422.34375
705.5463147163391,1,102.0,36409.04296875,83422.34375
706.5559325218201,1,2777.5,38493.55859375,83422.34375
707.5759925842285,1,748.9,41442.80859375,83422.34375
708.5828545093536,1,1610.9,37405.66796875,83422.34375
709.5909330844879,1,1049.7,34937.4296875,83422.34375
710.6057372093201,1,777.3,34899.2734375,83422.34375
711.6137931346893,1,105.2,36479.70703125,83422.34375
712.6208004951477,1,104.3,39120.36328125,83422.34375
713.627607345581,1,309.9,42754.48046875,83422.34375
714.6510682106018,1,4775.0,43487.6640625,83422.34375
715.6661748886108,1,867.8,48383.046875,83422.34375
716.6729638576508,1,102.3,46924.4609375,83422.34375
717.6809368133545,1,594.3,40182.19921875,83422.34375
718.696005821228,1,2431.1,41349.67578125,83422.34375
719.7049443721771,1,883.1,37324.08984375,83422.34375
720.7282519340515,1,1378.8,35980.6484375,83422.34375
721.7354619503021,1,923.4,30831.4765625,83422.34375
722.7429540157318,1,1566.3,17680.01953125,83422.34375
723.7629287242889,1,4776.8,17444.4453125,83422.34375
724.7839331626892,1,4774.9,17243.71875,83422.34375
725.8036012649536,1,3329.1,19891.36328125,83422.34375
726.8104293346405,1,1926.8,19481.296875,83422.34375
727.8176770210266,1,2159.7,18843.2578125,83422.34375
728.8227925300598,1,2810.3,10488.45703125,83422.34375
729.8431656360626,1,1942.4,12001.40234375,83422.34375
730.851238489151,1,2511.1,10014.9921875,83422.34375
731.8586609363556,1,1595.2,9966.96875,83422.34375
732.8646430969238,1,1159.1,9984.96875,83422.34375
733.8704881668091,1,1315.1,2318.28515625,83934.3515625
734.8789327144623,1,1243.6,3262.65234375,83422.34375
735.9219653606415,1,3648.7,5443.9453125,83422.34375
736.9299385547638,1,1681.7,11557.8046875,83422.34375
737.949699640274,1,3230.4,9952.4296875,83422.34375
738.9557974338531,1,3312.7,10805.5,83422.34375
739.9719076156616,1,2538.0,9087.8515625,83422.34375
740.9926171302795,1,2788.5,14351.7109375,83446.34375
742.0001442432404,1,99.2,17874.79296875,83446.34375
743.0079355239868,1,430.7,21167.31640625,83446.34375
744.0218539237976,1,1419.7,20644.88671875,83446.34375
745.0301082134247,1,100.2,24078.82421875,83446.34375
746.036759853363,1,104.3,27304.69921875,83446.34375
747.0451273918152,1,107.1,30547.921875,83446.34375
748.0518789291382,1,107.3,33706.90625,83446.34375
749.0596578121185,1,107.1,34320.65234375,83446.34375
750.0677917003632,1,108.1,33950.09765625,83446.34375
751.0752828121185,1,106.2,33628.296875,83446.34375
752.0830028057098,1,103.2,33414.7265625,83446.34375
753.0909492969513,1,1234.2,33571.0390625,83446.34375
754.1119701862335,1,1063.6,34056.27734375,83446.34375
755.1259710788727,1,695.2,33791.1484375,83446.34375
756.1369462013245,1,1144.6,33809.0625,83446.34375
757.1577727794647,1,896.2,33991.27734375,83446.34375
758.1679337024689,1,1318.9,35712.87109375,83446.34375
759.1880323886871,1,626.3,35217.25390625,83446.34375
760.1979343891144,1,1446.9,34030.2578125,83446.34375
761.2128436565399,1,540.9,34679.625,83446.34375
762.220410823822,1,102.2,37429.11328125,83446.34375
763.227992773056,1,3382.7,40474.69140625,83446.34375
764.2355568408966,1,185.6,37982.546875,83446.34375
765.2422626018524,1,1591.3,37932.1328125,83446.34375
766.2496707439423,1,1261.6,35002.375,83446.34375
767.2566978931427,1,602.7,34941.09375,83446.34375
768.2651042938232,1,104.1,36648.72265625,83446.34375
769.2724614143372,1,105.2,39296.1953125,83446.34375
770.2809345722198,1,573.2,43728.7734375,83446.34375
771.295937538147,1,4773.2,43591.9453125,83446.34375
772.315705537796,1,731.4,48431.87109375,83446.34375
773.3232133388519,1,103.2,45881.45703125,83446.34375
774.3319401741028,1,989.4,40145.99609375,83446.34375
775.3508503437042,1,2040.2,41596.36328125,83446.34375
776.3579607009888,1,1429.7,37401.26953125,83446.34375
777.3790183067322,1,877.6,36294.859375,83446.34375
778.3864233493805,1,901.3,28622.88671875,83446.34375
779.3949477672577,1,2033.8,17719.90625,83446.34375
780.4149296283722,1,4774.1,17466.30078125,83446.34375
781.4349319934845,1,4770.6,17260.44921875,83446.34375
782.4548540115356,1,3263.5,19885.21484375,83446.34375
783.4620139598846,1,2017.6,19807.546875,83446.34375
784.4695692062378,1,2060.6,18907.71875,83446.34375
785.4759418964386,1,2456.3,10457.109375,83446.34375
786.4951505661011,1,2342.1,10450.07421875,83446.34375
787.5021851062775,1,2709.6,9863.69921875,83446.34375
788.5105874538422,1,1520.5,10267.9375,83446.34375
789.5167589187622,1,1090.1,9776.55859375,83446.34375
790.524929523468,1,1898.8,4122.84375,83446.34375
791.5319373607635,1,423.0,3247.328125,83446.34375
792.5867345333099,1,4380.7,5020.33984375,83446.34375
793.5942697525024,1,1267.5,8712.69140625,83446.34375
794.6089580059052,1,2856.9,10055.546875,83446.34375
795.6309337615967,1,3331.3,10819.953125,83446.34375
796.6481392383575,1,2528.4,8507.40234375,83446.34375
797.6648750305176,1,3338.7,14042.3984375,83446.34375
798.6716434955597,1,99.3,17565.44140625,83446.34375
799.6786098480225,1,100.3,21113.17578125,83446.34375
800.6861703395844,1,1759.7,19617.14453125,83446.34375
801.6930994987488,1,99.3,22972.70703125,83446.34375
802.7000460624695,1,103.3,26254.43359375,83446.34375
803.7090337276459,1,104.1,29579.98046875,83446.34375
804.7166583538055,1,107.2,32764.07421875,83446.34375
805.7244982719421,1,106.2,33872.67578125,83446.34375
806.7322461605072,1,105.2,33603.0859375,83446.34375
807.7399649620056,1,105.2,33379.31640625,83446.34375
808.7470345497131,1,103.3,33206.2734375,83446.34375
809.755292892456,1,1135.5,33225.66015625,83446.34375
810.7660250663757,1,1189.3,33762.6640625,83446.34375
811.7760779857635,1,695.0,33523.26171875,83446.34375
812.7861189842224,1,979.2,34031.55859375,83446.34375
813.796059846878,1,1097.2,33353.16015625,83446.34375
814.8091516494751,1,101.7,34963.5625,83446.34375
815.8220217227936,1,1817.3,37027.2734375,83446.34375
816.8293612003326,1,1331.3,34535.4765625,83446.34375
817.8359303474426,1,630.0,35197.40234375,83446.34375
818.8439316749573,1,625.0,38665.92578125,83446.34375
819.8585703372955,1,2828.3,40901.5859375,83446.34375
820.8669340610504,1,588.2,37060.5546875,83446.34375
821.8819346427917,1,1772.4,35684.8671875,83446.34375
822.8943829536438,1,1024.3,34375.34765625,83446.34375
823.9005138874054,1,202.7,35646.16015625,83446.34375
824.9084277153015,1,104.2,38119.01171875,83446.34375
825.9162516593933,1,105.2,40777.23046875,83446.34375
826.9239389896393,1,2989.2,43710.61328125,83446.34375
827.943156003952,1,2967.8,47768.94921875,83446.34375
828.9503886699677,1,102.3,49230.6015625,83446.34375
829.9572005271912,1,307.9,41494.57421875,83446.34375
830.964387178421,1,2675.7,40316.61328125,83446.34375
831.9729504585266,1,164.6,37932.89453125,83446.34375
832.9874377250671,1,1430.3,38306.0703125,83446.34375
833.9944031238556,1,1177.0,34777.53515625,83446.34375
835.0030641555786,1,533.3,18934.71484375,83446.34375
836.0098798274994,1,4250.3,17645.62109375,83446.34375
837.0299332141876,1,4770.5,17370.5234375,83446.34375
838.0499489307404,1,4762.1,17541.45703125,83446.34375
839.0760703086853,1,2458.7,19667.81640625,83446.34375
840.0836598873138,1,1415.5,19158.91015625,83446.34375
841.0917630195618,1,1724.9,10557.2890625,83446.34375
842.1134648323059,1,3345.1,10946.2109375,83446.34375
843.1208763122559,1,2593.6,11742.3515625,83446.34375
844.1293864250183,1,1291.1,10624.58203125,83446.34375
845.1394734382629,1,1663.5,9577.94921875,83446.34375
846.1489338874817,1,1794.0,9050.859375,83446.34375
847.1635873317719,1,181.3,2995.1171875,83446.34375
848.1719362735748,1,3902.6,3188.515625,83446.34375
849.2158625125885,1,1196.4,8144.84765625,83446.34375
850.224939584732,1,2675.1,10081.51171875,83446.34375
851.2439360618591,1,3286.7,10848.796875,83446.34375
852.2620229721069,1,3198.1,10154.4609375,83446.34375
853.2801365852356,1,3937.1,13090.0859375,83470.34375
854.2878835201263,1,99.2,16585.4375,83470.34375
855.2948095798492,1,100.3,20161.61328125,83470.34375
856.3018529415131,1,1746.7,19153.8984375,83470.34375
857.3093333244324,1,100.3,22431.53515625,83470.34375
858.317155122757,1,102.2,25708.046875,83470.34375
859.3230724334717,1,106.4,28903.21875,83470.34375
860.3295712471008,1,107.3,32049.640625,83470.34375
861.3372826576233,1,106.2,34207.859375,83470.34375
862.3456954956055,1,107.1,33873.28125,83470.34375
863.3522660732269,1,106.3,33604.36328125,83470.34375
864.3606722354889,1,103.1,33440.36328125,83470.34375
865.3692371845245,1,222.1,33212.578125,83470.34375
866.3789701461792,1,1451.5,33191.0546875,83470.34375
867.3884019851685,1,976.8,33312.3828125,83470.34375
868.3979396820068,1,859.9,34251.15625,83470.34375
869.4182691574097,1,1053.4,33612.36328125,83470.34375
870.4281582832336,1,695.1,34011.015625,83470.34375
871.4389333724976,1,1237.9,35660.51953125,83470.34375
872.4588749408722,1,692.0,35328.83984375,83470.34375
873.4693229198456,1,1336.2,34461.640625,83470.34375
874.4793577194214,1,654.4,34219.30859375,83470.34375
875.4893703460693,1,103.0,36000.80078125,83470.34375
876.4989366531372,1,2261.5,38477.9375,83470.34375
877.5190854072571,1,1104.7,41634.234375,83470.34375
878.5278894901276,1,1540.4,37430.6953125,83470.34375
879.5365254878998,1,838.8,35360.48046875,83470.34375
880.5466208457947,1,884.1,35424.6484375,83470.34375
881.5554397106171,1,103.1,38094.5,83470.34375
882.5651319026947,1,105.0,40716.07421875,83470.34375
883.5739433765411,1,2670.5,43837.53515625,83470.34375
884.5982942581177,1,3076.0,47734.046875,83494.34375
885.606124162674,1,102.2,49046.02734375,83494.34375
886.6142299175262,1,266.8,41498.62109375,83494.34375
887.6220815181732,1,2661.0,40428.28125,83494.34375
888.628814458847,1,184.8,38036.2265625,83494.34375
889.6361367702484,1,1404.8,36699.1640625,83494.34375
890.6430115699768,1,1342.7,34903.92578125,83494.34375
891.6499817371368,1,372.4,17838.7109375,83494.34375
892.6579442024231,1,4575.8,17673.46875,83494.34375
893.6779322624207,1,4772.8,17372.015625,83494.34375
894.6979465484619,1,4771.0,19206.1328125,83494.34375
895.7220547199249,1,2597.7,19694.1875,83494.34375
896.7287473678589,1,1390.7,19223.60546875,83494.34375
897.735936164856,1,1693.8,10461.83984375,83494.34375
898.7542786598206,1,3355.5,10867.7109375,83494.34375
899.76238489151,1,2586.5,11807.0078125,83494.34375
900.7708098888397,1,1306.3,10650.5234375,83494.34375
901.7796227931976,1,1510.7,9618.82421875,83494.34375
902.7863624095917,1,1871.3,8920.35546875,83494.34375
903.7935523986816,1,102.3,3020.515625,83494.34375
904.8019325733185,1,3921.3,3174.890625,83494.34375
905.8406364917755,1,1158.0,8047.01953125,83494.34375
906.8489427566528,1,2626.3,10112.09765625,83494.34375
907.8677570819855,1,3300.4,10876.796875,83494.34375
908.8839354515076,1,3203.2,10171.71484375,83494.34375
909.8989429473877,1,4000.3,13051.41015625,83566.34375
910.906210899353,1,100.3,16534.046875,83566.34375
911.913491487503,1,99.3,20073.1171875,83566.34375
912.9213528633118,1,1738.3,19629.67578125,83566.34375
913.9281463623047,1,100.3,22973.1796875,83566.34375
914.9366412162781,1,104.1,26359.92578125,83566.34375
915.9442641735077,1,104.2,29695.234375,83566.34375
916.951090335846,1,108.3,32909.890625,83566.34375
917.9579005241394,1,107.3,34921.65234375,83566.34375
918.9658899307251,1,108.1,34667.65234375,83566.34375
919.9726421833038,1,106.3,34351.3984375,83566.34375
920.9801592826843,1,106.2,34080.53125,83566.34375
921.9894757270813,1,830.2,33841.7734375,83566.34375
922.9984865188599,1,1141.7,33670.046875,83566.34375
924.0086576938629,1,1093.0,33358.515625,83566.34375
925.0190961360931,1,1135.1,34669.22265625,83566.34375
926.028650522232,1,794.4,33508.4609375,83566.34375
927.0383677482605,1,477.4,34287.03515625,83566.34375
928.0484004020691,1,1887.1,36339.36328125,83566.34375
929.0579359531403,1,434.9,35014.66796875,83566.34375
930.0789413452148,1,1176.3,34095.203125,83566.34375
931.0964665412903,1,567.0,34632.296875,83566.34375
932.1054444313049,1,102.1,36608.57421875,83566.34375
933.1139345169067,1,3049.2,38544.8515625,83566.34375
934.1320025920868,1,512.7,40117.56640625,83566.34375
935.1417582035065,1,1651.8,37534.0703125,83566.34375
936.1514151096344,1,1115.4,34991.82421875,83566.34375
937.1625354290009,1,686.3,34604.76953125,83566.34375
938.1725406646729,1,104.0,36057.7109375,83566.34375
939.1819496154785,1,105.0,38658.234375,83566.34375
940.1900901794434,1,104.1,41378.87890625,83566.34375
941.1999433040619,1,4250.4,43528.484375,83566.34375
942.2191529273987,1,1583.5,48151.61328125,83566.34375
943.2264761924744,1,102.3,48458.46484375,83566.34375
944.2335786819458,1,286.0,40636.578125,83566.34375
945.2403995990753,1,2650.9,41178.46875,83566.34375
946.2479381561279,1,757.4,37368.32421875,83566.34375
947.2665019035339,1,1486.2,36041.28125,83566.34375
948.2738506793976,1,901.5,31883.38671875,83566.34375
949.2799391746521,1,1353.7,17858.125,83566.34375
950.2999336719513,1,4772.8,17599.7890625,83566.34375
951.3199305534363,1,4773.6,17353.9921875,83566.34375
952.3395888805389,1,3503.7,20011.3671875,83566.34375
953.3479399681091,1,2008.4,19595.76171875,83566.34375
954.3619351387024,1,2064.1,19016.015625,83614.34375
955.3709409236908,1,2680.7,10647.78125,83614.34375
956.3902325630188,1,2106.4,11930.35546875,83614.34375
957.3996474742889,1,2766.1,9957.78515625,83614.34375
958.4068636894226,1,1433.5,10250.1015625,83614.34375
959.4139561653137,1,1062.5,10023.703125,83614.34375
960.4211394786835,1,1511.1,2326.02734375,84126.3515625
961.4288654327393,1,1020.2,3345.36328125,83614.34375
962.4483075141907,1,3921.5,5312.4375,83614.34375
963.4562637805939,1,1473.2,8540.6484375,83614.34375
964.4659421443939,1,3083.4,10126.296875,83614.34375
965.4869327545166,1,3329.3,10860.2734375,83614.34375
966.5029473304749,1,2535.2,9030.99609375,83614.34375
967.5232484340668,1,3007.8,14260.39453125,83614.34375
968.5302181243896,1,99.3,17814.05078125,83614.34375
969.5379548072815,1,335.4,21178.95703125,83614.34375
970.5524458885193,1,1508.2,20262.39453125,83614.34375
971.55930519104,1,100.3,23664.0859375,83614.34375
972.5677306652069,1,105.1,26926.06640625,83614.34375
973.5744879245758,1,105.3,30196.0859375,83614.34375
974.5827476978302,1,106.1,33352.5390625,83614.34375
975.5896654129028,1,106.3,34130.609375,83614.34375
976.597277879715,1,107.2,33887.7890625,83614.34375
977.6041216850281,1,104.3,33632.60546875,83614.34375
978.6094031333923,1,103.4,33403.41015625,83614.34375
979.6190822124481,1,1269.7,33638.1328125,83614.34375
980.6275985240936,1,1184.0,33380.75390625,83614.34375
981.6360366344452,1,1141.3,34656.72265625,83614.34375
982.6452605724335,1,717.3,33593.33203125,83614.34375
983.6555275917053,1,456.4,35228.23828125,83614.34375
984.6671438217163,1,1656.6,37221.03515625,83614.34375
985.6774718761444,1,873.0,34625.3984375,83614.34375
986.6891264915466,1,1061.7,33900.22265625,83614.34375
987.6985013484955,1,103.0,36571.8671875,83614.34375
988.7089409828186,1,2949.4,38907.30078125,83614.34375
989.7351322174072,1,300.1,39236.55859375,83614.34375
990.744579076767,1,1544.4,37841.64453125,83614.34375
991.7530698776245,1,875.5,35188.578125,83614.34375
992.7626798152924,1,926.1,35076.20703125,83614.34375
993.7725291252136,1,106.0,37624.203125,83614.34375
994.7823116779327,1,103.0,40278.8046875,83614.34375
995.7919399738312,1,2053.3,43714.7890625,83614.34375
996.8126938343048,1,3831.1,47411.875,83614.34375
997.8206915855408,1,100.2,49050.2890625,83614.34375
998.8279721736908,1,215.4,41161.67578125,83614.34375
999.8619420528412,1,2318.0,40046.36328125,83614.34375
1000.88116979599,1,529.8,40913.48046875,83614.34375
1001.888548374176,1,1515.0,38099.3125,83614.34375
1002.8964323997498,1,1152.8,35390.55859375,83614.34375
1003.9035246372223,1,550.1,20367.2265625,83614.34375
1004.9119403362274,1,3903.4,17669.9296875,83614.34375
1005.9319314956665,1,4774.7,17397.98828125,83614.34375
1006.9519326686859,1,4772.5,17247.95703125,83614.34375
1007.9738392829895,1,2506.0,19804.44140625,83614.34375
1008.9921336174011,1,1682.1,19346.46875,83614.34375
1010.0006618499756,1,1417.9,10796.23046875,83614.34375
1011.0079369544983,1,3578.5,10769.06640625,83614.34375
1012.0263133049011,1,2601.5,11801.72265625,83614.34375
1013.0363161563873,1,1362.6,10439.41796875,83614.34375
1014.0436108112335,1,1533.1,9577.75,83614.34375
1015.0501937866211,1,1931.9,9323.59765625,83614.34375
1016.0580008029938,1,823.6,2517.44921875,83614.34375
1017.066944360733,1,2940.8,3184.76953125,83614.34375
1018.1111903190613,1,2005.2,6173.77734375,83614.34375
1019.1189806461334,1,1992.4,9998.68359375,83614.34375
1020.126932144165,1,3059.1,10844.265625,83614.34375
1021.1417424678802,1,3994.6,11066.51953125,83614.34375
1022.1479351520538,1,3272.6,11339.921875,83614.34375
1023.1692056655884,1,1125.0,15765.62109375,83614.34375
1024.1764256954193,1,99.3,19289.28515625,83614.34375
1025.1830534934998,1,1746.6,19900.20703125,83614.34375
1026.1894886493683,1,114.3,21704.4765625,83614.34375
1027.1980829238892,1,102.1,25104.99609375,83614.34375
1028.2045447826385,1,105.3,28300.1328125,83614.34375
1029.2122249603271,1,106.2,31487.60546875,83614.34375
1030.2189826965332,1,107.3,34243.41015625,83614.34375
1031.2258656024933,1,106.3,33936.0234375,83614.34375
1032.232975244522,1,107.2,33606.8984375,83614.34375
1033.2395129203796,1,103.3,33441.9296875,83614.34375
1034.2489359378815,1,529.1,33214.78125,83614.34375
1035.257028579712,1,1260.6,33286.69140625,83614.34375
1036.268095254898,1,1081.1,33119.1953125,83614.34375
1037.2774651050568,1,1091.8,34769.50390625,83614.34375
1038.2866241931915,1,1085.0,33841.2890625,83614.34375
1039.2954678535461,1,1819.9,36540.98828125,83614.34375
1040.3049430847168,1,269.5,35061.24609375,83614.34375
1041.3257777690887,1,1198.8,34357.19140625,83614.34375
1042.3352961540222,1,641.9,34704.5234375,83614.34375
1043.3457651138306,1,101.9,36856.94921875,83614.34375
1044.355681180954,1,3412.4,39899.2421875,83614.34375
1045.3626520633698,1,100.3,39320.25390625,83614.34375
1046.3706550598145,1,1495.1,37915.81640625,83614.34375
1047.3786661624908,1,1142.8,35257.68359375,83614.34375
1048.385840177536,1,552.0,35902.890625,83614.34375
1049.3927714824677,1,103.3,38432.73828125,83614.34375
1050.3998806476593,1,105.3,41014.421875,83614.34375
1051.4079430103302,1,3247.1,43782.86328125,83614.34375
1052.4272067546844,1,2541.9,47889.33984375,83614.34375
1053.4351017475128,1,102.2,49440.953125,83614.34375
1054.4419558048248,1,249.3,42028.79296875,83614.34375
1055.4488384723663,1,2658.7,40853.93359375,83614.34375
1056.4564950466156,1,184.6,38512.13671875,83614.34375
1057.4636857509613,1,1432.6,36509.82421875,83614.34375
1058.4710178375244,1,1405.7,34574.58203125,83614.34375
1059.4799354076385,1,596.8,17908.6640625,83614.34375
1060.499935388565,1,4771.4,17689.109375,83614.34375
1061.51993393898,1,4770.7,17372.52734375,83614.34375
1062.5408120155334,1,4769.4,19696.70703125,83614.34375
1063.55042886734,1,2148.1,19732.4609375,83614.34375
1064.5579416751862,1,1609.1,19095.359375,83614.34375
1065.5669376850128,1,1740.4,10576.2890625,83614.34375
1066.585692167282,1,3169.2,10951.6640625,83614.34375
1067.5930049419403,1,2620.7,11815.3046875,83614.34375
1068.6029391288757,1,1419.2,10647.9296875,83614.34375
1069.6177048683167,1,1601.3,9628.0390625,83614.34375
1070.62428855896,1,1844.8,9136.36328125,83614.34375
1071.6329596042633,1,557.1,2850.32421875,83614.34375
1072.6399388313293,1,3466.8,3139.98828125,83614.34375
1073.6846330165863,1,1498.0,6426.80859375,83614.34375
1074.6929445266724,1,2265.4,10081.3359375,83614.34375
1075.7138018608093,1,3318.8,10821.92578125,83614.34375
1076.7310671806335,1,3501.6,10565.9296875,83614.34375
1077.7491431236267,1,3819.7,12565.015625,83614.34375
1078.7702417373657,1,420.1,16287.45703125,83614.34375
1079.7777202129364,1,100.2,19802.48828125,83614.34375
1080.7845418453217,1,1755.1,19045.3515625,83614.34375
1081.7918148040771,1,100.3,22369.828125,83614.34375
1082.799605846405,1,103.2,25722.86328125,83614.34375
1083.8070983886719,1,105.2,28992.2265625,83614.34375
1084.814519405365,1,106.2,32173.61328125,83614.34375
1085.8212609291077,1,106.3,34474.51171875,83614.34375
1086.8283905982971,1,109.2,34143.265625,83614.34375
1087.8350694179535,1,106.3,33851.76171875,83614.34375
1088.843112707138,1,104.2,33650.30078125,83614.34375
1089.8507287502289,1,700.6,33419.2109375,83614.34375
1090.861872434616,1,1173.9,33349.57421875,83614.34375
1091.8713421821594,1,973.7,33218.5625,83614.34375
1092.8810153007507,1,1139.1,34600.58984375,83614.34375
1093.889794588089,1,766.2,33628.41015625,83614.34375
1094.8994874954224,1,465.5,35046.77734375,83614.34375
1095.909652709961,1,1813.6,35454.453125,83614.34375
1096.919000864029,1,1286.0,34667.26171875,83614.34375
1097.9281930923462,1,629.2,35221.64453125,83614.34375
1098.9379351139069,1,627.9,38704.66015625,83614.34375
1099.9580338001251,1,2762.2,40882.25390625,83614.34375
1100.9669361114502,1,698.8,36994.86328125,83614.34375
1101.9871425628662,1,1826.2,35611.04296875,83614.34375
1102.9949707984924,1,849.2,34345.26953125,83614.34375
1104.0050747394562,1,334.6,35253.41796875,83614.34375
1105.0146186351776,1,104.0,37617.05859375,83614.34375
1106.0239653587341,1,104.0,40285.953125,83614.34375
1107.032944202423,1,2420.4,43587.39453125,83614.34375
1108.0521693229675,1,3551.5,47513.88671875,83614.34375
1109.059100151062,1,102.3,49119.625,83614.34375
1110.0662331581116,1,370.4,41448.15625,83614.34375
1111.0739562511444,1,2526.4,40228.61328125,83614.34375
1112.0984163284302,1,240.1,39181.0859375,83614.34375
1113.1064429283142,1,1491.0,38295.87109375,83614.34375
1114.1139743328094,1,1152.5,35150.5703125,83614.34375
1115.120638370514,1,551.2,20291.921875,83614.34375
1116.1279428005219,1,3959.4,17736.328125,83614.34375
1117.1479351520538,1,4770.8,17461.125,83614.34375
1118.1679520606995,1,4741.6,17260.44140625,83614.34375
1119.1933853626251,1,2574.6,19693.61328125,83614.34375
1120.203961610794,1,1539.6,19281.89453125,83614.34375
1121.211933851242,1,1554.8,10644.67578125,83614.34375
1122.2300901412964,1,3443.5,10917.89453125,83614.34375
1123.2363908290863,1,2563.3,11931.9296875,83614.34375
1124.2457101345062,1,1327.7,10477.28125,83614.34375
1125.2523334026337,1,1554.0,9704.26953125,83614.34375
1126.2589333057404,1,1733.5,9578.35546875,83614.34375
1127.2698543071747,1,382.8,2882.4765625,83614.34375
1128.2769305706024,1,3444.8,3200.234375,83614.34375
1129.32097530365,1,1512.4,6469.875,83614.34375
1130.3279342651367,1,2336.0,10149.94140625,83614.34375
1131.3469367027283,1,3312.1,10925.078125,83614.34375
1132.365936756134,1,3523.1,10558.3671875,83614.34375
1133.3799409866333,1,3835.9,12708.1328125,83614.34375
1134.3997976779938,1,330.4,16361.07421875,83614.34375
1135.4071278572083,1,100.3,19940.6640625,83614.34375
1136.414633989334,1,1734.9,19073.33203125,83614.34375
1137.4222357273102,1,100.2,22436.046875,83614.34375
1138.429372549057,1,103.3,25754.09375,83614.34375
1139.4362740516663,1,103.3,29022.27734375,83614.34375
1140.443828344345,1,107.2,32268.58984375,83614.34375
1141.4505953788757,1,107.3,34292.19921875,83614.34375
1142.4585435390472,1,105.2,34057.18359375,83614.34375
1143.4644420146942,1,106.4,33752.82421875,83614.34375
1144.4711928367615,1,103.3,33512.24609375,83614.34375
1145.4809362888336,1,817.1,33493.1796875,83614.34375
1146.4961252212524,1,1286.3,33676.74609375,83614.34375
1147.5066678524017,1,1434.8,34675.5703125,83614.34375
1148.5155227184296,1,718.6,33647.40234375,83614.34375
1149.5264358520508,1,427.3,34269.8046875,83614.34375
1150.5378377437592,1,1711.4,36463.17578125,83614.34375
1151.547608613968,1,213.0,34987.8515625,83614.34375
1152.5561962127686,1,1619.1,33649.015625,83614.34375
1153.563526391983,1,119.1,36337.75,83614.34375
1154.570930480957,1,2604.1,38502.6875,83614.34375
1155.5856018066406,1,681.9,41688.9609375,83614.34375
1156.5929548740387,1,1561.5,37459.01171875,83614.34375
1157.6009333133698,1,907.9,35065.390625,83614.34375
1158.6166150569916,1,912.6,35476.8203125,83614.34375
1159.6239926815033,1,104.2,38070.76953125,83614.34375
1160.6307232379913,1,103.3,40756.73046875,83614.34375
1161.6379437446594,1,2820.7,43774.15234375,83614.34375
1162.6573071479797,1,3079.3,47792.32421875,83614.34375
1163.6642575263977,1,104.3,49362.1328125,83614.34375
1164.6712744235992,1,268.1,41631.8984375,83614.34375
1165.6786923408508,1,2653.2,40457.921875,83614.34375
1166.687381029129,1,180.4,38101.19140625,83614.34375
1167.6956543922424,1,1389.5,37189.24609375,83614.34375
1168.7028403282166,1,1329.4,34910.9765625,83614.34375
1169.7109038829803,1,371.0,17780.68359375,83614.34375
1170.7189438343048,1,4524.9,17637.5703125,83614.34375
1171.7389352321625,1,4768.9,17397.1015625,83614.34375
1172.7589483261108,1,4766.3,19072.359375,83614.34375
1173.7832686901093,1,2502.2,19730.37109375,83614.34375
1174.7931163311005,1,1569.5,19314.51953125,83614.34375
1175.7995059490204,1,1496.6,10593.15625,83614.34375
1176.80890250206,1,3652.6,10841.97265625,83614.34375
1177.8154563903809,1,2554.7,11918.4140625,83614.34375
1178.8245074748993,1,1330.1,10482.203125,83614.34375
1179.8319232463837,1,1530.9,9715.3828125,83614.34375
1180.838518857956,1,1624.3,9437.73046875,83614.34375
1181.844650030136,1,219.6,3084.99609375,83614.34375
1182.8519327640533,1,3647.6,3303.375,83614.34375
1183.890775680542,1,1337.0,6543.11328125,83614.34375
1184.8989391326904,1,2469.2,10122.28125,83614.34375
1185.9179372787476,1,3351.3,10883.0390625,83614.34375
1186.9362235069275,1,3457.9,10364.18359375,83614.34375
1187.9429421424866,1,3832.9,12767.66796875,83662.34375
1188.9539504051208,1,253.2,16275.73046875,83686.34375
1189.961548089981,1,100.2,19784.64453125,83686.34375
1190.9688942432404,1,1765.9,18977.5078125,83686.34375
1191.9768249988556,1,100.2,22302.87109375,83686.34375
1192.9838030338287,1,103.3,25643.02734375,83686.34375
1193.9914162158966,1,104.2,28922.53515625,83686.34375
1194.998479127884,1,106.2,32058.8671875,83686.34375
1196.0052161216736,1,108.3,34395.09765625,83686.34375
1197.0128445625305,1,106.2,34120.33984375,83686.34375
1198.019942522049,1,106.2,33859.23046875,83686.34375
1199.0275783538818,1,103.2,33630.8671875,83686.34375
1200.0370607376099,1,688.6,33382.6015625,83686.34375
1201.0439336299896,1,1316.9,33905.70703125,83686.34375
1202.0586757659912,1,710.4,34051.875,83686.34375
1203.0679404735565,1,1474.6,33629.125,83686.34375
1204.0808413028717,1,516.3,35555.54296875,83686.34375
1205.0906128883362,1,1584.6,37251.37890625,83686.34375
1206.1006486415863,1,889.9,34552.1953125,83686.34375
1207.110237121582,1,1014.4,34312.0859375,83686.34375
1208.120154619217,1,102.0,37045.6171875,83686.34375
1209.1290469169617,1,3131.2,40239.40234375,83686.34375
1210.1386556625366,1,175.3,37668.3984375,83686.34375
1211.1481611728668,1,1481.0,36217.66015625,83686.34375
1212.156789779663,1,1446.5,34615.71875,83686.34375
1213.1668019294739,1,383.2,36379.69921875,83686.34375
1214.1780924797058,1,104.8,38157.0390625,83686.34375
1215.1853051185608,1,104.2,40832.16796875,83686.34375
1216.1929461956024,1,3016.5,43748.8125,83686.34375
1217.2122540473938,1,2882.2,47765.87890625,83686.34375
1218.2189826965332,1,103.3,49410.328125,83686.34375
1219.2268238067627,1,269.9,41879.1171875,83686.34375
1220.2343146800995,1,2663.1,40642.03515625,83686.34375
1221.2418739795685,1,264.0,38173.3046875,83686.34375
1222.2496891021729,1,1392.2,37306.6953125,83686.34375
1223.2570750713348,1,1340.1,34895.9140625,83686.34375
1224.2638998031616,1,372.5,17790.6796875,83686.34375
1225.2698793411255,1,4535.5,17673.3515625,83686.34375
1226.2909348011017,1,4772.7,17431.11328125,83686.34375
1227.3119459152222,1,4757.7,19169.421875,83686.34375
1228.336445093155,1,2042.9,19797.0859375,83686.34375
1229.3449356555939,1,1726.6,19195.17578125,83686.34375
1230.3629367351532,1,1713.1,10736.5703125,83686.34375
1231.3816006183624,1,3073.3,11063.953125,83686.34375
1232.3899376392365,1,2673.0,11954.65234375,83686.34375
1233.4084672927856,1,1512.9,10703.86328125,83686.34375
1234.4247705936432,1,1413.8,9704.5546875,83686.34375
1235.4320785999298,1,1976.6,8721.0625,83686.34375
1236.439873456955,1,103.2,3186.85546875,83686.34375
1237.446931362152,1,4018.7,3218.99609375,83686.34375
1238.4761950969696,1,1113.4,8344.48828125,83686.34375
1239.4849412441254,1,2766.0,10153.2421875,83686.34375
1240.5049321651459,1,3319.9,10910.7734375,83686.34375
1241.5231578350067,1,3102.4,9948.25,83686.34375
1242.5306549072266,1,3769.9,13049.21484375,83758.34375
1243.5372197628021,1,99.3,16549.640625,83758.34375
1244.5441687107086,1,99.3,20123.44140625,83758.34375
1245.551783323288,1,1752.6,19838.93359375,83758.34375
1246.558747768402,1,100.3,23193.98046875,83758.34375
1247.565999031067,1,104.2,26467.5703125,83758.34375
1248.572863817215,1,106.3,29678.2421875,83758.34375
1249.5804183483124,1,108.2,32777.32421875,83758.34375
1250.5878086090088,1,109.2,34720.1328125,83758.34375
1251.5950622558594,1,108.2,34368.77734375,83758.34375
1252.6025621891022,1,107.2,34034.83984375,83758.34375
1253.6099016666412,1,104.2,33766.55859375,83758.34375
1254.6166982650757,1,781.8,33502.08984375,83758.34375
1255.626235961914,1,1102.4,33686.3671875,83758.34375
1256.6358180046082,1,1118.2,33503.28515625,83758.34375
1257.6459639072418,1,1008.8,34986.38671875,83758.34375
1258.655596256256,1,1078.8,33210.82421875,83758.34375
1259.6636872291565,1,163.6,34709.625,83758.34375
1260.671139240265,1,1853.3,36761.734375,83758.34375
1261.6792607307434,1,935.4,35284.44140625,83758.34375
1262.6873812675476,1,882.8,33858.30859375,83758.34375
1263.6957354545593,1,328.3,35796.2421875,83758.34375
1264.703929901123,1,1755.9,38547.41796875,83758.34375
1265.7184970378876,1,1718.8,41304.6640625,83758.34375
1266.7259452342987,1,1540.6,36990.1953125,83758.34375
1267.745011806488,1,994.0,36144.98828125,83758.34375
1268.7528460025787,1,1032.8,34506.56640625,83758.34375
1269.7608931064606,1,105.2,35871.99609375,83758.34375
1270.7692351341248,1,105.1,37837.22265625,83758.34375
1271.7756991386414,1,105.3,40479.984375,83758.34375
1272.7839415073395,1,2600.8,43659.70703125,83758.34375
1273.802222251892,1,3410.4,47609.9921875,83758.34375
1274.8087544441223,1,100.3,49171.125,83758.34375
1275.8163802623749,1,378.1,41408.03515625,83758.34375
1276.8238871097565,1,2659.9,40282.24609375,83758.34375
1277.8319399356842,1,102.2,38100.4921875,83758.34375
1278.8391258716583,1,1488.3,38283.8359375,83758.34375
1279.8468477725983,1,1169.9,34863.98828125,83758.34375
1280.8550548553467,1,524.7,18827.03125,83758.34375
1281.8629441261292,1,4247.7,17587.05078125,83758.34375
1282.8829319477081,1,4769.9,17326.6328125,83758.34375
1283.9029495716095,1,4768.1,17823.55078125,83758.34375
1284.923941373825,1,2480.0,19835.96875,83758.34375
1285.9344511032104,1,1479.4,19358.83203125,83758.34375
1286.9419343471527,1,1537.7,10711.78515625,83758.34375
1287.9579572677612,1,3585.7,10936.62890625,83758.34375
1288.9642391204834,1,2574.3,11900.16015625,83758.34375
1289.9728281497955,1,1383.2,10641.140625,83758.34375
1290.9799304008484,1,1626.7,9725.98828125,83758.34375
1291.986608505249,1,1824.8,9472.05859375,83758.34375
1292.9926795959473,1,325.9,2924.06640625,83758.34375
1294.0009307861328,1,3480.8,3224.765625,83758.34375
1295.045111656189,1,1471.0,6505.1015625,83758.34375
1296.0518505573273,1,2385.1,10101.84375,83758.34375
1297.0589361190796,1,3245.0,10872.4765625,83758.34375
1298.0792214870453,1,3495.2,10523.12890625,83758.34375
1299.0989570617676,1,3824.2,12653.82421875,83758.34375
1300.1189799308777,1,415.7,16282.01953125,83758.34375
1301.1269738674164,1,100.2,19843.5234375,83758.34375
1302.1338467597961,1,1750.9,19597.33203125,83758.34375
1303.1404135227203,1,99.3,22959.91796875,83758.34375
1304.1480281352997,1,104.2,26281.5390625,83758.34375
1305.1560988426208,1,106.1,29509.80859375,83758.34375
1306.1628165245056,1,107.3,32687.40625,83758.34375
1307.1702053546906,1,109.2,34803.15234375,83758.34375
1308.177773475647,1,109.2,34416.15625,83758.34375
1309.185112953186,1,108.2,34052.453125,83758.34375
1310.195068359375,1,104.0,33743.48046875,83758.34375
1311.2046344280243,1,755.7,33661.328125,83758.34375
1312.2144701480865,1,1017.9,33731.41796875,83758.34375
1313.2242577075958,1,1146.8,33393.5546875,83758.34375
1314.2350962162018,1,965.5,34922.515625,83758.34375
1315.2455894947052,1,1071.8,33168.140625,83758.34375
1316.255023241043,1,101.0,34640.15234375,83758.34375
1317.2647330760956,1,1774.6,36786.08203125,83758.34375
1318.2744512557983,1,900.3,35276.1953125,83758.34375
1319.2851016521454,1,933.1,33667.15625,83758.34375
1320.29594540596,1,267.1,36071.16015625,83758.34375
1321.3049352169037,1,2167.7,38543.63671875,83758.34375
1322.3251888751984,1,1209.4,41629.4453125,83758.34375
1323.3347387313843,1,1648.1,37289.90234375,83758.34375
1324.3438391685486,1,873.1,36074.125,83758.34375
1325.3528325557709,1,986.2,34880.51171875,83758.34375
1326.3611853122711,1,104.1,37513.84375,83758.34375
1327.3705806732178,1,105.0,40180.87109375,83758.34375
1328.379934310913,1,1865.7,43833.71875,83758.34375
1329.4002602100372,1,4052.2,47380.7421875,83758.34375
1330.4082345962524,1,101.2,49118.5546875,83758.34375
1331.4167077541351,1,102.1,41412.82421875,83758.34375
1332.4249436855316,1,2285.3,40120.2578125,83758.34375
1333.4444506168365,1,726.8,42101.94140625,83758.34375
1334.4516551494598,1,1560.7,37954.55078125,83758.34375
1335.4599425792694,1,1050.4,35201.07421875,83758.34375
1336.476061820984,1,631.8,22972.1796875,83758.34375
1337.4829442501068,1,3311.4,17657.265625,83758.34375
1338.5028145313263,1,4770.6,17398.88671875,83758.34375
1339.5239353179932,1,4770.2,17237.703125,83758.34375
1340.5449495315552,1,2536.6,19715.5,83758.34375
1341.5609877109528,1,1951.6,19406.1796875,83758.34375
1342.5692675113678,1,1515.5,12673.703125,83758.34375
1343.575956583023,1,3247.2,10813.47265625,83758.34375
1344.582995891571,1,2710.4,11952.265625,83758.34375
1345.6011090278625,1,1572.0,10260.8359375,83758.34375
1346.6067383289337,1,1579.1,9739.953125,83758.34375
1347.613318681717,1,1627.2,9424.96875,83758.34375
1348.6215567588806,1,909.4,2548.8203125,83758.34375
1349.6299331188202,1,2739.1,3314.81640625,83758.34375
1350.674509048462,1,2200.8,6195.17578125,83758.34375
1351.6821780204773,1,2006.6,10080.25,83758.34375
1352.6903192996979,1,2979.8,10843.46875,83758.34375
1353.6979382038116,1,3936.4,11344.87890625,83758.34375
1354.7163877487183,1,3233.0,11222.96875,83758.34375
1355.7375462055206,1,1525.7,15497.84765625,83758.34375
1356.7447612285614,1,99.3,19072.7109375,83758.34375
1357.7512130737305,1,1745.9,20877.05078125,83758.34375
1358.7586698532104,1,127.0,21366.73828125,83758.34375
1359.7658109664917,1,101.3,24777.80859375,83758.34375
1360.7737338542938,1,104.2,28046.9765625,83758.34375
1361.7810411453247,1,104.2,31237.50390625,83758.34375
1362.7887320518494,1,107.2,34336.5625,83758.34375
1363.796110868454,1,105.2,34030.48046875,83758.34375
1364.8031721115112,1,106.3,33719.1171875,83758.34375
1365.8107182979584,1,104.2,33489.44140625,83758.34375
1366.8182938098907,1,326.6,33285.5390625,83758.34375
1367.8279469013214,1,1360.7,33357.359375,83758.34375
1368.8370568752289,1,1065.2,33472.34375,83758.34375
1369.847041606903,1,491.1,34049.61328125,83758.34375
1370.8611710071564,1,1433.7,34103.26171875,83758.34375
1371.8707871437073,1,716.1,33888.36328125,83758.34375
1372.8819341659546,1,915.0,35680.5546875,83758.34375
1373.9033925533295,1,1044.4,35760.23046875,83758.34375
1374.9121766090393,1,1356.2,34617.00390625,83758.34375
1375.9211740493774,1,684.7,34301.734375,83758.34375
1376.931659936905,1,101.9,35818.27734375,83758.34375
1377.9429333209991,1,1572.6,38601.421875,83758.34375
1378.9631474018097,1,1841.6,41266.72265625,83758.34375
1379.9711980819702,1,1531.6,37125.15625,83758.34375
1380.9800972938538,1,812.7,35999.75390625,83758.34375
1381.9882204532623,1,923.6,34442.62890625,83758.34375
1382.9948434829712,1,101.3,37066.9140625,83758.34375
1384.001853942871,1,105.3,39701.98828125,83758.34375
1385.0089440345764,1,992.1,43881.140625,83758.34375
1386.0289359092712,1,4772.7,46957.36328125,83758.34375
1387.040405511856,1,133.5,48870.30078125,83758.34375
1388.0472376346588,1,101.3,43953.2265625,83758.34375
1389.0549442768097,1,1599.7,40201.7578125,83758.34375
1390.0745105743408,1,1361.3,42013.79296875,83758.34375
1391.082030057907,1,1495.7,37829.01171875,83758.34375
1392.0891613960266,1,828.2,35431.1796875,83758.34375
1393.0971536636353,1,865.0,25597.36328125,83758.34375
1394.1059408187866,1,2768.8,17719.9140625,83758.34375
1395.1259326934814,1,4775.8,17530.7109375,83758.34375
1396.1469309329987,1,4773.8,17266.00390625,83758.34375
1397.1670253276825,1,2462.5,19732.41796875,83758.34375
1398.1760663986206,1,2471.6,19344.39453125,83758.34375
1399.1921393871307,1,1572.5,14976.26171875,83758.34375
1400.1994292736053,1,3285.0,10546.1171875,83758.34375
1401.2067606449127,1,2333.7,11898.2265625,83758.34375
1402.2155911922455,1,1509.8,10221.109375,83758.34375
1403.222605228424,1,1735.1,9719.5,83758.34375
1404.2291722297668,1,1414.5,9375.375,83758.34375
1405.2362360954285,1,730.8,2493.1328125,83758.34375
1406.243933916092,1,2760.8,3283.7734375,83758.34375
1407.286618232727,1,2160.7,6192.20703125,83758.34375
1408.295173883438,1,1992.0,10086.3046875,83758.34375
1409.3029336929321,1,2977.3,10919.63671875,83758.34375
1410.317937374115,1,4034.4,11341.33203125,83758.34375
1411.3289411067963,1,3232.3,11184.04296875,83758.34375
1412.3488318920135,1,1387.3,15562.7734375,83758.34375
1413.3565938472748,1,100.2,19104.02734375,83758.34375
1414.3636419773102,1,1734.7,21120.6484375,83758.34375
1415.3715422153473,1,119.1,21484.11328125,83758.34375
1416.3786842823029,1,101.3,24905.3671875,83758.34375
1417.3870177268982,1,105.1,28116.3828125,83758.34375
1418.3951604366302,1,105.1,31362.5078125,83758.34375
1419.402278661728,1,106.2,34532.0078125,83758.34375
1420.408942937851,1,108.3,34230.7265625,83758.34375
1421.415813922882,1,106.3,33934.82421875,83758.34375
1422.4235231876373,1,105.2,33690.0234375,83758.34375
1423.4307038784027,1,280.0,33417.16796875,83758.34375
1424.4378099441528,1,1319.6,33693.8203125,83758.34375
1425.4451382160187,1,1070.9,33490.70703125,83758.34375
1426.453933954239,1,1019.2,33913.5,83758.34375
1427.4684982299805,1,939.2,33838.08984375,83758.34375
1428.4769341945648,1,656.6,35709.90234375,83758.34375
1429.4917204380035,1,1077.8,36383.8203125,83758.34375
1430.499428510666,1,1453.1,34111.1796875,83758.34375
1431.5077068805695,1,380.8,35818.5859375,83758.34375
1432.5149328708649,1,1600.7,38671.22265625,83758.34375
1433.5297915935516,1,1587.2,41349.59375,83758.34375
1434.5366027355194,1,788.7,36937.453125,83758.34375
1435.547812461853,1,967.1,35581.078125,83758.34375
1436.5709342956543,1,1567.8,34138.8515625,83758.34375
1437.5801212787628,1,134.7,36653.75390625,83758.34375
1438.5896515846252,1,105.0,39292.97265625,83758.34375
1439.5988087654114,1,480.6,43804.58984375,83758.34375
1440.6209514141083,1,4774.7,43581.09765625,83758.34375
1441.6455175876617,1,798.4,48611.91796875,83782.34375
1442.6522517204285,1,102.3,46199.3359375,83782.34375
1443.6599471569061,1,857.4,40095.08203125,83782.34375
1444.6792650222778,1,2146.4,41477.6875,83782.34375
1445.6879694461823,1,1324.3,37398.11328125,83782.34375
1446.7142405509949,1,924.0,36249.76953125,83782.34375
1447.7220091819763,1,893.9,28395.57421875,83782.34375
1448.7288527488708,1,2168.3,17731.38671875,83782.34375
1449.7499351501465,1,4771.5,17499.6953125,83782.34375
1450.7699301242828,1,4775.6,17276.65625,83782.34375
1451.7899780273438,1,3333.9,20066.08984375,83782.34375
1452.7968213558197,1,1982.3,19732.2421875,83782.34375
1453.8048267364502,1,2121.3,19009.29296875,83782.34375
1454.8129386901855,1,2795.2,10537.65625,83782.34375
1455.8329377174377,1,2226.6,12114.70703125,83782.34375
1456.8517668247223,1,2270.9,10224.23828125,83782.34375
1457.8597280979156,1,1580.4,9917.73046875,83782.34375
1458.8679330348969,1,1274.7,10021.484375,83782.34375
1459.880075454712,1,1049.1,2713.59375,84294.3515625
1460.887933254242,1,1803.9,3337.91796875,83782.34375
1461.9304513931274,1,3106.7,5726.83984375,83782.34375
1462.9372534751892,1,1977.5,12825.79296875,83782.34375
1463.9441888332367,1,2930.7,10327.40625,83782.34375
1464.9521844387054,1,3592.2,10981.75,83782.34375
1465.9599430561066,1,2601.9,10156.67578125,83782.34375
1466.981095790863,1,2190.6,14940.453125,83782.34375
1467.9885170459747,1,100.3,18505.55859375,83782.34375
1468.9969553947449,1,1245.4,21202.234375,83782.34375
1470.0095326900482,1,594.6,20929.60546875,83782.34375
1471.0171873569489,1,103.2,24284.30859375,83782.34375
1472.0241360664368,1,103.3,27534.8515625,83782.34375
1473.0313506126404,1,105.2,30766.92578125,83782.34375
1474.0385842323303,1,105.2,33946.8125,83782.34375
1475.0464942455292,1,107.2,34306.55078125,83782.34375
1476.0540173053741,1,106.2,34051.140625,83782.34375
1477.061687707901,1,105.2,33840.08203125,83782.34375
1478.0698778629303,1,103.2,33563.640625,83782.34375
1479.077121257782,1,1394.9,33731.5234375,83782.34375
1480.087519645691,1,947.1,33917.22265625,83782.34375
1481.0985455513,1,656.7,34133.7265625,83782.34375
1482.108793258667,1,1444.3,34084.8671875,83782.34375
1483.119330406189,1,706.6,33844.26171875,83782.34375
1484.1299340724945,1,745.2,35655.70703125,83782.34375
1485.1509442329407,1,1235.0,35265.53515625,83782.34375
1486.1636254787445,1,1352.6,34371.16015625,83782.34375
1487.1733241081238,1,697.2,34510.49609375,83782.34375
1488.183114528656,1,103.0,36350.4375,83782.34375
1489.1929323673248,1,2570.1,38617.9921875,83782.34375
1490.2130391597748,1,898.8,41474.29296875,83782.34375
1491.2220375537872,1,1602.6,37520.86328125,83782.34375
1492.2311668395996,1,956.4,35120.4453125,83782.34375
1493.239857673645,1,850.4,35232.77734375,83782.34375
1494.2478969097137,1,102.2,37892.8359375,83782.34375
1495.2562074661255,1,106.1,40541.9765625,83782.34375
1496.2639462947845,1,2426.3,43829.7421875,83782.34375
1497.2832174301147,1,3412.1,47571.1875,83782.34375
1498.290236711502,1,102.3,48854.35546875,83782.34375
1499.2980024814606,1,364.2,41344.71484375,83782.34375
1500.3056523799896,1,2666.9,40253.17578125,83782.34375
1501.3127427101135,1,104.3,38843.0859375,83782.34375
1502.3206405639648,1,1480.1,38356.8515625,83782.34375
1503.3282968997955,1,1168.1,35025.41796875,83782.34375
1504.3364298343658,1,539.6,19627.19921875,83782.34375
1505.3439409732819,1,4114.3,17750.98828125,83782.34375
1506.3639328479767,1,4775.8,17474.76953125,83782.34375
1507.3839502334595,1,4761.4,17599.015625,83782.34375
1508.4049518108368,1,2471.0,19802.51171875,83782.34375
1509.4210360050201,1,1416.4,19364.1875,83782.34375
1510.427859544754,1,1632.8,10661.3828125,83782.34375
1511.4475679397583,1,3448.4,10956.10546875,83782.34375
1512.4552161693573,1,2558.4,11882.90625,83782.34375
1513.4635887145996,1,1313.3,10720.5625,83782.34375
1514.4697704315186,1,1689.6,9692.2578125,83782.34375
1515.4766778945923,1,1980.3,9543.01953125,83782.34375
1516.4840495586395,1,452.6,2841.33203125,83782.34375
1517.492934703827,1,3371.1,3208.62890625,83782.34375
1518.5386307239532,1,1577.8,6425.41015625,83782.34375
1519.5469388961792,1,2287.4,10077.546875,83782.34375
1520.565937757492,1,3291.4,10872.3046875,83782.34375
1521.5849349498749,1,3506.5,10593.8125,83782.34375
1522.600942850113,1,3747.7,12687.94921875,83782.34375
1523.6207792758942,1,359.8,16394.84765625,83782.34375
1524.628531217575,1,100.2,19948.76171875,83782.34375
1525.635333776474,1,1753.1,19081.42578125,83782.34375
1526.643236398697,1,100.2,22387.94921875,83782.34375
1527.650488615036,1,105.2,25645.52734375,83782.34375
1528.658160686493,1,103.2,28974.02734375,83782.34375
1529.6656711101532,1,107.2,32162.28125,83782.34375
1530.6723184585571,1,105.3,34347.5078125,83782.34375
1531.6803658008575,1,107.1,34058.53515625,83782.34375
1532.687629699707,1,106.2,33758.83203125,83782.34375
1533.694569826126,1,104.3,33530.125,83782.34375
1534.701655626297,1,770.5,33388.23828125,83782.34375
1535.7109415531158,1,1208.9,33863.37890625,83782.34375
1536.7325234413147,1,866.3,33879.44921875,83782.34375
1537.7424380779266,1,1373.3,33662.5703125,83782.34375
1538.752583026886,1,666.2,33971.06640625,83782.34375
1539.7629334926605,1,1231.5,35610.078125,83782.34375
1540.7832388877869,1,689.9,35329.88671875,83782.34375
1541.7939648628235,1,1311.8,34093.16796875,83782.34375
1542.8345470428467,1,627.6,34583.66015625,83782.34375
1543.8443939685822,1,102.0,36382.8984375,83782.34375
1544.8538563251495,1,2737.4,38536.8984375,83782.34375
1545.8696174621582,1,641.9,41667.3203125,83782.34375
1546.8747246265411,1,1699.9,37305.98828125,83782.34375
1547.8829810619354,1,792.5,36139.66796875,83782.34375
1548.8901731967926,1,901.5,35083.16796875,83782.34375
1549.897786140442,1,105.2,37668.84375,83782.34375
1550.9052889347076,1,102.2,40375.60546875,83782.34375
1551.9129385948181,1,2184.4,43766.71484375,83782.34375
1552.9322137832642,1,3630.8,47448.42578125,83782.34375
1553.939785003662,1,102.2,48918.5859375,83782.34375
1554.9469611644745,1,305.8,41329.28125,83782.34375
1555.955195903778,1,2394.4,40105.109375,83782.34375
1556.9683029651642,1,378.0,40925.07421875,83782.34375
1557.975037097931,1,1475.1,38156.0,83782.34375
1558.9822475910187,1,1344.3,35317.66796875,83782.34375
1559.9893193244934,1,548.1,21834.8359375,83782.34375
1560.997946023941,1,3619.9,17682.33984375,83782.34375
1562.0179333686829,1,4772.9,17375.83984375,83782.34375
1563.0379321575165,1,4773.5,17260.53125,83782.34375
1564.0579431056976,1,2547.9,19699.3984375,83782.34375
1565.0711147785187,1,1930.5,19413.6015625,83782.34375
1566.079091310501,1,1477.2,12489.33203125,83782.34375
1567.086782693863,1,3278.1,10795.90625,83782.34375
1568.093477487564,1,2618.6,12005.5234375,83782.34375
1569.1093382835388,1,1449.4,10318.18359375,83782.34375
1570.118177652359,1,1685.2,9778.515625,83782.34375
1571.1245839595795,1,1531.9,9480.23046875,83782.34375
1572.1315875053406,1,1008.0,2485.875,83782.34375
1573.1389422416687,1,2490.8,3321.328125,83782.34375
1574.1834819316864,1,2435.4,6103.07421875,83782.34375
1575.1904623508453,1,1928.8,10042.41796875,83782.34375
1576.196632862091,1,2951.3,10711.5078125,83782.34375
1577.2039341926575,1,3731.4,11379.90234375,83782.34375
1578.2189447879791,1,3227.3,11019.6328125,83782.34375
1579.238524198532,1,1570.2,15447.0078125,83782.34375
1580.2453045845032,1,99.3,18988.296875,83782.34375
1581.253238916397,1,1726.3,21205.46484375,83782.34375
1582.2610921859741,1,118.1,21924.82421875,83782.34375
1583.2698092460632,1,101.1,25311.0390625,83782.34375
1584.2763612270355,1,105.3,28606.32421875,83782.34375
1585.2833862304688,1,107.2,31820.5390625,83782.34375
1586.2901651859283,1,107.3,34881.078125,83782.34375
1587.2980790138245,1,109.1,34539.859375,83782.34375
1588.305006980896,1,106.3,34273.53125,83782.34375
1589.3117260932922,1,107.3,33933.1328125,83782.34375
1590.3187477588654,1,393.3,33705.0546875,83782.34375
1591.3248255252838,1,1290.9,33500.59765625,83782.34375
1592.3319466114044,1,944.4,33406.25,83782.34375
1593.3399078845978,1,1109.0,34187.9296875,83782.34375
1594.348271369934,1,1049.3,33730.9609375,83782.34375
1595.3554904460907,1,1630.1,36471.94140625,83782.34375
1596.363319158554,1,149.8,35211.48828125,83782.34375
1597.3702509403229,1,1597.9,33773.109375,83782.34375
1598.3792204856873,1,207.1,36257.41796875,83782.34375
1599.3869333267212,1,2410.7,38578.828125,83782.34375
1600.4016568660736,1,857.2,41321.953125,83782.34375
1601.4082169532776,1,1589.7,37595.73046875,83782.34375
1602.4159412384033,1,860.4,35259.7421875,83782.34375
1603.4225792884827,1,937.7,34861.4921875,83782.34375
1604.429987192154,1,104.2,37433.90234375,83782.34375
1605.4375593662262,1,105.2,40060.70703125,83782.34375
1606.4449377059937,1,1654.9,43782.68359375,83782.34375
1607.4634733200073,1,4208.6,47310.33203125,83782.34375
1608.4701752662659,1,100.3,48978.14453125,83782.34375
1609.477537870407,1,103.2,42063.41796875,83782.34375
1610.4849445819855,1,2133.4,40252.5703125,83782.34375
1611.5041913986206,1,882.9,42124.57421875,83782.34375
1612.510802745819,1,1462.3,37966.59375,83782.34375
1613.5179340839386,1,879.9,35262.76171875,83782.34375
1614.5329031944275,1,847.2,24004.21875,83782.34375
1615.540943622589,1,3161.8,17700.7578125,83782.34375
1616.560931444168,1,4770.9,17467.8046875,83782.34375
1617.5809314250946,1,4773.6,17273.34375,83782.34375
1618.6019489765167,1,2729.4,19716.6171875,83782.34375
1619.6207559108734,1,2304.4,19325.1328125,83782.34375
1620.6293416023254,1,1531.0,14546.5625,83782.34375
1621.6367359161377,1,3275.7,10628.48828125,83782.34375
1622.6443316936493,1,2536.8,11927.328125,83782.34375
1623.6558363437653,1,1299.0,10265.62890625,83782.34375
1624.6663534641266,1,2067.7,9760.125,83782.34375
1625.6728312969208,1,1449.6,9306.53515625,83782.34375
1626.6788320541382,1,738.4,2353.078125,83782.34375
1627.685937166214,1,2408.0,3273.58984375,83782.34375
1628.730682849884,1,2507.7,5988.3515625,83782.34375
1629.7386095523834,1,1996.2,10164.63671875,83782.34375
1630.746454000473,1,2954.4,10683.421875,83782.34375
1631.7519612312317,1,3645.4,11338.41796875,83782.34375
1632.7639424800873,1,3178.0,10680.4765625,83782.34375
1633.7868177890778,1,1762.6,15242.1171875,83782.34375
1634.7935757637024,1,100.3,18767.57421875,83782.34375
1635.8019738197327,1,1544.5,21207.83984375,83782.34375
1636.8343389034271,1,291.6,21595.78125,83782.34375
1637.8417384624481,1,102.2,24971.53515625,83782.34375
1638.8499448299408,1,104.1,28312.41796875,83782.34375
1639.857311964035,1,106.2,31500.74609375,83782.34375
1640.8645918369293,1,108.2,34596.00390625,83782.34375
1641.8714549541473,1,108.3,34380.33203125,83782.34375
1642.8783829212189,1,107.3,34058.5625,83782.34375
1643.8857505321503,1,103.2,33845.89453125,83782.34375
1644.8926405906677,1,264.2,33581.41015625,83782.34375
1645.9019405841827,1,1409.8,33594.7109375,83782.34375
1646.9121215343475,1,1070.0,33681.234375,83782.34375
1647.9229423999786,1,596.6,34398.23828125,83782.34375
1648.9438679218292,1,1328.0,33931.984375,83782.34375
1649.9535739421844,1,709.1,34003.66796875,83782.34375
1650.9639348983765,1,1040.5,35678.33203125,83782.34375
1651.9839389324188,1,1756.9,35092.3125,83782.34375
1652.991553068161,1,951.7,33782.63671875,83782.34375
1653.999356508255,1,241.1,36133.5390625,83782.34375
1655.0089337825775,1,2191.3,38631.9140625,83782.34375
1656.0289611816406,1,1371.4,41333.62109375,83782.34375
1657.0389330387115,1,1562.6,37074.8828125,83782.34375
1658.0504591464996,1,1051.7,35972.48828125,83782.34375
1659.0608401298523,1,867.9,34420.83203125,83782.34375
1660.072012424469,1,295.7,35419.4296875,83782.34375
1661.0816929340363,1,103.0,37338.58984375,83782.34375
1662.0900099277496,1,106.1,39864.42578125,83782.34375
1663.0989332199097,1,1602.8,43643.3828125,83782.34375
1664.1200051307678,1,4395.9,47213.7734375,83806.34375
1665.126769542694,1,101.3,48878.02734375,83806.34375
1666.1338624954224,1,102.3,43270.4140625,83806.34375
1667.141946554184,1,1732.2,40093.55859375,83806.34375
1668.1623814105988,1,1226.9,41945.56640625,83806.34375
1669.1702845096588,1,1556.7,37761.1328125,83806.34375
1670.1780517101288,1,829.6,35468.2109375,83806.34375
1671.1850917339325,1,869.9,25284.33984375,83806.34375
1672.1929397583008,1,2885.5,17748.2890625,83806.34375
1673.212933063507,1,4772.8,17493.54296875,83806.34375
1674.2329304218292,1,4771.6,17275.3046875,83806.34375
1675.2529373168945,1,2892.1,19754.31640625,83806.34375
1676.2761738300323,1,2409.7,19457.16015625,83806.34375
1677.2842960357666,1,1529.6,14677.85546875,83806.34375
1678.2919580936432,1,3269.9,10746.9921875,83806.34375
1679.300388097763,1,2436.3,11977.953125,83806.34375
1680.3095729351044,1,1452.8,10323.26953125,83806.34375
1681.3167655467987,1,1909.6,9795.921875,83806.34375
1682.3239336013794,1,1656.0,9683.96484375,83806.34375
1683.3422372341156,1,1856.8,2304.34375,84318.3515625
1684.3509366512299,1,1194.7,3267.76171875,83806.34375
1685.3938682079315,1,3696.1,5409.37109375,83806.34375
1686.4019360542297,1,1565.5,10745.65234375,83806.34375
1687.4209561347961,1,3228.0,10082.890625,83806.34375
1688.4469320774078,1,3335.1,10835.359375,83806.34375
1689.462946176529,1,2530.3,9528.8046875,83806.34375
1690.4831330776215,1,2611.2,14626.30078125,83830.34375
1691.4904625415802,1,99.3,18176.1015625,83830.34375
1692.4979581832886,1,798.0,21200.39453125,83830.34375
1693.511300086975,1,1060.9,20621.83984375,83830.34375
1694.5181393623352,1,99.3,24064.92578125,83830.34375
1695.5256860256195,1,106.2,27322.84375,83830.34375
1696.53329539299,1,105.2,30502.21484375,83830.34375
1697.5406234264374,1,108.2,33628.01171875,83830.34375
1698.5479803085327,1,108.2,34135.734375,83830.34375
1699.5549778938293,1,105.3,33865.25,83830.34375
1700.5630111694336,1,105.2,33583.6328125,83830.34375
1701.5696218013763,1,103.3,33396.6875,83830.34375
1702.5769627094269,1,1153.5,33437.0390625,83830.34375
1703.591186761856,1,1134.8,33629.40625,83830.34375
1704.6008563041687,1,617.0,33996.0625,83830.34375
1705.6109914779663,1,1366.2,34054.44921875,83830.34375
1706.6214249134064,1,676.0,33844.44921875,83830.34375
1707.6319334506989,1,728.5,35723.7421875,83830.34375
1708.6519377231598,1,1790.2,35019.59375,83830.34375
1709.6679558753967,1,988.0,33797.68359375,83830.34375
1710.682224035263,1,301.7,35002.1328125,83830.34375
1711.6929683685303,1,101.9,36979.96484375,83830.34375
1712.7026016712189,1,3214.0,40088.4375,83830.34375
1713.711280822754,1,101.1,37570.82421875,83830.34375
1714.724664926529,1,1541.3,37968.59765625,83830.34375
1715.7315592765808,1,1174.9,35285.2109375,83830.34375
1716.7397329807281,1,617.0,35460.4609375,83830.34375
1717.7475402355194,1,103.2,38143.06640625,83830.34375
1718.755239725113,1,105.2,40766.18359375,83830.34375
1719.762948513031,1,2868.0,43812.421875,83830.34375
1720.781136751175,1,2912.3,47773.21484375,83830.34375
1721.7890379428864,1,103.2,49210.27734375,83830.34375
1722.7969212532043,1,363.1,41617.1328125,83830.34375
1723.8047857284546,1,2840.2,40282.078125,83830.34375
1724.8119592666626,1,117.2,37984.6171875,83830.34375
1725.8339812755585,1,1461.8,38321.01171875,83830.34375
1726.8407690525055,1,1321.9,34903.23828125,83830.34375
1727.849097251892,1,544.5,19679.17578125,83830.34375
1728.8559448719025,1,4083.3,17671.04296875,83830.34375
1729.875935792923,1,4773.9,17414.6640625,83830.34375
1730.8959481716156,1,4769.1,17305.65234375,83830.34375
1731.9168937206268,1,2537.9,19934.63671875,83830.34375
1732.927407503128,1,1417.2,19439.90234375,83830.34375
1733.9352369308472,1,1652.1,10588.7890625,83830.34375
1734.9449684619904,1,3431.1,10905.421875,83830.34375
1735.9524159431458,1,2583.7,11931.70703125,83830.34375
1736.960340976715,1,1288.1,10701.53125,83830.34375
1737.969156742096,1,1667.3,9670.05859375,83830.34375
1738.9756295681,1,1848.9,9279.1953125,83830.34375
1739.9914886951447,1,736.2,2826.65625,83830.34375
1740.99893450737,1,3297.4,3214.7265625,83830.34375
1742.042763710022,1,1658.5,6436.59765625,83830.34375
1743.050954580307,1,2154.9,10156.99609375,83830.34375
1744.0687701702118,1,3271.2,10873.0390625,83830.34375
1745.0882685184479,1,3493.6,10537.80859375,83830.34375
1746.099953174591,1,3786.8,12158.3984375,83830.34375
1747.1199889183044,1,687.2,16109.58203125,83830.34375
1748.126624584198,1,100.3,19660.88671875,83830.34375
1749.134009361267,1,1754.0,19271.70703125,83830.34375
1750.1412665843964,1,100.3,22630.328125,83830.34375
1751.149297952652,1,103.2,25991.9453125,83830.34375
1752.1567196846008,1,105.2,29201.39453125,83830.34375
1753.1633908748627,1,108.3,32318.94921875,83830.34375
1754.17099070549,1,108.2,34718.734375,83830.34375
1755.1789767742157,1,107.1,34404.375,83830.34375
1756.186761856079,1,109.1,34040.875,83830.34375
1757.1942052841187,1,105.2,33793.91015625,83830.34375
1758.2009370326996,1,651.7,33607.80078125,83830.34375
1759.2112920284271,1,1211.3,33389.63671875,83830.34375
1760.2230007648468,1,986.4,33522.5234375,83830.34375
1761.2339346408844,1,1141.7,34349.6015625,83830.34375
1762.245944261551,1,749.9,33579.3515625,83830.34375
1763.2669796943665,1,608.1,34090.10546875,83830.34375
1764.2779350280762,1,1527.5,35666.91015625,83830.34375
1765.2980041503906,1,484.2,35321.1640625,83830.34375
1766.30859375,1,1331.1,34160.109375,83830.34375
1767.3162846565247,1,690.7,34441.109375,83830.34375
1768.323560476303,1,102.3,36070.85546875,83830.34375
1769.3319308757782,1,2279.2,38550.4296875,83830.34375
1770.346506357193,1,1244.7,41479.8828125,83830.34375
1771.35400223732,1,1588.1,37231.3125,83830.34375
1772.3609669208527,1,850.1,35799.39453125,83830.34375
1773.3687026500702,1,991.3,35050.4609375,83830.34375
1774.376255273819,1,104.2,37648.5625,83830.34375
1775.38303232193,1,105.3,40335.8359375,83830.34375
1776.3909339904785,1,2129.4,43784.25390625,83830.34375
1777.4091796875,1,3819.9,47499.4140625,83830.34375
1778.4167265892029,1,101.2,49216.3046875,83830.34375
1779.4237310886383,1,359.5,41441.53125,83830.34375
1780.4319655895233,1,2406.0,40225.55859375,83830.34375
1781.4579639434814,1,345.1,39660.82421875,83830.34375
1782.4653387069702,1,1491.0,38229.9375,83830.34375
1783.4733700752258,1,1142.8,35476.76171875,83830.34375
1784.4801132678986,1,550.3,20540.4453125,83830.34375
1785.487944841385,1,3890.8,17675.609375,83830.34375
1786.5079345703125,1,4773.8,17421.84375,83830.34375
1787.5279324054718,1,4768.6,17182.9140625,83830.34375
1788.5399460792542,1,2501.8,19844.5625,83830.34375
1789.5569396018982,1,1545.8,19306.36328125,83830.34375
1790.5645356178284,1,1457.8,10644.421875,83830.34375
1791.5749335289001,1,3603.0,10842.640625,83830.34375
1792.5913639068604,1,2562.4,11835.5625,83830.34375
1793.599669933319,1,1299.4,10508.30078125,83830.34375
1794.6071095466614,1,1794.8,9620.73046875,83830.34375
1795.6139333248138,1,1687.4,9418.8671875,83830.34375
1796.6201748847961,1,572.4,2631.50390625,83830.34375
1797.6279332637787,1,3103.1,3175.0859375,83830.34375
1798.6716153621674,1,1832.8,6239.51953125,83830.34375
1799.6799721717834,1,1981.3,10143.73828125,83830.34375
1800.705934047699,1,3319.5,10937.859375,83830.34375
1801.720957517624,1,3693.0,10460.9453125,83830.34375
1802.7289445400238,1,3536.9,11948.578125,83830.34375
1803.7488369941711,1,901.0,15935.86328125,83854.34375
1804.7568953037262,1,100.2,19498.9296875,83854.34375
1805.7634553909302,1,1752.5,19277.8125,83854.34375
1806.7706973552704,1,104.2,21820.0703125,83854.34375
1807.777413368225,1,101.3,25177.34375,83854.34375
1808.7853248119354,1,103.2,28476.8125,83854.34375
1809.7923488616943,1,106.3,31721.37109375,83854.34375
1810.8000576496124,1,107.2,34444.12890625,83854.34375
1811.8074004650116,1,106.2,34184.53515625,83854.34375
1812.8143887519836,1,106.3,33884.99609375,83854.34375
1813.8221180438995,1,105.2,33626.44140625,83854.34375
1814.8311414718628,1,550.1,33445.32421875,83854.34375
1815.8404288291931,1,1324.4,33345.19140625,83854.34375
1816.850830078125,1,1025.3,33293.3828125,83854.34375
1817.8602118492126,1,1172.2,34691.5703125,83854.34375
1818.8694870471954,1,1032.3,33327.34375,83854.34375
1819.8802552223206,1,218.6,34726.3046875,83854.34375
1820.8895208835602,1,1867.9,37013.90625,83854.34375
1821.8986508846283,1,1390.2,34467.29296875,83854.34375
1822.9075207710266,1,633.4,34497.41796875,83854.34375
1823.9173815250397,1,101.0,35985.65625,83854.34375
1824.9289331436157,1,1880.6,38536.8828125,83854.34375
1825.9488320350647,1,1586.2,41465.3984375,83854.34375
1826.9576938152313,1,1523.5,37275.328125,83854.34375
1827.9667077064514,1,802.8,36314.2890625,83854.34375
1828.975853919983,1,917.6,35195.3046875,83854.34375
1829.9855720996857,1,103.0,37772.27734375,83854.34375
1830.994909286499,1,105.0,40364.9609375,83854.34375
1832.0049419403076,1,2011.9,43905.9453125,83854.34375
1833.0292706489563,1,3746.7,47486.06640625,83854.34375
1834.0366833209991,1,101.2,49235.2109375,83854.34375
1835.0449492931366,1,284.7,41388.875,83854.34375
1836.0659413337708,1,2355.7,40288.0234375,83854.34375
1837.0853071212769,1,462.0,40783.296875,83854.34375
1838.093112230301,1,1474.5,38254.82421875,83854.34375
1839.100067615509,1,1155.0,35379.09375,83854.34375
1840.107987165451,1,562.5,22085.5625,83854.34375
1841.1159431934357,1,3526.1,17731.4453125,83854.34375
1842.1369290351868,1,4776.1,17435.33203125,83854.34375
1843.1569311618805,1,4766.7,17248.53515625,83854.34375
1844.1769545078278,1,2596.8,19831.3046875,83854.34375
1845.1929805278778,1,1658.4,19463.47265625,83910.34375
1846.2007822990417,1,1550.8,11420.96875,83910.34375
1847.2079346179962,1,3433.9,10854.8125,83910.34375
1848.222577571869,1,2729.5,11898.2421875,83910.34375
1849.2310061454773,1,1438.0,10374.1015625,83910.34375
1850.2376890182495,1,1648.3,9678.50390625,83910.34375
1851.2440502643585,1,1590.6,9534.15625,83910.34375
1852.2538440227509,1,890.3,2613.5390625,83910.34375
1853.2609355449677,1,2982.0,3268.93359375,83910.34375
1854.2988948822021,1,1943.1,6251.2578125,83910.34375
1855.3056235313416,1,1986.7,10180.9375,83910.34375
1856.3117802143097,1,3231.5,10945.5,83910.34375
1857.3279526233673,1,3826.7,10361.48828125,83910.34375
1858.335955619812,1,3444.7,11663.953125,83910.34375
1859.3582212924957,1,986.0,15833.375,83910.34375
1860.3650212287903,1,100.3,19382.85546875,83910.34375
1861.3728861808777,1,1740.2,19915.66015625,83910.34375
1862.3805871009827,1,104.2,22263.8515625,83910.34375
1863.3874871730804,1,102.3,25602.546875,83910.34375
1864.3956670761108,1,106.1,28834.71484375,83910.34375
1865.4024279117584,1,108.3,32011.625,83910.34375
1866.4099760055542,1,106.2,34945.0,83910.34375
1867.4170327186584,1,110.2,34616.71484375,83910.34375
1868.4240810871124,1,108.2,34331.10546875,83910.34375
1869.4315543174744,1,104.2,34063.75390625,83910.34375
1870.438624382019,1,334.7,33780.8203125,83910.34375
1871.447102546692,1,1305.8,33866.16796875,83910.34375
1872.4561808109283,1,1025.6,33799.515625,83910.34375
1873.465621471405,1,929.2,34058.85546875,83910.34375
1874.4769530296326,1,1040.3,33476.140625,83910.34375
1875.4862294197083,1,1612.2,36318.921875,83910.34375
1876.494277715683,1,153.7,35403.52734375,83910.34375
1877.504627943039,1,1188.7,34597.1796875,83910.34375
1878.513903617859,1,590.6,34925.3203125,83910.34375
1879.5239446163177,1,186.1,38030.5859375,83910.34375
1880.5389738082886,1,2990.9,40717.640625,83910.34375
1881.5489344596863,1,205.0,37138.9765625,83910.34375
1882.5689067840576,1,1736.3,35810.96875,83910.34375
1883.5900847911835,1,1260.4,34478.46484375,83910.34375
1884.5977547168732,1,211.3,36554.86328125,83910.34375
1885.607122182846,1,104.0,39128.06640625,83910.34375
1886.6165509223938,1,106.0,41713.03125,83910.34375
1887.626945257187,1,4511.3,43726.75390625,83910.34375
1888.646385192871,1,1360.5,48290.53515625,83910.34375
1889.6548228263855,1,103.1,48162.88671875,83910.34375
1890.6619470119476,1,348.6,40251.734375,83910.34375
1891.6708371639252,1,2572.8,41405.69140625,83910.34375
1892.6789364814758,1,656.8,37557.2421875,83910.34375
1893.6979384422302,1,1557.4,36044.6640625,83910.34375
1894.7091164588928,1,959.2,31919.4453125,83910.34375
1895.7159435749054,1,1447.2,17948.48046875,83910.34375
1896.7369389533997,1,4704.3,17657.99609375,83910.34375
1897.756933927536,1,4774.7,17407.98828125,83910.34375
1898.7786266803741,1,3431.2,19934.3515625,83910.34375
1899.7865924835205,1,1954.5,19805.26953125,83910.34375
1900.793467760086,1,1969.8,18954.25390625,83910.34375
1901.8018531799316,1,2555.3,10484.80859375,83910.34375
1902.8221595287323,1,2308.0,11683.421875,83910.34375
1903.8305296897888,1,2620.2,9963.4296875,83910.34375
1904.8382761478424,1,1499.6,10062.28515625,83910.34375
1905.8438720703125,1,1422.1,9767.54296875,83910.34375
1906.850374698639,1,1518.9,3131.81640625,83910.34375
1907.8589339256287,1,670.3,3291.7421875,83910.34375
1908.9092404842377,1,4179.6,5150.6796875,83910.34375
1909.916161775589,1,1326.9,9670.64453125,83910.34375
1910.9269440174103,1,2990.8,10081.14453125,83910.34375
1911.9479343891144,1,3310.7,10831.4140625,83910.34375
1912.966140985489,1,2571.1,8635.890625,83910.34375
1913.9861826896667,1,3217.3,14141.140625,83910.34375
1914.9933862686157,1,100.3,17691.32421875,83910.34375
1916.0009546279907,1,148.9,21223.08203125,83910.34375
1917.0145180225372,1,1690.2,20092.4296875,83910.34375
1918.0220844745636,1,100.2,23503.29296875,83910.34375
1919.0300903320312,1,105.2,26748.09375,83910.34375
1920.0370182991028,1,105.3,29988.0859375,83910.34375
1921.0442986488342,1,106.2,33231.5234375,83910.34375
1922.051233291626,1,106.3,34175.30078125,83910.34375
1923.0581741333008,1,107.3,33881.3046875,83910.34375
1924.0660729408264,1,106.2,33681.95703125,83910.34375
1925.0732324123383,1,102.3,33471.8046875,83910.34375
1926.0805957317352,1,1049.3,33636.3125,83910.34375
1927.091693162918,1,1204.5,33660.42578125,83910.34375
1928.0988237857819,1,1166.7,34742.64453125,83910.34375
1929.1058602333069,1,989.7,34175.39453125,83910.34375
1930.1132566928864,1,1636.5,36972.328125,83910.34375
1931.1207785606384,1,853.7,34871.0546875,83910.34375
1932.1288290023804,1,987.4,34490.46484375,83910.34375
1933.1368596553802,1,103.2,37136.296875,83910.34375
1934.144962310791,1,3101.1,40271.08984375,83910.34375
1935.1539616584778,1,180.4,37860.13671875,83910.34375
1936.1629509925842,1,1498.5,38052.19140625,83910.34375
1937.1728508472443,1,1218.8,35247.6953125,83910.34375
1938.1825234889984,1,593.3,35810.7890625,83910.34375
1939.192185640335,1,104.0,38408.44921875,83910.34375
1940.2005369663239,1,103.1,41074.29296875,83910.34375
1941.2109460830688,1,3407.6,43750.84765625,83910.34375
1942.2305076122284,1,2530.4,47910.5,83910.34375
1943.2373821735382,1,101.3,49268.26171875,83910.34375
1944.2449641227722,1,368.2,41888.796875,83910.34375
1945.2516450881958,1,2652.2,40690.609375,83910.34375
1946.2596747875214,1,202.4,38363.11328125,83910.34375
1947.2675862312317,1,1441.5,36373.296875,83910.34375
1948.2780334949493,1,1406.5,34566.3671875,83910.34375
1949.285939693451,1,542.7,17860.22265625,83910.34375
1950.3072113990784,1,4768.5,17623.578125,83910.34375
1951.3279337882996,1,4773.2,17346.84765625,83910.34375
1952.348793745041,1,4662.6,19670.24609375,83910.34375
1953.3551421165466,1,1906.7,19946.89453125,83910.34375
1954.362723350525,1,1884.6,19042.90625,83910.34375
1955.370944738388,1,1774.6,10468.53515625,83910.34375
1956.3883755207062,1,3016.7,10602.94140625,83910.34375
1957.3968913555145,1,2736.4,11842.10546875,83910.34375
1958.4033753871918,1,1459.5,10701.62109375,83910.34375
1959.4108259677887,1,1374.7,9700.62109375,83910.34375
1960.4179537296295,1,1945.2,8352.3984375,83910.34375
1961.4252512454987,1,102.3,3180.66796875,83910.34375
1962.4319372177124,1,4144.0,3280.98046875,83910.34375
1963.4380459785461,1,1039.5,8376.87890625,83910.34375
1964.4469437599182,1,2691.2,10194.4375,83910.34375
1965.4669337272644,1,3316.8,10930.96875,83910.34375
1966.4850816726685,1,3168.5,9994.28515625,83910.34375
1967.4915964603424,1,4043.8,13091.32421875,83910.34375
1968.4993307590485,1,99.2,16630.3125,83910.34375
1969.5070753097534,1,100.2,20155.32421875,83910.34375
1970.51358628273,1,1748.6,19672.515625,83910.34375
1971.5204493999481,1,101.3,22972.53515625,83910.34375
1972.5271747112274,1,103.3,26303.0,83910.34375
1973.5337362289429,1,104.3,29515.37109375,83910.34375
1974.5418167114258,1,108.1,32684.06640625,83910.34375
1975.5494766235352,1,108.2,34860.5234375,83910.34375
1976.5573859214783,1,110.1,34564.0078125,83910.34375
1977.566701412201,1,106.0,34262.44921875,83910.34375
1978.5753786563873,1,105.1,33937.4140625,83910.34375
1979.583738565445,1,731.9,33745.57421875,83910.34375
1980.5951600074768,1,1334.6,34197.1875,83910.34375
1981.6049382686615,1,1073.6,34589.40625,83910.34375
1982.6254844665527,1,1118.8,33424.94921875,83910.34375
1983.6369404792786,1,890.9,35762.8359375,83910.34375
1984.6576454639435,1,1793.9,35078.76171875,83910.34375
1985.6657705307007,1,984.9,34060.625,83910.34375
1986.6742615699768,1,101.1,36766.10546875,83910.34375
1987.6829903125763,1,3116.7,39948.62109375,83910.34375
1988.6925914287567,1,102.0,39985.8125,83910.34375
1989.7011313438416,1,1559.7,37684.1796875,83910.34375
1990.7101781368256,1,882.0,35255.64453125,83910.34375
1991.7202472686768,1,937.6,35367.15625,83910.34375
1992.730464220047,1,103.9,37973.41015625,83910.34375
1993.739331483841,1,105.1,40702.99609375,83910.34375
1994.7489426136017,1,2731.9,43766.4296875,83910.34375
1995.7679879665375,1,3211.6,47664.16796875,83910.34375
1996.7753720283508,1,102.2,49162.37109375,83910.34375
1997.7822618484497,1,257.2,41650.765625,83910.34375
1998.7893862724304,1,2682.9,40484.54296875,83910.34375
1999.7970230579376,1,232.3,38110.8046875,83910.34375
2000.8038778305054,1,1409.1,38285.3828125,83910.34375
2001.81090092659,1,1204.7,34803.43359375,83910.34375
2002.8212089538574,1,486.0,18740.3828125,83910.34375
2003.8289399147034,1,4290.1,17663.4296875,83910.34375
2004.8489396572113,1,4770.8,17414.71875,83910.34375
2005.8689467906952,1,4765.3,17758.5390625,83910.34375
2006.8899898529053,1,2873.4,19775.7734375,83910.34375
2007.897373199463,1,1395.0,19349.00390625,83910.34375
2008.904935836792,1,1611.7,10587.14453125,83910.34375
2009.92338180542,1,3506.8,10932.7578125,83910.34375
2010.9308125972748,1,2569.8,11885.59375,83910.34375
2011.9418144226074,1,1359.1,10655.30859375,83910.34375
2012.9495124816895,1,1631.7,9686.6171875,83910.34375
2013.956933259964,1,1798.6,9275.22265625,83910.34375
2014.9753587245941,1,508.6,2887.5859375,83910.34375
2015.9829337596893,1,3530.3,3212.984375,83910.34375
2017.0262117385864,1,1411.9,6589.63671875,83910.34375
2018.0339381694794,1,2431.2,10115.5078125,83910.34375
2019.0529367923737,1,3317.3,10932.84375,83910.34375
2020.0719347000122,1,3494.7,10577.01171875,83910.34375
2021.090018749237,1,3765.5,12671.3125,83910.34375
2022.1101732254028,1,343.1,16405.65234375,83934.34375
2023.1186561584473,1,100.1,19972.90234375,83934.34375
2024.1257855892181,1,1751.5,19628.66015625,83934.34375
2025.1331508159637,1,101.3,22974.8515625,83934.34375
2026.1404392719269,1,103.2,26307.421875,83934.34375
2027.1481223106384,1,105.2,29569.20703125,83934.34375
2028.155561208725,1,108.2,32705.7421875,83934.34375
2029.163450717926,1,109.1,34825.0546875,83934.34375
2030.1716964244843,1,110.1,34455.86328125,83934.34375
2031.17840051651,1,107.3,34165.13671875,83934.34375
2032.1857285499573,1,105.2,33875.9375,83934.34375
2033.194899559021,1,774.0,33598.9375,83934.34375
2034.2049646377563,1,1141.4,33545.453125,83934.34375
2035.2148520946503,1,1060.5,33351.0,83934.34375
2036.225864648819,1,1128.6,34650.484375,83934.34375
2037.2354004383087,1,786.5,33625.90234375,83934.34375
2038.2457120418549,1,464.2,34233.89453125,83934.34375
2039.2555990219116,1,1862.7,36371.109375,83934.34375
2040.2649385929108,1,479.6,35024.95703125,83934.34375
2041.2852149009705,1,1308.3,34006.15234375,83934.34375
2042.2951304912567,1,292.1,35099.94140625,83934.34375
2043.3054378032684,1,103.9,37319.99609375,83934.34375
2044.3140828609467,1,3376.8,40369.24609375,83934.34375
2045.3218388557434,1,180.6,37874.828125,83934.34375
2046.3284769058228,1,1608.4,36067.6953125,83934.34375
2047.3369450569153,1,1424.0,34721.8515625,83934.34375
2048.3438808918,1,398.2,36192.37890625,83934.34375
2049.3511023521423,1,103.3,38863.046875,83934.34375
2050.358598947525,1,104.2,41512.36328125,83934.34375
2051.365942955017,1,4052.4,43779.0625,83934.34375
2052.3853931427,1,1929.4,48140.1640625,83934.34375
2053.3928916454315,1,102.2,49471.44921875,83934.34375
2054.400638818741,1,331.4,42173.06640625,83934.34375
2055.408359527588,1,2678.5,41136.16015625,83934.34375
2056.415936231613,1,307.7,37471.20703125,83934.34375
2057.434031009674,1,1616.8,35918.84375,83934.34375
2058.452691555023,1,1235.8,32808.91796875,83934.34375
2059.4599409103394,1,1225.2,17812.67578125,83934.34375
2060.480933904648,1,4767.2,17507.8828125,83934.34375
2061.500932455063,1,4771.6,17286.2578125,83934.34375
2062.520802974701,1,4349.1,19781.65625,83934.34375
2063.5284416675568,1,1791.4,19957.08203125,83934.34375
2064.5362408161163,1,1945.8,18940.3359375,83934.34375
2065.5479412078857,1,1881.1,10331.08984375,83934.34375
2066.5672075748444,1,2859.6,10391.82421875,83934.34375
2067.576937198639,1,2768.3,11870.80078125,83934.34375
2068.595936059952,1,1470.1,10553.95703125,83934.34375
2069.614171266556,1,1554.7,9572.1640625,83934.34375
2070.6208741664886,1,1707.2,8148.96484375,83934.34375
2071.627728700638,1,101.3,3143.515625,83934.34375
2072.636944770813,1,4141.6,3194.8671875,83934.34375
2073.6478073596954,1,1080.1,8331.109375,83934.34375
2074.6569533348083,1,2637.1,10163.40625,83934.34375
2075.6759345531464,1,3286.8,10903.7734375,83934.34375
2076.69193649292,1,3213.6,10192.66796875,83934.34375
2077.699935913086,1,3975.2,13118.96875,83934.34375
2078.7083163261414,1,100.2,16632.921875,83934.34375
2079.7156133651733,1,99.3,20184.5625,83934.34375
2080.7235696315765,1,1749.0,19855.5,83934.34375
2081.7301914691925,1,100.3,23220.84765625,83934.34375
2082.738178730011,1,103.2,26507.703125,83934.34375
2083.7450425624847,1,105.3,29765.48046875,83934.34375
2084.7526185512543,1,108.2,32902.77734375,83934.34375
2085.7595722675323,1,108.3,34826.421875,83934.34375
2086.764611005783,1,109.4,34482.8046875,83934.34375
2087.7732439041138,1,106.1,34169.03125,83934.34375
2088.783975839615,1,105.9,33887.046875,83934.34375
2089.793184518814,1,806.5,33709.34375,83934.34375
2090.802443742752,1,1093.9,33858.14453125,83934.34375
2091.8124289512634,1,1181.1,33527.48828125,83934.34375
2092.822857618332,1,1015.4,35027.21875,83934.34375
2093.832934856415,1,1054.4,33271.6171875,83934.34375
2094.8440136909485,1,216.6,34734.83203125,83934.34375
2095.853883266449,1,1889.3,36811.34765625,83934.34375
2096.8644716739655,1,942.1,35390.75390625,83934.34375
2097.8759491443634,1,934.4,33800.578125,83934.34375
2098.8900287151337,1,272.2,36179.640625,83934.34375
2099.898933172226,1,2190.7,38654.37890625,83934.34375
2100.9189641475677,1,1358.6,41383.17578125,83934.34375
2101.9287621974945,1,1402.4,37071.3203125,83934.34375
2102.944016456604,1,1013.4,35864.0703125,83934.34375
2103.9531919956207,1,962.2,34456.8359375,83934.34375
2104.9624490737915,1,104.0,36987.73828125,83934.34375
2105.971416950226,1,104.1,39594.22265625,83934.34375
2106.980938911438,1,792.5,43917.39453125,83934.34375
2108.003944158554,1,4774.2,45604.05859375,83934.34375
2109.0243566036224,1,388.0,48701.5234375,83934.34375
2110.031907081604,1,104.2,45022.40234375,83934.34375
2111.0399463176727,1,1329.4,40272.93359375,83934.34375
2112.0593140125275,1,1675.5,41813.22265625,83934.34375
2113.066135406494,1,1479.9,37589.44140625,83934.34375
2114.0743021965027,1,803.5,36444.5390625,83934.34375
2115.0818939208984,1,897.1,26510.1875,83934.34375
2116.08993935585,1,2657.0,17763.296875,83934.34375
2117.1163985729218,1,4768.1,17508.83984375,83934.34375
2118.1380200386047,1,4773.8,17318.40234375,83934.34375
2119.15793299675,1,2432.5,19913.203125,83934.34375
2120.166936159134,1,2452.9,19542.58203125,83934.34375
2121.1774592399597,1,1984.9,17388.82421875,83934.34375
2122.184948205948,1,3280.3,10601.7265625,83934.34375
2123.194948911667,1,2011.1,11975.5625,83934.34375
2124.214844942093,1,1827.5,10121.16015625,83934.34375
2125.2221908569336,1,1674.1,9710.27734375,83934.34375
2126.228809595108,1,1485.1,9585.74609375,83934.34375
2127.2448360919952,1,1650.3,2270.5546875,84446.3515625
2128.251934528351,1,1300.0,3247.8515625,83934.34375
2129.2947533130646,1,3575.4,5438.6640625,83934.34375
2130.302939891815,1,1688.4,11539.02734375,83934.34375
2131.3226549625397,1,3192.2,9977.31640625,83934.34375
2132.328946352005,1,3327.1,10873.984375,83934.34375
2133.3449454307556,1,2553.0,9614.70703125,83934.34375
2134.3651638031006,1,2489.6,14773.17578125,83958.34375
2135.3727173805237,1,100.2,18350.0625,83958.34375
2136.380954027176,1,982.9,21223.55859375,83958.34375
2137.394240140915,1,856.6,21120.8828125,83958.34375
2138.401608943939,1,101.3,24511.6328125,83958.34375
2139.4089827537537,1,103.2,27865.24609375,83958.34375
2140.4156851768494,1,107.3,31065.6953125,83958.34375
2141.4234824180603,1,107.2,34203.40234375,83958.34375
2142.4304287433624,1,108.3,34612.63671875,83958.34375
2143.437582731247,1,107.2,34295.3828125,83958.34375
2144.4446778297424,1,107.2,34047.25390625,83958.34375
2145.4517302513123,1,104.3,33745.3203125,83958.34375
2146.459956884384,1,1353.9,33796.34765625,83958.34375
2147.4718301296234,1,1011.8,34172.7109375,83958.34375
2148.482773065567,1,698.4,33878.6953125,83958.34375
2149.4929418563843,1,1185.1,33825.25,83958.34375
2150.513780117035,1,903.1,33944.8515625,83958.34375
2151.5225007534027,1,1810.1,36602.69921875,83958.34375
2152.5330476760864,1,929.3,35052.703125,83958.34375
2153.542646408081,1,965.8,33828.26953125,83958.34375
2154.5512940883636,1,260.7,34995.0078125,83958.34375
2155.56205534935,1,102.9,37266.93359375,83958.34375
2156.5713896751404,1,3393.1,40199.6171875,83958.34375
2157.581650018692,1,102.0,40054.67578125,83958.34375
2158.5892992019653,1,1596.8,37685.53125,83958.34375
2159.5969455242157,1,1199.6,35179.3125,83958.34375
2160.606267929077,1,568.7,35486.13671875,83958.34375
2161.6160480976105,1,104.0,38119.859375,83958.34375
2162.623702764511,1,105.2,40811.296875,83958.34375
2163.6329464912415,1,2686.3,43882.24609375,83958.34375
2164.6573326587677,1,3055.4,47799.765625,83958.34375
2165.6645107269287,1,103.3,49076.78125,83958.34375
2166.6713528633118,1,272.1,41500.859375,83958.34375
2167.6781492233276,1,2664.9,40312.1953125,83958.34375
2168.686783313751,1,152.7,37962.39453125,83958.34375
2169.710157394409,1,1405.2,37846.7109375,83958.34375
2170.7169609069824,1,1337.0,34817.36328125,83958.34375
2171.722864627838,1,370.8,17924.81640625,83958.34375
2172.7279410362244,1,4462.9,17626.0625,83958.34375
2173.75293469429,1,4776.9,17405.82421875,83958.34375
2174.77295088768,1,4768.0,19055.25390625,83958.34375
2175.7973413467407,1,2375.1,19816.00390625,83958.34375
2176.816058397293,1,1367.5,19336.95703125,83958.34375
2177.8249373435974,1,1611.7,10535.76953125,83958.34375
2178.8437633514404,1,3486.7,10836.65234375,83958.34375
2179.850906610489,1,2528.9,11755.12109375,83958.34375
2180.859611749649,1,1286.9,10441.4921875,83958.34375
2181.866333961487,1,1631.3,9591.55859375,83958.34375
2182.8727617263794,1,1631.4,9219.93359375,83958.34375
2183.8815503120422,1,876.2,2660.30078125,83958.34375
2184.890933036804,1,3021.7,3273.078125,83958.34375
2185.9321987628937,1,1924.6,6262.9609375,83958.34375
2186.9394159317017,1,1924.1,10156.55859375,83958.34375
2187.9499340057373,1,3263.1,10901.75390625,83958.34375
2188.9690322875977,1,3752.8,10360.08203125,83958.34375
2189.97794175148,1,3507.9,12001.71484375,83958.34375
2190.9981236457825,1,843.9,15955.37109375,83958.34375
2192.005987882614,1,99.2,19518.79296875,83958.34375
2193.0130472183228,1,1754.6,19525.71875,83958.34375
2194.0212638378143,1,102.2,22290.80078125,83958.34375
2195.029312849045,1,103.2,25660.203125,83958.34375
2196.037617921829,1,104.1,28917.15625,83958.34375
2197.044595003128,1,107.3,32111.875,83958.34375
2198.051605939865,1,108.2,34736.40625,83958.34375
2199.0586788654327,1,107.2,34457.8046875,83958.34375
2200.065239429474,1,107.3,34131.33203125,83958.34375
2201.0727305412292,1,104.2,33917.1875,83958.34375
2202.080676794052,1,516.0,33665.12109375,83958.34375
2203.0885310173035,1,1337.2,33478.5859375,83958.34375
2204.0985844135284,1,1014.9,33407.58984375,83958.34375
2205.109700202942,1,1181.8,34655.6015625,83958.34375
2206.119639158249,1,778.2,33676.9140625,83958.34375
2207.129858493805,1,479.1,34247.84765625,83958.34375
2208.1408245563507,1,1842.9,36462.59765625,83958.34375
2209.1502726078033,1,932.2,35123.1796875,83958.34375
2210.1583688259125,1,1102.3,34466.8359375,83958.34375
2211.166618824005,1,102.1,37199.37890625,83958.34375
2212.1759972572327,1,3464.4,40082.9609375,83958.34375
2213.1853671073914,1,100.1,37858.1796875,83958.34375
2214.195261001587,1,1714.1,37934.48828125,83958.34375
2215.2051825523376,1,1318.9,35290.26953125,83958.34375
2216.213695526123,1,617.7,35241.17578125,83958.34375
2217.2247302532196,1,105.8,37085.49609375,83958.34375
2218.23313832283,1,104.1,39790.515625,83958.34375
2219.241932153702,1,1280.8,43738.65625,83958.34375
2220.2620854377747,1,4717.3,47149.5859375,83958.34375
2221.2702403068542,1,100.2,49083.42578125,83958.34375
2222.27822470665,1,103.2,43913.83984375,83958.34375
2223.285939693451,1,1641.4,40223.75,83958.34375
2224.3110575675964,1,1462.4,41956.37890625,83958.34375
2225.3161771297455,1,1532.2,37697.23828125,83958.34375
2226.323573112488,1,823.9,35373.8125,83958.34375
2227.3297913074493,1,874.5,25518.4921875,83958.34375
2228.3379411697388,1,2816.3,17710.0546875,83958.34375
2229.357935190201,1,4775.8,17455.96875,83958.34375
2230.3793551921844,1,4767.9,17206.10546875,83958.34375
2231.403181552887,1,2443.9,19966.703125,83958.34375
2232.4099373817444,1,2427.5,19543.984375,83958.34375
2233.4235372543335,1,1893.3,16599.703125,83958.34375
2234.4303562641144,1,3204.7,10795.19921875,83958.34375
2235.4419498443604,1,2067.1,12028.63671875,83958.34375
2236.4630529880524,1,1786.3,10193.8984375,83958.34375
2237.46990609169,1,1671.8,9794.2109375,83958.34375
2238.476090669632,1,1384.4,9345.203125,83958.34375
2239.4844613075256,1,1485.4,2577.08203125,84470.3515625
2240.491933107376,1,1680.5,3281.15234375,83958.34375
2241.534760951996,1,3209.3,5609.546875,83958.34375
2242.5417425632477,1,2028.0,13485.1875,83958.34375
2243.548191308975,1,2965.7,10188.1328125,83958.34375
2244.555931329727,1,3600.6,10894.49609375,83958.34375
2245.567944288254,1,2446.5,9959.828125,83958.34375
2246.5881519317627,1,2374.9,14840.3515625,83958.34375
2247.5958881378174,1,100.2,18398.75,83958.34375
2248.602952003479,1,988.0,21232.3828125,83958.34375
2249.6181914806366,1,838.3,21264.609375,83958.34375
2250.625530719757,1,103.2,24635.86328125,83958.34375
2251.6327941417694,1,104.2,27891.4609375,83958.34375
2252.639733314514,1,106.3,31117.5390625,83958.34375
2253.6472396850586,1,108.2,34260.140625,83958.34375
2254.6549587249756,1,108.2,34563.44921875,83958.34375
2255.659879207611,1,106.5,34238.98828125,83958.34375
2256.66775226593,1,107.2,33954.71875,83958.34375
2257.6779556274414,1,103.9,33685.97265625,83958.34375
2258.6889441013336,1,1425.4,33760.25390625,83958.34375
2259.7005274295807,1,994.4,34189.8125,83958.34375
2260.7108902931213,1,727.4,33837.69140625,83958.34375
2261.7219429016113,1,1190.0,33870.7734375,83958.34375
2262.7429060935974,1,975.4,33601.1328125,83958.34375
2263.7530431747437,1,101.0,35172.328125,83958.34375
2264.7625682353973,1,1860.2,37164.296875,83958.34375
2265.773934841156,1,1131.4,34366.18359375,83958.34375
2266.79416179657,1,945.7,33987.55078125,83958.34375
2267.8045797348022,1,100.9,35483.84765625,83958.34375
2268.8149337768555,1,1156.3,38532.04296875,83958.34375
2269.8350858688354,1,2361.2,41117.1484375,83958.34375
2270.8449444770813,1,1068.5,37058.1171875,83958.34375
2271.869256258011,1,1331.6,35944.7109375,83958.34375
2272.878568649292,1,948.2,34650.21875,83958.34375
2273.887950181961,1,104.0,37142.73046875,83958.34375
2274.897633075714,1,105.0,39789.02734375,83958.34375
2275.9069468975067,1,1025.5,43911.95703125,83958.34375
2276.931477546692,1,4774.1,47085.52734375,83958.34375
2277.9394884109497,1,114.1,48866.88671875,83958.34375
2278.945064306259,1,104.4,44489.63671875,83958.34375
2279.9539449214935,1,1477.9,40323.01171875,83958.34375
2280.9734694957733,1,1554.6,41865.59765625,83958.34375
2281.9808311462402,1,1565.2,37612.234375,83958.34375
2282.9882776737213,1,799.2,36512.921875,83958.34375
2283.994970560074,1,904.9,27567.79296875,83958.34375
2285.001940727234,1,2417.3,17826.421875,83958.34375
2286.0219328403473,1,4772.7,17538.515625,83958.34375
2287.0419340133667,1,4771.7,17330.90625,83958.34375
2288.0621094703674,1,3098.2,19928.6484375,83958.34375
2289.0693171024323,1,2144.5,19594.65234375,83958.34375
2290.076407432556,1,2191.8,18760.76953125,83958.34375
2291.0829424858093,1,2816.4,10387.40234375,83958.34375
2292.1029410362244,1,2265.7,11972.96875,83958.34375
2293.1223261356354,1,2201.2,10088.8359375,83958.34375
2294.1298472881317,1,1586.0,9801.2734375,83958.34375
2295.1370952129364,1,1267.8,9962.36328125,83958.34375
2296.1460857391357,1,1609.7,2342.52734375,84470.3515625
2297.1549322605133,1,1101.2,3384.1171875,83958.34375
2298.200093269348,1,3774.3,5415.80078125,83958.34375
2299.207049846649,1,1491.6,10008.875,83958.34375
2300.215942144394,1,3165.0,10105.921875,83958.34375
2301.2370414733887,1,3326.0,10861.15234375,83958.34375
2302.254181623459,1,2536.5,9292.19140625,83958.34375
2303.2748034000397,1,2820.5,14504.58203125,83958.34375
2304.28147649765,1,99.3,18057.25,83958.34375
2305.288954973221,1,598.5,21234.9453125,83958.34375
2306.3030273914337,1,1250.5,20649.5078125,83958.34375
2307.3094856739044,1,99.3,24082.421875,83958.34375
2308.31796169281,1,106.1,27361.41015625,83958.34375
2309.325478076935,1,106.2,30565.99609375,83958.34375
2310.3322331905365,1,107.3,33723.65234375,83958.34375
2311.339154481888,1,108.2,34313.9140625,83958.34375
2312.346255302429,1,105.3,34038.5390625,83958.34375
2313.3532435894012,1,106.3,33784.19921875,83958.34375
2314.3600537776947,1,102.3,33619.46484375,83958.34375
2315.3687765598297,1,1130.1,33619.44140625,83958.34375
2316.3822269439697,1,1293.6,33570.53125,83958.34375
2317.3924403190613,1,1204.8,34583.328125,83958.34375
2318.4004123210907,1,722.1,33659.37890625,83958.34375
2319.40966296196,1,413.2,34201.8515625,83958.34375
2320.4186906814575,1,1673.8,36473.74609375,83958.34375
2321.4286456108093,1,862.4,35391.70703125,83958.34375
2322.443003177643,1,979.0,33813.67578125,83958.34375
2323.451511621475,1,101.1,35335.83203125,83958.34375
2324.4598712921143,1,102.1,37412.84765625,83958.34375
2325.467588186264,1,3076.4,40607.62109375,83958.34375
2326.4743399620056,1,199.7,38092.01953125,83958.34375
2327.481864929199,1,1488.8,36069.15625,83958.34375
2328.491934776306,1,1184.3,34711.5390625,83958.34375
2329.506849527359,1,519.1,36033.203125,83958.34375
2330.5137734413147,1,103.3,38714.2890625,83958.34375
2331.521417617798,1,106.2,41314.33984375,83958.34375
2332.529943227768,1,3780.0,43741.984375,83958.34375
2333.5493223667145,1,2041.3,48380.80859375,83958.34375
2334.5574219226837,1,102.2,49562.40625,83958.34375
2335.565305709839,1,355.2,42223.6640625,83958.34375
2336.573118209839,1,2652.3,41086.140625,83958.34375
2337.5819368362427,1,220.1,37558.14453125,83958.34375
2338.5969479084015,1,1569.4,35976.140625,83958.34375
2339.6058440208435,1,1386.7,34271.7890625,83958.34375
2340.6129388809204,1,725.8,17823.61328125,83958.34375
2341.632937192917,1,4766.6,17563.33203125,83958.34375
2342.6529326438904,1,4771.7,17308.2421875,83958.34375
2343.673236131668,1,4740.7,19749.3046875,83958.34375
2344.682333469391,1,1921.4,19945.78125,83958.34375
2345.6909420490265,1,1841.2,19108.39453125,83958.34375
2346.6979370117188,1,1707.0,10570.765625,83958.34375
2347.7165932655334,1,3116.5,10804.54296875,83958.34375
2348.724942922592,1,2691.9,11886.28125,83958.34375
2349.7435710430145,1,1507.0,10681.203125,83958.34375
2350.759691953659,1,1478.2,9685.859375,83958.34375
2351.7673332691193,1,1682.9,7560.03125,83958.34375
2352.774876356125,1,103.2,3315.64453125,83958.34375
2353.782954931259,1,4330.1,3765.3515625,83958.34375
2354.8087508678436,1,1002.3,8367.5703125,83958.34375
2355.81694316864,1,2831.7,10131.7734375,83958.34375
2356.836934328079,1,3278.6,10930.48828125,83958.34375
2357.85293507576,1,2982.3,9925.33984375,83958.34375
2358.859279155731,1,3675.2,13486.44140625,83958.34375
2359.865942955017,1,100.3,17044.3359375,83958.34375
2360.873328924179,1,99.3,20607.56640625,83958.34375
2361.8807289600372,1,1744.0,20094.65625,83958.34375
2362.8876678943634,1,100.3,23511.04296875,83958.34375
2363.8945796489716,1,104.3,26814.9921875,83958.34375
2364.901510477066,1,106.3,29992.6640625,83958.34375
2365.9083445072174,1,107.3,33212.59765625,83958.34375
2366.9161133766174,1,108.2,34737.2890625,83958.34375
2367.92342376709,1,109.2,34461.140625,83958.34375
2368.9311575889587,1,106.2,34121.28515625,83958.34375
2369.938225507736,1,105.3,33838.66015625,83958.34375
2370.948239803314,1,1052.6,33650.35546875,83958.34375
2371.956090450287,1,1054.7,34043.94921875,83958.34375
2372.9651856422424,1,888.8,33849.6328125,83958.34375
2373.974086999893,1,1030.8,33972.484375,83958.34375
2374.9847843647003,1,1103.7,33614.26171875,83958.34375
2375.9960045814514,1,101.9,35145.01171875,83958.34375
2377.007504224777,1,1814.1,37160.3125,83958.34375
2378.017933368683,1,1264.0,34428.58984375,83958.34375
2379.032526254654,1,780.5,34155.14453125,83958.34375
2380.0424971580505,1,104.0,35509.6796875,83958.34375
2381.0549352169037,1,737.0,38585.8046875,83958.34375
2382.0681290626526,1,2646.8,40923.2734375,83958.34375
2383.0779361724854,1,728.9,36997.9296875,83958.34375
2384.100425720215,1,1602.0,35716.59375,83958.34375
2385.1085152626038,1,913.5,34571.1953125,83958.34375
2386.1180534362793,1,105.0,37097.83984375,83958.34375
2387.126319169998,1,103.1,39807.5,83958.34375
2388.1369433403015,1,1206.2,43860.625,83958.34375
2389.161289215088,1,4515.9,47205.4375,83958.34375
2390.1693212985992,1,100.2,48954.88671875,83958.34375
2391.1765456199646,1,102.3,43615.1015625,83958.34375
2392.183940410614,1,1699.5,40123.72265625,83958.34375
2393.203261613846,1,1213.5,41961.98828125,83958.34375
2394.2100837230682,1,1554.4,37779.38671875,83958.34375
2395.2171943187714,1,804.3,35500.91796875,83958.34375
2396.22517991066,1,896.8,26281.515625,83958.34375
2397.2319440841675,1,2581.7,17694.046875,83958.34375
2398.2519364356995,1,4772.9,17440.171875,83958.34375
2399.271936416626,1,4771.6,17185.2734375,83958.34375
2400.291933774948,1,2588.2,19784.2890625,83958.34375
2401.3069393634796,1,2497.5,19522.8515625,83958.34375
2402.322352170944,1,1669.2,15790.8515625,83958.34375
2403.330331325531,1,3269.8,10747.6015625,83958.34375
2404.338942050934,1,2340.0,12091.734375,83958.34375
2405.358671426773,1,1464.0,10341.953125,83958.34375
2406.3667283058167,1,1908.9,9782.75390625,83958.34375
2407.3739380836487,1,1653.0,9680.62109375,83958.34375
2408.392233848572,1,1776.3,2369.15625,84470.3515625
2409.3988721370697,1,2436.2,3555.8359375,83958.34375
2410.4059312343597,1,1288.9,6272.5234375,83958.34375
2411.4209344387054,1,3308.4,6982.49609375,83958.34375
2412.4359426498413,1,2705.3,5875.07421875,83958.34375
2413.4552268981934,1,1197.8,9898.28515625,83958.34375
2414.4624004364014,1,974.0,11357.5234375,83958.34375
2415.469626188278,1,101.3,14693.546875,83958.34375
2416.4770402908325,1,101.3,18046.00390625,83958.34375
2417.4839673042297,1,103.3,18489.35546875,83958.34375
2418.490959405899,1,103.3,18345.6171875,83958.34375
2419.4982500076294,1,1360.2,18099.1015625,83958.34375
2420.5050146579742,1,958.4,18587.91015625,83958.34375
2421.511868238449,1,1370.5,18163.09765625,83958.34375
2422.519936323166,1,753.1,20406.90625,83958.34375
2423.5381667613983,1,1628.3,19533.9375,83958.34375
2424.547784805298,1,1115.1,18512.44140625,83958.34375
2425.555446624756,1,101.2,21167.73828125,83958.34375
2426.5633959770203,1,2858.5,24453.671875,83958.34375
2427.5706148147583,1,102.2,23399.16796875,83958.34375
2428.577763080597,1,1515.2,22505.6640625,83958.34375
2429.5849356651306,1,1179.6,19821.6484375,83958.34375
2430.592942237854,1,1590.3,10590.3359375,83958.34375
2431.612937927246,1,4772.9,10323.125,83958.34375
2432.632641553879,1,2509.6,11366.06640625,83958.34375
2433.6399416923523,1,2415.1,6802.68359375,83958.34375
2434.658192873001,1,2178.1,7581.6484375,83958.34375
2435.6659364700317,1,1492.6,7394.40234375,83958.34375
2436.6796958446503,1,1218.1,6578.49609375,83958.34375
2437.6868946552277,1,1787.2,3669.66015625,83958.34375
2438.6959450244904,1,1982.1,5390.55859375,84248.359375
2439.716582298279,1,3227.4,5149.59765625,84248.359375
2440.72336769104,1,1302.3,5616.4375,84248.359375
2441.7324101924896,1,3100.2,4972.7890625,84248.359375
2442.7376120090485,1,2772.1,4749.71875,84248.359375
2443.7480092048645,1,1602.4,3060.90625,84248.359375
2444.7569320201874,1,3475.4,5173.03125,84248.359375
2445.773999929428,1,1734.4,5251.625,84248.359375
2446.7807512283325,1,2570.2,4702.5546875,84248.359375
2447.7913196086884,1,2770.6,4773.65625,84248.359375
2448.7989349365234,1,2735.6,4612.92578125,84248.359375
2449.8139424324036,1,1779.2,4982.140625,84248.359375
2450.8339853286743,1,3379.9,4802.984375,84248.359375
2451.840938806534,1,1203.7,5370.828125,84248.359375
2452.8520650863647,1,3097.6,4887.06640625,84248.359375
2453.858934879303,1,2775.0,4699.609375,84248.359375
2454.8676726818085,1,2043.8,2789.58203125,84248.36328125
2455.874934911728,1,3040.4,5152.14453125,84248.36328125
2456.8931834697723,1,1959.9,5268.890625,84248.36328125
2457.9069395065308,1,2333.2,4664.33203125,84248.36328125
2458.9264965057373,1,2897.1,4701.8828125,84248.36328125
2459.935896396637,1,2411.3,3503.859375,84248.36328125
2460.943966627121,1,1888.6,4948.25,84248.36328125
2461.9607462882996,1,3199.5,4891.8828125,84248.36328125
2462.9674878120422,1,1239.7,5442.4140625,84248.36328125
2463.9770097732544,1,3122.8,4863.921875,84248.36328125
2464.9849338531494,1,2828.5,4813.95703125,84248.36328125
2465.9998354911804,1,1671.8,3066.35546875,84248.36328125
2467.0069336891174,1,3502.7,5116.91796875,84248.36328125
2468.021962404251,1,1689.4,5265.703125,84248.36328125
2469.0288784503937,1,2698.4,4839.9375,84248.36328125
2470.0395715236664,1,2678.7,4747.421875,84248.36328125
2471.04621553421,1,2356.0,2324.8984375,84248.36328125
2472.0549585819244,1,2152.0,4958.06640625,84248.36328125
2473.067241191864,1,3014.3,5044.77734375,84248.36328125
2474.0743346214294,1,1310.9,5326.578125,84248.36328125
2475.0800745487213,1,3076.4,4891.33203125,84248.36328125
2476.086951971054,1,2764.4,4915.21875,84248.36328125
2477.101935148239,1,1723.4,3543.25390625,84248.36328125
2478.1211059093475,1,3401.5,5031.15625,84248.36328125
2479.128308057785,1,1630.2,5428.76953125,84248.36328125
2480.1361784934998,1,2826.0,4838.0625,84248.36328125
2481.143904685974,1,2576.1,4644.24609375,84248.36328125
2482.153208255768,1,2116.5,1983.03515625,84248.36328125
2483.1599345207214,1,2266.8,5166.5859375,84248.36328125
2484.1748237609863,1,2800.9,5251.93359375,84248.36328125
2485.181932926178,1,1535.3,4723.37890625,84248.36328125
2486.2008724212646,1,3147.5,4864.984375,84248.36328125
2487.20850276947,1,2837.4,4656.0546875,84248.36328125
2488.2169427871704,1,1699.6,5930.60546875,84248.36328125
2489.2369332313538,1,3285.4,4498.8984375,84248.36328125
2490.2515890598297,1,1643.9,5231.83203125,84248.36328125
2491.2599341869354,1,2746.9,5006.87890625,84248.36328125
2492.2749700546265,1,2957.6,5033.89453125,84248.36328125
2493.3038313388824,1,1755.6,2004.609375,84248.36328125
2494.3129391670227,1,2629.5,5215.96484375,84248.36328125
2495.3311128616333,1,2454.5,5249.640625,84248.36328125
2496.3399410247803,1,1876.3,4697.81640625,84248.36328125
2497.3499326705933,1,3157.6,4613.46484375,84248.36328125
2498.3684694767,1,2512.1,4731.2578125,84248.36328125
2499.3759734630585,1,2116.6,5110.0,84251.36328125
2500.3942790031433,1,3484.0,5282.296875,84251.36328125
2501.401853322983,1,1272.3,5601.96484375,84251.36328125
2502.4106843471527,1,3522.0,6309.19921875,84251.36328125
2503.4174365997314,1,2168.3,6129.9609375,84251.36328125
2504.4259378910065,1,2307.8,5963.70703125,84251.36328125
2505.440934419632,1,3232.4,5646.28515625,84251.36328125
2506.452097415924,1,2140.8,5757.703125,84251.36328125
2507.4589796066284,1,3036.2,6069.87109375,84251.36328125
2508.46693444252,1,1423.9,5384.0390625,84251.36328125
2509.4858152866364,1,3398.3,6519.83203125,84251.36328125
2510.49294757843,1,2284.7,6285.0625,84251.36328125
2511.499883413315,1,2443.0,6230.7890625,84251.36328125
2512.508409023285,1,2441.3,2843.48046875,84251.36328125
2513.51593375206,1,3050.4,5902.58984375,84251.36328125
2514.5308055877686,1,2483.2,6128.98046875,84251.36328125
2515.536944627762,1,2087.0,5376.78515625,84251.36328125
2516.556934595108,1,3040.5,6485.2578125,84251.36328125
2517.570160627365,1,2194.7,6142.23828125,84315.36328125
2518.5769596099854,1,2273.8,5756.52734375,84315.36328125
2519.5839371681213,1,2294.0,6850.8515625,84315.36328125
2520.6049349308014,1,3677.8,5280.55078125,84315.36328125
2521.61514878273,1,1177.8,6010.78515625,84315.36328125
2522.6228547096252,1,3576.3,6045.7890625,84315.36328125
2523.6300830841064,1,1728.8,6054.1015625,84315.36328125
2524.6364459991455,1,2765.2,5501.16796875,84315.36328125
2525.6429314613342,1,2730.4,5594.55078125,84315.36328125
2526.6492552757263,1,2318.7,4787.671875,84321.36328125
2527.663734436035,1,3207.4,4805.06640625,84321.36328125
2528.6711168289185,1,2901.6,4837.140625,84321.36328125
2529.680330514908,1,2468.9,4546.6875,84321.36328125
2530.6909704208374,1,2325.8,2920.03515625,84321.36328125
2531.7012887001038,1,2055.5,3061.76171875,84321.36328125
2532.7087831497192,1,3247.5,2640.6171875,84321.36328125
2533.7189338207245,1,3002.5,3227.5078125,84321.36328125
2534.739355325699,1,2133.4,3038.01171875,84321.36328125
2535.754932165146,1,3154.9,3136.765625,84321.36328125
2536.7694511413574,1,3108.0,2812.3125,84321.36328125
2537.7747576236725,1,2948.2,2467.92578125,84321.36328125
2538.7814972400665,1,2861.8,2453.671875,84321.36328125
