elapsed_time,nproc,cpu,mem_real,mem_virtual
5.14984130859375e-05,1,0.0,8.76171875,1608.72265625
1.0059230327606201,17,31.8,989.73046875,7235.703125
2.01836895942688,4,102.2,693.0390625,2481.15625
3.026380777359009,5,101.0,733.43359375,2967.77734375
4.0366411209106445,3,99.3,558.71875,2007.84765625
5.043856382369995,3,100.3,650.48828125,2103.84765625
6.051249742507935,3,99.3,733.515625,2215.84765625
7.057917594909668,3,0.0,241.546875,1589.8046875
8.065850496292114,3,3.0,274.51953125,1609.734375
9.07295560836792,3,2.0,106.09765625,1434.8671875
10.081463813781738,3,101.3,320.41015625,1646.12109375
11.088945865631104,3,0.0,241.21484375,1564.734375
12.097338914871216,5,6.9,472.19140625,2496.4140625
13.10556936264038,4,122.0,389.79296875,2120.69140625
14.11397933959961,1,50.6,148.140625,946.7421875
15.121721029281616,1,100.2,367.59765625,1906.7421875
16.129603624343872,1,100.2,566.859375,3192.7421875
17.137065887451172,1,99.3,834.69140625,3192.7421875
18.145066738128662,1,100.2,1398.6953125,5752.7421875
19.15533947944641,1,100.0,1236.4140625,5752.7421875
20.165703296661377,1,100.0,1502.1328125,5752.7421875
21.175041437149048,1,100.1,1768.19140625,5752.7421875
22.184555530548096,1,100.0,2033.80859375,5752.7421875
23.193434476852417,1,99.1,3889.89453125,10872.7421875
24.20423150062561,1,99.9,2297.8515625,10872.7421875
25.21360182762146,1,100.1,2565.30859375,10872.7421875
26.222275018692017,1,100.1,2831.47265625,10872.7421875
27.231321334838867,1,100.1,3097.62109375,10872.7421875
28.240744590759277,1,99.1,3359.6015625,10872.7421875
29.25074529647827,1,100.0,3625.3515625,10872.7421875
30.260729789733887,1,100.0,3891.06640625,10872.7421875
31.269557237625122,1,100.1,3975.37109375,10360.7109375
32.27931499481201,1,100.0,3975.37109375,10360.7109375
33.28778910636902,1,100.1,3975.37109375,10360.7109375
34.29682517051697,1,100.1,3975.37109375,10360.7109375
35.30639839172363,1,99.1,3975.37109375,10360.7109375
36.315438747406006,1,100.1,3975.37109375,10360.7109375
37.32447814941406,1,100.1,3975.37109375,10360.7109375
38.33428478240967,1,100.0,3975.37109375,10360.7109375
39.343456506729126,1,100.1,3969.90234375,10360.7109375
40.35182166099548,1,99.2,3969.90234375,10360.7109375
41.36114025115967,1,100.1,3969.90234375,10360.7109375
42.37025547027588,1,100.1,3969.90234375,10360.7109375
43.37985897064209,1,100.0,3969.90234375,10360.7109375
44.38912558555603,1,100.1,3969.90234375,10360.7109375
45.39761996269226,1,99.2,3994.5078125,10885.7421875
46.406490325927734,1,744.3,235.60546875,14355.3125
47.41664695739746,1,1660.2,337.4609375,14971.34375
48.42603397369385,1,1017.5,1427.796875,14971.34375
49.45052623748779,1,2189.2,552.6015625,14971.34375
50.46249723434448,1,282.6,569.5390625,15995.40625
51.47261333465576,1,100.0,569.546875,15995.40625
52.48265194892883,1,100.0,569.5546875,15995.40625
53.49145174026489,1,100.1,569.58203125,15995.40625
54.50087523460388,1,99.1,774.140625,15995.3828125
55.50993061065674,1,386.5,2629.1484375,15543.375
56.52086639404297,1,4637.6,2595.4765625,15543.375
57.5726318359375,1,2108.8,5906.66796875,15583.375
58.579641819000244,1,2276.0,10719.359375,28931.375
59.587971448898315,1,3266.7,10762.22265625,28931.375
60.5959849357605,1,3652.7,11550.5234375,28931.375
61.60402798652649,1,2805.6,10389.234375,30785.375
62.62494468688965,1,2889.4,15430.67578125,44811.375
63.63295650482178,1,99.2,18968.51171875,44811.375
64.6410448551178,1,372.0,22312.7734375,44811.375
65.65831685066223,1,1642.8,22025.11328125,65291.375
66.66606569290161,1,101.2,25419.69921875,65291.375
67.67389583587646,1,106.2,28627.87890625,65291.375
68.6808443069458,1,108.2,31676.61328125,65291.375
69.68803238868713,1,109.2,34774.80859375,65291.375
70.69544839859009,1,110.2,35362.421875,65291.375
71.70273923873901,1,110.2,34886.02734375,65291.375
72.71015644073486,1,108.2,34529.796875,65291.375
73.71774697303772,1,104.2,34266.140625,65291.375
74.72602391242981,1,1246.8,34388.078125,65291.375
75.74479413032532,1,1003.9,34572.51953125,65291.375
76.75701904296875,1,1211.5,34960.8515625,65291.375
77.7780864238739,1,890.1,34191.0859375,65311.375
78.78881025314331,1,678.7,34490.125,65311.375
79.79901838302612,1,1065.4,36119.21484375,65311.375
80.81991267204285,1,944.2,35530.59765625,65311.375
81.84188747406006,1,1256.1,34650.78515625,65311.375
82.85433864593506,1,680.6,34980.59375,65311.375
83.86513042449951,1,102.9,36719.56640625,65311.375
84.8750171661377,1,2422.3,39006.66796875,65311.375
85.89597272872925,1,982.2,42244.4765625,65311.375
86.90536522865295,1,1508.9,38092.0078125,65311.375
87.91502070426941,1,1082.7,35561.9609375,65311.375
88.9335241317749,1,672.5,36020.35546875,89887.375
89.94365286827087,1,103.9,38661.875,89887.375
90.9529755115509,1,106.0,41277.94921875,89887.375
91.96302723884583,1,2803.0,44320.43359375,89887.375
92.98839545249939,1,2990.0,48353.33203125,89947.375
93.99644565582275,1,102.2,49852.98046875,89947.375
95.00388979911804,1,368.2,42230.98828125,89947.375
96.01147747039795,1,2665.0,41028.4921875,89947.375
97.0190498828888,1,196.5,38595.93359375,89947.375
98.02733993530273,1,1399.4,37800.0078125,89947.375
99.03560376167297,1,1331.0,35378.13671875,89947.375
100.0432026386261,1,370.2,18278.640625,89947.375
101.05102396011353,1,4510.0,18141.7734375,89947.375
102.07202076911926,1,4772.0,17893.140625,89947.375
103.09301567077637,1,4775.8,17726.20703125,89947.375
104.11648845672607,1,2799.3,20673.7421875,89947.375
105.12383103370667,1,2246.1,20145.37109375,89947.375
106.1318507194519,1,2179.7,19377.27734375,89947.375
107.14002585411072,1,2318.2,10894.375,89947.375
108.1601014137268,1,2614.5,10734.6875,89947.375
109.17029666900635,1,2948.8,11435.40625,89947.375
110.17732810974121,1,1410.1,11114.234375,89947.375
111.18478441238403,1,1435.2,10043.80859375,89947.375
112.19256782531738,1,2112.7,8456.3671875,89947.375
113.20007348060608,1,102.2,2805.66015625,89947.375
114.20801663398743,1,3490.5,3180.51171875,89947.375
115.2521104812622,1,2437.4,6152.6328125,89947.375
116.26020741462708,1,2157.5,12383.30859375,89947.375
117.26780557632446,1,3215.4,10721.38671875,89947.375
118.27497863769531,1,3653.5,11472.12890625,89947.375
119.28102898597717,1,2428.1,10023.890625,89947.375
120.3014931678772,1,3332.7,15196.0390625,90455.375
121.30826306343079,1,99.3,18731.90625,90455.375
122.31636190414429,1,100.2,22277.34765625,90455.375
123.32327270507812,1,1948.5,21851.5859375,90455.375
124.33117532730103,1,101.2,25183.484375,90455.375
125.33874225616455,1,106.2,28365.484375,90455.375
126.34572505950928,1,106.3,31510.13671875,90455.375
127.35357999801636,1,111.1,34512.94140625,90455.375
128.36113905906677,1,110.2,35541.33984375,90455.375
129.36887645721436,1,110.1,35126.80078125,90455.375
130.3760552406311,1,108.2,34702.2734375,90455.375
131.38437819480896,1,105.1,34436.6484375,90455.375
132.3917543888092,1,1079.0,34208.27734375,90455.375
133.401020526886,1,1137.6,34380.1796875,90455.375
134.40786051750183,1,1420.0,35335.05859375,90455.375
135.41643261909485,1,851.8,33947.0390625,90455.375
136.4250192642212,1,542.4,36250.27734375,90455.375
137.44335269927979,1,1534.7,35895.875,90455.375
138.45154547691345,1,1239.7,35114.96875,90455.375
139.4602451324463,1,659.3,34841.70703125,90455.375
140.46828031539917,1,103.2,36324.30078125,90455.375
141.4770166873932,1,1603.3,39063.64453125,90455.375
142.4976897239685,1,1642.8,41986.171875,90455.375
143.5052797794342,1,1646.5,37710.3359375,90455.375
144.51404476165771,1,836.7,36731.75,90455.375
145.5211660861969,1,987.1,35487.5703125,90455.375
146.5290403366089,1,104.2,38000.9140625,90455.375
147.53688883781433,1,104.2,40523.54296875,90455.375
148.5470199584961,1,1241.6,44393.56640625,90455.375
149.57139253616333,1,4544.8,47645.83984375,90455.375
150.579332113266,1,102.2,49445.3671875,90455.375
151.58714294433594,1,102.2,44354.05859375,90455.375
152.59502959251404,1,1599.5,40700.83984375,90455.375
153.61503767967224,1,1430.3,42450.5625,90455.375
154.62211394309998,1,1716.8,38092.4609375,90455.375
155.63023686408997,1,793.6,37010.171875,90455.375
156.63782238960266,1,899.1,28308.0234375,90455.375
157.64502453804016,1,2327.5,18392.66796875,90455.375
158.66601514816284,1,4773.1,18088.98828125,90455.375
159.6860110759735,1,4771.7,17904.4453125,90455.375
160.70647025108337,1,4756.2,20492.5546875,90455.375
161.71841955184937,1,2139.3,20366.0,90455.375
162.72618961334229,1,1656.1,19740.44921875,90455.375
163.73465728759766,1,1653.0,12285.80078125,90455.375
164.7423334121704,1,3489.2,11301.578125,90455.375
165.75043845176697,1,2733.7,12441.703125,90455.375
166.76404571533203,1,1499.7,10606.6171875,90455.375
167.77155017852783,1,1918.9,10104.25390625,90455.375
168.77864146232605,1,1419.7,9740.62109375,90455.375
169.78754830360413,1,979.3,2024.17578125,90455.375
170.79495525360107,1,1431.4,3302.46484375,90455.375
171.8541111946106,1,4372.4,5250.4375,90455.375
172.86202716827393,1,1104.3,9278.75390625,90455.375
173.88204264640808,1,2787.0,10619.62109375,90455.375
174.90193557739258,1,3325.3,11475.31640625,90455.375
175.9216823577881,1,2838.5,9922.37109375,90455.375
176.9286913871765,1,4459.2,14160.16796875,90679.375
177.9361548423767,1,100.2,17651.8359375,90679.375
178.94411659240723,1,100.2,21200.81640625,90679.375
179.95126938819885,1,1938.1,19788.5390625,90679.375
180.95924925804138,1,100.2,23102.125,90679.375
181.96637392044067,1,104.3,26381.03515625,90679.375
182.9741985797882,1,104.2,29654.11328125,90679.375
183.98167395591736,1,109.2,32776.34765625,90679.375
184.98985695838928,1,109.1,34973.44921875,90679.375
185.99684596061707,1,107.3,34722.66015625,90679.375
187.0043318271637,1,107.2,34445.35546875,90679.375
188.01212573051453,1,105.2,34153.29296875,90679.375
189.01961183547974,1,743.4,33949.24609375,90679.375
190.02885556221008,1,1378.2,34537.5078125,90679.375
191.03829836845398,1,683.6,34539.9921875,90679.375
192.04778575897217,1,1311.4,34645.61328125,90679.375
193.05926823616028,1,618.0,35006.3046875,90679.375
194.06828451156616,1,1685.8,37766.25,90679.375
195.07803010940552,1,936.9,34933.10546875,90679.375
196.1031358242035,1,1002.8,34637.34765625,90679.375
197.11396431922913,1,101.9,36144.15234375,90679.375
198.12502455711365,1,897.3,39104.53125,90679.375
199.14921593666077,1,2331.4,41415.0546875,90679.375
200.1590256690979,1,642.7,37569.8984375,90679.375
201.1833279132843,1,1702.6,36375.02734375,90679.375
202.19004726409912,1,917.8,35268.19140625,90679.375
203.1970829963684,1,103.3,37854.578125,90679.375
204.20471930503845,1,105.2,40442.45703125,90679.375
205.21299076080322,1,1137.7,44501.72265625,90679.375
206.23292446136475,1,4642.0,47658.9375,90679.375
207.24090600013733,1,102.2,49331.953125,90679.375
208.24794483184814,1,102.3,44497.21484375,90679.375
209.256028175354,1,1598.2,40748.40234375,90679.375
210.27604341506958,1,1414.6,42422.13671875,90679.375
211.28392601013184,1,1534.9,38244.88671875,90679.375
212.2910351753235,1,808.3,36013.95703125,90679.375
213.29870891571045,1,888.1,26630.7109375,90679.375
214.307026386261,1,2639.3,18339.64453125,90679.375
215.32801580429077,1,4774.2,18020.2421875,90679.375
216.34701299667358,1,4774.4,17845.25,90679.375
217.36747694015503,1,4480.7,20643.06640625,90679.375
218.37453532218933,1,2062.4,20323.5546875,90679.375
219.3830201625824,1,1874.3,19626.16015625,90679.375
220.39277911186218,1,1565.7,11038.19140625,90679.375
221.40403270721436,1,3597.1,11358.984375,90679.375
222.41358184814453,1,2690.5,12419.51171875,90679.375
223.43388605117798,1,1528.4,10665.6875,90679.375
224.44138193130493,1,1509.0,10085.96484375,90679.375
225.44846653938293,1,1884.4,9786.953125,90679.375
226.45645451545715,1,840.3,2257.48046875,90679.375
227.46401691436768,1,1977.1,3276.11328125,90679.375
228.51578211784363,1,3833.5,5474.92578125,90679.375
229.52236366271973,1,1473.5,10389.8828125,90679.375
230.53203749656677,1,2908.4,10661.13671875,90679.375
231.55701875686646,1,3332.3,11482.91796875,90679.375
232.57602882385254,1,2444.5,8734.33203125,90679.375
233.59604501724243,1,4402.4,14396.84375,90887.375
234.6034858226776,1,99.3,17929.8671875,90887.375
235.6110875606537,1,99.2,21465.46875,90887.375
236.61906790733337,1,1922.6,20512.82421875,90887.375
237.6260848045349,1,100.3,23842.90625,90887.375
238.63412141799927,1,105.2,27136.61328125,90887.375
239.6414577960968,1,104.2,30369.4453125,90887.375
240.64826202392578,1,107.3,33494.17578125,90887.375
241.65636730194092,1,108.1,35433.8203125,90887.375
242.66385746002197,1,111.2,34968.70703125,90887.375
243.67154908180237,1,107.2,34658.5,90887.375
244.67853093147278,1,106.3,34358.3515625,90887.375
245.6882927417755,1,781.3,34188.1015625,90887.375
246.69845032691956,1,1075.1,34147.5234375,90887.375
247.70942544937134,1,1105.9,34000.546875,90887.375
248.72050189971924,1,971.2,35442.90625,90887.375
249.73126411437988,1,960.6,33857.828125,90887.375
250.74201774597168,1,951.0,36272.49609375,90887.375
251.76302289962769,1,1436.8,35549.1875,90887.375
252.78714680671692,1,1137.6,34633.765625,90887.375
253.79931497573853,1,506.8,35161.03125,90887.375
254.80925107002258,1,101.0,37065.07421875,90887.375
255.81901741027832,1,2926.7,39043.80078125,90887.375
256.83284044265747,1,458.6,40699.1875,90887.375
257.8435616493225,1,1554.6,38132.359375,90887.375
258.85202193260193,1,1056.0,35696.95703125,90887.375
259.8733580112457,1,685.3,36221.0,90887.375
260.88230323791504,1,105.1,38753.328125,90887.375
261.8918466567993,1,104.0,41364.72265625,90887.375
262.90202713012695,1,2805.6,44410.58203125,90887.375
263.9265766143799,1,2977.8,48258.546875,90887.375
264.9335916042328,1,102.3,49742.80078125,90887.375
265.9409062862396,1,364.3,42108.69921875,90887.375
266.9481830596924,1,2781.1,40831.38671875,90887.375
267.9546961784363,1,103.3,39326.36328125,90887.375
268.9625041484833,1,1503.3,38842.16796875,90887.375
269.97003865242004,1,1141.4,35539.140625,90887.375
270.9794270992279,1,537.9,21363.41796875,90887.375
271.98803544044495,1,3750.9,18189.484375,90887.375
273.0090141296387,1,4778.1,17945.234375,90887.375
274.02901577949524,1,4769.6,17757.46484375,90887.375
275.04960107803345,1,3841.5,20702.28125,90887.375
276.0576593875885,1,2196.1,20251.8515625,90887.375
277.06764125823975,1,2014.2,19469.87890625,90887.375
278.07502269744873,1,1878.2,11000.51171875,90887.375
279.0946717262268,1,3213.5,11445.34375,90887.375
280.1020312309265,1,2801.2,12374.90234375,90887.375
281.1116464138031,1,1391.7,10896.390625,90887.375
282.11880922317505,1,1585.9,10096.16796875,90887.375
283.12601590156555,1,1673.9,9714.60546875,90887.375
284.1444933414459,1,498.7,2621.76171875,90887.375
285.1530201435089,1,2721.8,3305.875,90887.375
286.2019200325012,1,3175.6,5857.9453125,90935.375
287.2110242843628,1,1896.0,11850.74609375,90935.375
288.2320308685303,1,3177.0,10671.28125,90935.375
289.25401616096497,1,3323.3,11517.48828125,90935.375
290.2727382183075,1,2518.8,9388.44921875,90935.375
291.2936677932739,1,3883.3,14748.12890625,91123.375
292.3016707897186,1,99.2,18246.265625,91123.375
293.30875539779663,1,100.3,21776.34765625,91123.375
294.3147876262665,1,1919.1,20465.609375,91123.375
295.3218376636505,1,100.3,23790.671875,91123.375
296.32909870147705,1,103.3,27039.421875,91123.375
297.33782386779785,1,106.1,30287.6640625,91123.375
298.3460638523102,1,108.1,33426.6015625,91123.375
299.3534007072449,1,109.2,35236.96875,91123.375
300.3606028556824,1,109.2,34901.89453125,91123.375
301.36907839775085,1,106.1,34587.109375,91123.375
302.3771708011627,1,105.2,34324.66796875,91123.375
303.3840403556824,1,932.6,34312.1796875,91123.375
304.39197397232056,1,1312.5,34831.03125,91123.375
305.3999421596527,1,687.5,34428.53515625,91123.375
306.4088804721832,1,1005.1,34731.609375,91123.375
307.4174573421478,1,1082.8,34059.41015625,91123.375
308.42630195617676,1,103.1,35518.16796875,91123.375
309.4342529773712,1,1814.6,37632.5546875,91123.375
310.4431674480438,1,910.9,36056.90234375,91123.375
311.45133781433105,1,1094.1,34368.0625,91123.375
312.46037006378174,1,103.1,36006.4765625,91123.375
313.4680144786835,1,1172.2,39147.23046875,91123.375
314.4863760471344,1,2168.0,41687.0078125,91123.375
315.49502658843994,1,1006.4,37610.61328125,91123.375
316.51458621025085,1,1326.0,36612.0625,91123.375
317.52246141433716,1,934.6,35548.95703125,91123.375
318.5307614803314,1,104.1,38070.03515625,91123.375
319.53793239593506,1,104.2,40680.1171875,91123.375
320.5470242500305,1,1461.9,44445.55859375,91123.375
321.56597900390625,1,4273.6,47741.71875,91123.375
322.57313990592957,1,103.3,49405.296875,91123.375
323.58022928237915,1,101.3,43071.609375,91123.375
324.5889484882355,1,1998.6,40782.63671875,91123.375
325.60891675949097,1,1045.1,42595.86328125,91123.375
326.6166470050812,1,1477.6,38377.9375,91123.375
327.6245753765106,1,817.6,36051.29296875,91123.375
328.6333739757538,1,881.1,25741.50390625,91123.375
329.6410267353058,1,2834.5,18298.62890625,91123.375
330.6620147228241,1,4771.2,18006.10546875,91123.375
331.6819078922272,1,4776.9,17840.60546875,91123.375
332.7033004760742,1,4142.8,20667.796875,91123.375
333.7108016014099,1,2168.7,20225.3671875,91123.375
334.71899151802063,1,1963.2,19691.83984375,91123.375
335.72802329063416,1,1827.5,11183.984375,91123.375
336.7476305961609,1,3247.1,11586.4296875,91123.375
337.756450176239,1,2760.5,12549.765625,91123.375
338.7664511203766,1,1432.8,11080.6796875,91123.375
339.77437376976013,1,1582.7,10270.09375,91123.375
340.7814974784851,1,1736.6,10124.57421875,91123.375
341.78805136680603,1,1044.0,2421.64453125,91123.375
342.797021150589,1,1985.3,3395.24609375,91123.375
343.8493027687073,1,3865.7,5549.95703125,91123.375
344.8565163612366,1,1443.5,10128.55078125,91123.375
345.86603569984436,1,2893.5,10649.171875,91123.375
346.8930172920227,1,3384.3,11478.27734375,91123.375
347.9120228290558,1,2494.6,8827.62890625,91123.375
348.9325578212738,1,4261.0,14516.06640625,91311.375
349.9405994415283,1,100.2,18028.89453125,91311.375
350.94738006591797,1,99.3,21561.95703125,91311.375
351.95416355133057,1,1949.9,20389.83984375,91311.375
352.9606795310974,1,100.3,23670.22265625,91311.375
353.9681947231293,1,104.2,26913.47265625,91311.375
354.9762098789215,1,106.1,30086.875,91311.375
355.98322010040283,1,107.2,33126.296875,91311.375
356.99042320251465,1,109.2,35164.46484375,91311.375
357.99756479263306,1,109.2,34757.23046875,91311.375
359.0048735141754,1,108.2,34414.6484375,91311.375
360.0121989250183,1,102.3,34259.77734375,91311.375
361.022518157959,1,778.0,33982.67578125,91311.375
362.03397583961487,1,1156.6,33931.81640625,91311.375
363.0446960926056,1,1027.9,33748.11328125,91311.375
364.0578920841217,1,1166.7,35243.0625,91311.375
365.06846714019775,1,1050.8,33775.92578125,91311.375
366.0799033641815,1,209.6,35250.31640625,91311.375
367.09030413627625,1,1866.6,37303.98828125,91311.375
368.1009123325348,1,933.1,35618.58203125,91311.375
369.1104543209076,1,1120.3,34411.9296875,91311.375
370.12160658836365,1,103.8,35758.70703125,91311.375
371.1321761608124,1,101.9,38140.109375,91311.375
372.14617371559143,1,3359.9,41161.1484375,91311.375
373.1538715362549,1,184.6,38656.6015625,91311.375
374.16107416152954,1,1520.2,36802.5703125,91311.375
375.1693251132965,1,1385.5,35490.31640625,91311.375
376.17809867858887,1,381.7,36874.3515625,91311.375
377.1860990524292,1,105.2,39497.296875,91311.375
378.1939890384674,1,104.2,42149.52734375,91311.375
379.20198225975037,1,4112.4,44349.5,91311.375
380.2230658531189,1,1805.9,48893.0625,91311.375
381.23036432266235,1,102.3,50153.15625,91311.375
382.23813581466675,1,386.0,42856.38671875,91311.375
383.2453422546387,1,2673.7,41635.83203125,91311.375
384.2535276412964,1,265.8,38443.3984375,91311.375
385.2640209197998,1,1448.0,36519.46875,91311.375
386.2795743942261,1,1508.6,34986.8125,91311.375
387.2880291938782,1,881.5,18437.75,91311.375
388.3120880126953,1,4775.3,18143.87890625,91311.375
389.3330192565918,1,4772.2,17910.41015625,91311.375
390.3540139198303,1,4769.8,17721.859375,91311.375
391.37502551078796,1,2323.1,20376.09375,91311.375
392.3950228691101,1,2199.0,20102.4296875,91311.375
393.4048435688019,1,1915.0,18995.29296875,91311.375
394.4130263328552,1,3087.0,11161.2421875,91311.375
395.43402123451233,1,1980.5,12669.8984375,91311.375
396.453565120697,1,2527.4,10658.31640625,91311.375
397.4616594314575,1,1594.1,10329.0703125,91311.375
398.4694712162018,1,1392.3,10534.90625,91311.375
399.47557163238525,1,1566.2,2165.0546875,91311.375
400.4832355976105,1,329.5,3427.3359375,91311.375
401.4970166683197,1,4727.4,3247.2890625,91311.375
402.52031803131104,1,1015.4,6901.38671875,91311.375
403.52802538871765,1,2495.7,10742.73046875,91311.375
404.5496919155121,1,3310.4,11517.796875,91311.375
405.56875872612,1,3627.3,11151.99609375,91311.375
406.57702589035034,1,3589.6,12279.85546875,91315.375
407.5975773334503,1,1626.5,16522.20703125,91395.375
408.6045010089874,1,100.3,20077.046875,91395.375
409.6120574474335,1,1701.7,22374.03125,91395.375
410.6450743675232,1,316.6,22607.984375,91395.375
411.65249586105347,1,103.2,25906.66015625,91395.375
412.6602485179901,1,105.2,29110.39453125,91395.375
413.6674861907959,1,108.2,32214.984375,91395.375
414.6744637489319,1,108.2,35265.3828125,91395.375
415.68242931365967,1,110.1,35129.38671875,91395.375
416.69008898735046,1,109.2,34685.75390625,91395.375
417.6982231140137,1,106.1,34304.67578125,91395.375
418.7060582637787,1,101.2,34125.0078125,91395.375
419.71901535987854,1,1567.8,33906.8203125,91395.375
420.7276837825775,1,1001.2,34479.0390625,91395.375
421.738028049469,1,1357.0,34173.7421875,91395.375
422.7630760669708,1,528.7,35040.96484375,91395.375
423.77368688583374,1,1701.1,37329.734375,91395.375
424.78336358070374,1,1125.2,35004.05859375,91395.375
425.79264283180237,1,736.1,35681.62890625,91395.375
426.8000178337097,1,401.1,39299.4296875,91395.375
427.81861114501953,1,2858.5,41439.15234375,91395.375
428.8260176181793,1,494.4,37593.5625,91395.375
429.84488320350647,1,1668.5,36277.5546875,91395.375
430.8552405834198,1,1228.2,34956.7734375,91395.375
431.86296367645264,1,105.2,36357.3359375,91395.375
432.87147641181946,1,104.1,38434.43359375,91395.375
433.87866377830505,1,104.3,41086.375,91395.375
434.88702917099,1,2703.5,44204.7578125,91395.375
435.90944600105286,1,3094.5,48327.1171875,91395.375
436.9172463417053,1,101.2,49851.6875,91395.375
437.9249005317688,1,310.6,42193.2421875,91395.375
438.93205428123474,1,2658.1,41050.9609375,91395.375
439.93948912620544,1,187.6,38646.2421875,91395.375
440.9465379714966,1,1399.1,38703.79296875,91395.375
441.9540214538574,1,1271.5,35437.2890625,91395.375
442.9842050075531,1,489.2,19641.98828125,91395.375
443.9920234680176,1,4197.3,18241.33203125,91395.375
445.0130159854889,1,4776.1,18023.35546875,91395.375
446.0330140590668,1,4771.6,17857.9921875,91395.375
447.05372619628906,1,3110.7,20771.515625,91395.375
448.06002855300903,1,2178.1,20236.3828125,91395.375
449.07002329826355,1,2158.5,19362.08203125,91395.375
450.0780236721039,1,2347.1,10925.671875,91395.375
451.09788513183594,1,2587.8,10819.30859375,91395.375
452.10706996917725,1,2994.1,11880.734375,91395.375
453.1151225566864,1,1406.6,11098.796875,91395.375
454.1224992275238,1,1252.8,10086.62109375,91395.375
455.1306936740875,1,1782.3,6494.7109375,91395.375
456.13867020606995,1,102.2,3059.30859375,91395.375
457.1468496322632,1,3830.9,3259.03125,91395.375
458.2045226097107,1,2097.0,6362.46484375,91395.375
459.2125883102417,1,2143.0,10609.04296875,91395.375
460.21990752220154,1,3254.6,11135.34375,91395.375
461.22756481170654,1,3662.2,11861.78515625,91395.375
462.23501229286194,1,2922.3,10768.3671875,91395.375
463.25654888153076,1,2776.1,15653.23046875,91487.375
464.264084815979,1,100.2,19166.5234375,91487.375
465.2730379104614,1,545.1,22371.25,91487.375
466.2886416912079,1,1468.2,21420.125,91487.375
467.29621839523315,1,101.2,24764.7890625,91487.375
468.3034625053406,1,104.3,28051.3125,91487.375
469.31006956100464,1,107.3,31219.734375,91487.375
470.31670665740967,1,108.3,34307.65234375,91487.375
471.32406735420227,1,109.2,35121.84375,91487.375
472.3320894241333,1,109.1,34791.00390625,91487.375
473.339378118515,1,106.2,34508.578125,91487.375
474.34660601615906,1,104.2,34246.3125,91487.375
475.35643768310547,1,1201.0,34105.23046875,91487.375
476.3664445877075,1,1219.9,34520.4296875,91487.375
477.37659335136414,1,667.2,34559.16015625,91487.375
478.3875651359558,1,1465.9,34556.828125,91487.375
479.39764952659607,1,719.7,34304.76171875,91487.375
480.4090185165405,1,645.8,36218.4765625,91487.375
481.4300630092621,1,1327.9,36700.9609375,91487.375
482.44003343582153,1,1006.0,34965.203125,91487.375
483.4650709629059,1,1006.7,35019.5,91487.375
484.47527146339417,1,102.0,36591.7734375,91487.375
485.48501658439636,1,1961.1,39160.48828125,91487.375
486.5058500766754,1,1477.0,42163.09375,91487.375
487.51361775398254,1,1531.2,37986.31640625,91487.375
488.5211570262909,1,804.9,36762.7890625,91487.375
489.52882742881775,1,912.0,35503.359375,91487.375
490.5362012386322,1,103.2,38115.26953125,91487.375
491.5438849925995,1,106.2,40763.5703125,91487.375
492.55202865600586,1,1784.6,44420.82421875,91487.375
493.5721492767334,1,3954.2,47914.8203125,91487.375
494.5800931453705,1,101.2,49343.6015625,91487.375
495.58904123306274,1,117.9,41669.30859375,91487.375
496.61401176452637,1,2375.9,40538.39453125,91487.375
497.63404273986816,1,470.6,40994.0546875,91487.375
498.64197278022766,1,1469.3,38817.4765625,91487.375
499.64984917640686,1,1151.9,36043.41796875,91487.375
500.65677404403687,1,563.1,21500.08203125,91487.375
501.6650233268738,1,3798.0,18323.33203125,91487.375
502.6860146522522,1,4774.1,18087.6796875,91487.375
503.7060122489929,1,4768.6,17852.92578125,91487.375
504.7263627052307,1,3503.2,20756.23046875,91487.375
505.73428320884705,1,2147.0,20162.66796875,91487.375
506.74160385131836,1,1987.8,19567.00390625,91487.375
507.74891233444214,1,2208.6,11009.1875,91487.375
508.7688648700714,1,2886.6,11030.953125,91487.375
509.7850112915039,1,2823.5,12394.69921875,91487.375
510.79502034187317,1,1461.4,11051.171875,91487.375
511.8136143684387,1,1418.6,10043.3515625,91487.375
512.819429397583,1,1872.9,8745.59765625,91487.375
513.8270723819733,1,102.2,2893.015625,91487.375
514.8360207080841,1,3367.0,3269.65625,91487.375
515.8798408508301,1,2522.3,6173.0,91487.375
516.8880908489227,1,2249.5,12734.98828125,91487.375
517.8962712287903,1,3254.4,10725.62109375,91487.375
518.9040174484253,1,3595.5,11508.36328125,91487.375
519.9200251102448,1,2439.8,9817.546875,91487.375
520.9403913021088,1,3471.2,15145.04296875,91571.375
521.9486739635468,1,99.2,18681.42578125,91571.375
522.9562680721283,1,100.2,22236.57421875,91571.375
523.9638769626617,1,1940.1,21255.015625,91571.375
524.971417427063,1,99.3,24647.703125,91571.375
525.9796872138977,1,105.1,27889.86328125,91571.375
526.9876809120178,1,107.1,31090.43359375,91571.375
527.995246887207,1,109.2,34126.01953125,91571.375
529.0029726028442,1,108.1,35376.15625,91571.375
530.0111222267151,1,108.1,34992.84375,91571.375
531.0183470249176,1,108.2,34640.58203125,91571.375
532.026319026947,1,103.2,34313.37890625,91571.375
533.0336587429047,1,1062.2,34105.32421875,91571.375
534.0426290035248,1,1118.0,34627.30078125,91571.375
535.0525529384613,1,674.3,34288.6640625,91571.375
536.0628182888031,1,958.1,34647.60546875,91571.375
537.0730450153351,1,996.9,34129.23828125,91571.375
538.0836277008057,1,100.9,35628.640625,91571.375
539.0951719284058,1,1711.2,37698.77734375,91571.375
540.1063241958618,1,1267.9,35045.29296875,91571.375
541.1164333820343,1,664.3,34760.55078125,91571.375
542.1271820068359,1,102.9,36292.95703125,91571.375
543.1380217075348,1,998.3,39185.75390625,91571.375
544.1628439426422,1,2220.6,41687.0859375,91571.375
545.1720185279846,1,1203.1,37616.76953125,91571.375
546.1905903816223,1,1180.9,36426.31640625,91571.375
547.1986000537872,1,966.3,35425.625,91571.375
548.2067158222198,1,102.2,37942.8515625,91571.375
549.2140715122223,1,105.2,40544.25,91571.375
550.2230191230774,1,1222.2,44502.3828125,91571.375
551.2417259216309,1,4588.5,47698.34765625,91571.375
552.2489750385284,1,102.3,49461.70703125,91571.375
553.256429195404,1,102.2,44068.43359375,91571.375
554.2660274505615,1,1791.9,40772.97265625,91571.375
555.2861731052399,1,1241.9,42606.4375,91571.375
556.2932577133179,1,1528.2,38424.85546875,91571.375
557.3004524707794,1,835.0,36055.046875,91571.375
558.3082575798035,1,869.4,26099.56640625,91571.375
559.3160252571106,1,2777.1,18365.0,91571.375
560.3370153903961,1,4776.1,18076.75390625,91571.375
561.3580157756805,1,4775.7,17857.62890625,91571.375
562.3786442279816,1,4205.2,20507.84375,91571.375
563.3889288902283,1,2174.4,20521.26171875,91571.375
564.3964052200317,1,1600.1,19822.9453125,91571.375
565.4042677879333,1,1630.4,12082.5625,91571.375
566.4125056266785,1,3547.3,11315.4453125,91571.375
567.4200546741486,1,2671.7,12474.51171875,91571.375
568.4331731796265,1,1503.3,10661.515625,91571.375
569.4412260055542,1,1815.7,10150.3828125,91571.375
570.4483616352081,1,1490.1,9817.91796875,91571.375
571.4559507369995,1,1602.8,2348.21875,92083.3828125
572.4637742042542,1,974.5,3300.62109375,91571.375
573.4890291690826,1,4714.4,4475.09765625,91571.375
574.5035908222198,1,729.4,8764.390625,91571.375
575.5210282802582,1,2765.9,10694.58203125,91571.375
576.5410211086273,1,3310.9,11534.09765625,91571.375
577.5600209236145,1,3195.3,10832.8984375,91571.375
578.5790266990662,1,4079.0,13156.91015625,91571.375
579.5997676849365,1,872.8,17099.0546875,91627.375
580.6072206497192,1,99.3,20642.35546875,91627.375
581.6155488491058,1,1927.9,21094.82421875,91627.375
582.6238219738007,1,112.1,23070.96484375,91627.375
583.6310920715332,1,102.3,26426.57421875,91627.375
584.6383719444275,1,106.2,29647.6484375,91627.375
585.6454555988312,1,108.2,32773.4453125,91627.375
586.653183221817,1,108.2,35494.10546875,91627.375
587.6613199710846,1,108.1,35166.34375,91627.375
588.6686475276947,1,108.2,34806.51171875,91627.375
589.6761898994446,1,106.2,34551.99609375,91627.375
590.6842370033264,1,525.8,34327.41015625,91627.375
591.6962668895721,1,1323.0,34134.27734375,91627.375
592.7065227031708,1,1034.4,33954.62109375,91627.375
593.7203161716461,1,1169.9,35299.48046875,91627.375
594.730813741684,1,783.7,34303.7734375,91627.375
595.7422261238098,1,435.1,34939.265625,91627.375
596.7529418468475,1,1865.9,37075.1015625,91627.375
597.7636322975159,1,941.2,35645.2265625,91627.375
598.7718386650085,1,1108.6,34353.42578125,91627.375
599.7820599079132,1,103.0,35893.41015625,91627.375
600.7935235500336,1,307.5,39283.31640625,91627.375
601.8019726276398,1,3160.3,41292.15234375,91627.375
602.8091406822205,1,187.7,38050.640625,91627.375
603.8180184364319,1,1551.4,36321.23046875,91627.375
604.8365392684937,1,1485.5,34924.66015625,91627.375
605.8447253704071,1,125.0,37404.3125,91627.375
606.85196185112,1,104.2,40045.79296875,91627.375
607.8600180149078,1,492.1,44461.9140625,91627.375
608.880030632019,1,4763.2,44653.87890625,91627.375
609.9044404029846,1,652.1,49233.2421875,91627.375
610.9125204086304,1,102.2,46580.37890625,91627.375
611.9210226535797,1,960.9,40837.66796875,91627.375
612.9405364990234,1,2071.4,42291.79296875,91627.375
613.9490475654602,1,1382.0,38057.578125,91627.375
614.9758725166321,1,923.3,36926.23828125,91627.375
615.9834945201874,1,903.2,29267.5234375,91627.375
616.9920296669006,1,2118.0,18464.45703125,91627.375
618.0130162239075,1,4758.6,18153.8671875,91627.375
619.0340158939362,1,4773.8,17920.27734375,91627.375
620.0550336837769,1,4755.5,20447.13671875,91627.375
621.0800132751465,1,2076.3,20203.57421875,91627.375
622.091020822525,1,1652.9,19582.890625,91627.375
623.1010141372681,1,1590.1,11077.45703125,91627.375
624.1233224868774,1,3626.1,11282.04296875,91627.375
625.1329033374786,1,2769.6,12399.171875,91627.375
626.1506354808807,1,1571.6,10658.6171875,91627.375
627.1567056179047,1,1840.9,10166.03515625,91627.375
628.1638054847717,1,1471.3,9773.0859375,91627.375
629.1710455417633,1,898.5,2029.78125,91627.375
630.1790187358856,1,1542.8,3288.0390625,91627.375
631.2342541217804,1,4290.9,5298.41015625,91627.375
632.2420287132263,1,1084.6,8898.08203125,91627.375
633.263023853302,1,2817.0,10701.63671875,91627.375
634.2838554382324,1,3315.1,11568.6328125,91627.375
635.3057861328125,1,2904.4,10342.22265625,91627.375
636.311069726944,1,4395.4,13993.76171875,91631.375
637.3320355415344,1,267.4,17612.0625,91659.375
638.339967250824,1,100.2,21164.83984375,91659.375
639.3477239608765,1,1934.9,20169.6875,91659.375
640.3550519943237,1,101.3,23473.70703125,91659.375
641.3618733882904,1,103.3,26715.55859375,91659.375
642.369966506958,1,107.1,29964.72265625,91659.375
643.3785352706909,1,107.1,33022.9765625,91659.375
644.386203289032,1,109.2,35463.36328125,91659.375
645.3935189247131,1,108.2,35114.03515625,91659.375
646.4015793800354,1,110.1,34739.6875,91659.375
647.4091267585754,1,104.2,34503.42578125,91659.375
648.4184319972992,1,589.5,34253.140625,91659.375
649.4282276630402,1,1209.2,34032.20703125,91659.375
650.4420895576477,1,1030.6,34092.515625,91659.375
651.4540193080902,1,978.5,34902.7109375,91659.375
652.4790997505188,1,923.8,34091.30859375,91659.375
653.5000712871552,1,564.2,35352.39453125,91659.375
654.5090577602386,1,1808.6,37610.02734375,91659.375
655.5201239585876,1,962.4,35239.96875,91659.375
656.5303280353546,1,1084.0,35128.11328125,91659.375
657.5400426387787,1,102.0,37941.03125,91659.375
658.5501766204834,1,3434.2,40853.5078125,91659.375
659.5574157238007,1,185.7,38349.43359375,91659.375
660.5652430057526,1,1625.3,36815.796875,91659.375
661.5729463100433,1,1341.6,35326.9765625,91659.375
662.5800533294678,1,622.5,35684.71484375,91659.375
663.5886926651001,1,105.1,37593.69921875,91659.375
664.5967569351196,1,104.2,40256.171875,91659.375
665.6040182113647,1,1262.0,44288.17578125,91659.375
666.6223065853119,1,4735.3,47697.5703125,91659.375
667.6295881271362,1,101.3,49072.78515625,91659.375
668.6385068893433,1,102.1,44606.61328125,91659.375
669.6470286846161,1,1541.9,40617.65625,91659.375
670.6670985221863,1,1468.5,42379.2265625,91659.375
671.6749377250671,1,1559.7,38203.046875,91659.375
672.6840431690216,1,818.6,35989.953125,91659.375
673.6920440196991,1,936.5,26643.3671875,91659.375
674.7010235786438,1,2662.3,18333.59375,91659.375
675.722017288208,1,4774.9,18082.921875,91659.375
676.7430131435394,1,4770.0,17832.75,91659.375
677.7671039104462,1,4242.3,20702.71484375,91659.375
678.7752788066864,1,2037.3,20485.8125,91659.375
679.7830555438995,1,1978.5,19744.4296875,91659.375
680.7940330505371,1,1779.7,11148.34375,91659.375
681.8129000663757,1,3376.0,11595.81640625,91659.375
682.8211483955383,1,2744.2,12576.1015625,91659.375
683.8313386440277,1,1428.6,10992.84375,91659.375
684.838390827179,1,1580.1,10220.3828125,91659.375
685.8490197658539,1,1610.8,9866.7890625,91659.375
686.8674607276917,1,527.2,2760.5625,91659.375
687.8750205039978,1,2758.2,3335.3671875,91659.375
688.9275569915771,1,3117.6,5915.19140625,91659.375
689.9360220432281,1,1908.7,12877.4921875,91659.375
690.9567611217499,1,3139.8,10724.63671875,91659.375
691.9660179615021,1,3289.8,11553.26171875,91659.375
692.9850218296051,1,2460.2,9318.24609375,91659.375
694.0081233978271,1,3854.6,14862.5390625,91751.375
695.0156621932983,1,99.3,18404.5703125,91751.375
696.0231835842133,1,100.2,21928.28515625,91751.375
697.0317375659943,1,1929.4,21255.58984375,91751.375
698.0392422676086,1,100.3,24653.98046875,91751.375
699.045859336853,1,105.3,27871.0859375,91751.375
700.0540430545807,1,109.1,30997.78515625,91751.375
701.0620539188385,1,108.1,34037.79296875,91751.375
702.0699036121368,1,110.1,35516.671875,91751.375
703.0777950286865,1,110.1,35052.34765625,91751.375
704.0849134922028,1,108.2,34648.53125,91751.375
705.0925559997559,1,105.2,34386.19921875,91751.375
706.1025590896606,1,998.0,34201.83203125,91751.375
707.1132049560547,1,876.6,34404.66015625,91751.375
708.1284523010254,1,1179.1,34107.70703125,91751.375
709.1388680934906,1,1007.5,35564.80859375,91751.375
710.1500294208527,1,1057.3,33829.234375,91751.375
711.1615588665009,1,211.5,35264.94921875,91751.375
712.1725783348083,1,1874.3,37364.82421875,91751.375
713.1842906475067,1,942.0,35912.64453125,91751.375
714.1948540210724,1,966.8,34340.75,91751.375
715.2067611217499,1,222.4,35915.98828125,91751.375
716.2170169353485,1,900.9,39178.51953125,91751.375
717.237811088562,1,2570.1,41612.7109375,91751.375
718.2458653450012,1,801.7,37683.54296875,91751.375
719.2658236026764,1,1517.5,36500.90625,91751.375
720.2732536792755,1,846.7,35058.80078125,91751.375
721.282589673996,1,229.9,37215.10546875,91751.375
722.2913661003113,1,103.1,39876.5,91751.375
723.2994794845581,1,114.1,42448.61328125,91751.375
724.3099503517151,1,4757.7,44327.2265625,91751.375
725.3310885429382,1,1063.5,49097.73046875,91751.375
726.3392996788025,1,103.2,48103.234375,91751.375
727.3476531505585,1,448.3,40908.64453125,91751.375
728.3572685718536,1,2552.2,42042.90234375,91751.375
729.3650221824646,1,843.5,38086.30859375,91751.375
730.3845772743225,1,1421.0,36644.16015625,91751.375
731.3933198451996,1,1044.9,32100.91796875,91751.375
732.4020266532898,1,1445.5,18326.734375,91751.375
733.4261322021484,1,4771.2,18073.4375,91751.375
734.4470164775848,1,4773.3,17863.04296875,91751.375
735.4680299758911,1,4762.5,18063.84765625,91751.375
736.4927115440369,1,2717.8,20434.578125,91751.375
737.5014543533325,1,1552.5,19919.8671875,91751.375
738.512033700943,1,1775.3,14367.1015625,91751.375
739.5200402736664,1,3526.7,10985.51171875,91751.375
740.5280294418335,1,2403.8,12534.99609375,91751.375
741.539909362793,1,1678.9,10571.08984375,91751.375
742.5483882427216,1,1763.4,10151.3515625,91751.375
743.5570247173309,1,1559.6,9715.0234375,91751.375
744.565859079361,1,755.2,2154.61328125,91751.375
745.57501745224,1,1645.1,3385.81640625,91751.375
746.6200456619263,1,4215.1,5403.6796875,91751.375
747.6290230751038,1,1166.6,9008.8125,91751.375
748.6500287055969,1,2791.5,10751.57421875,91751.375
749.6700172424316,1,3217.8,11548.34765625,91751.375
750.6888065338135,1,2860.8,10150.203125,91751.375
751.6960303783417,1,4416.5,14220.19921875,91751.375
752.7035799026489,1,99.2,17708.9296875,91751.375
753.7121841907501,1,100.1,21245.3359375,91751.375
754.71955037117,1,1927.8,20951.26171875,91751.375
755.7276937961578,1,100.2,24298.88671875,91751.375
756.7354242801666,1,106.2,27577.0703125,91751.375
757.7442638874054,1,106.1,30821.4140625,91751.375
758.7522740364075,1,108.1,33921.4296875,91751.375
759.7596604824066,1,109.2,36072.296875,91751.375
760.7671377658844,1,111.2,35586.625,91751.375
761.7743620872498,1,109.2,35190.00390625,91751.375
762.7812216281891,1,107.3,34730.58984375,91751.375
763.788357257843,1,751.6,34459.5234375,91751.375
764.7977149486542,1,1010.4,34486.32421875,91751.375
765.80894780159,1,1112.6,34129.82421875,91751.375
766.8230483531952,1,932.8,35554.14453125,91751.375
767.83367228508,1,919.3,33864.85546875,91751.375
768.8430182933807,1,949.2,36219.453125,91751.375
769.8641285896301,1,926.3,36898.48046875,91751.375
770.8750274181366,1,965.6,34949.68359375,91751.375
771.8999147415161,1,877.1,35522.37109375,91751.375
772.9104232788086,1,164.3,38564.7421875,91751.375
773.9210824966431,1,3010.7,41302.90625,91751.375
774.9290153980255,1,212.3,37707.62890625,91751.375
775.9472107887268,1,1707.9,36407.59375,91751.375
776.9673881530762,1,1349.6,35126.0546875,91751.375
777.975677728653,1,106.1,37592.56640625,91751.375
778.9827160835266,1,103.3,40277.89453125,91751.375
779.9920196533203,1,704.5,44596.9609375,91751.375
781.0120248794556,1,4769.3,46271.109375,91751.375
782.0328273773193,1,365.4,49289.87109375,91751.375
783.0399887561798,1,103.3,45178.58203125,91751.375
784.0480279922485,1,1407.8,40695.5625,91751.375
785.0681354999542,1,1611.5,42381.08203125,91751.375
786.0753817558289,1,1462.4,38218.1875,91751.375
787.0828366279602,1,818.8,35935.4453125,91751.375
788.090624332428,1,876.2,26262.71875,91751.375
789.0990262031555,1,2727.2,18300.65625,91751.375
790.1200137138367,1,4776.1,18038.84765625,91751.375
791.140013217926,1,4776.5,17840.484375,91751.375
792.1604812145233,1,4016.3,20602.73046875,91751.375
793.1681790351868,1,2083.9,20293.19140625,91751.375
794.1760194301605,1,1776.3,19747.3046875,91751.375
795.1900200843811,1,1569.0,11091.359375,91751.375
796.2112946510315,1,3583.8,11458.65625,91751.375
797.2209343910217,1,2731.6,12576.60546875,91751.375
798.2438340187073,1,1637.9,10817.01953125,91751.375
799.2527129650116,1,1525.8,10286.9921875,91751.375
800.2597579956055,1,1568.0,10071.3359375,91751.375
801.2650799751282,1,693.2,2516.84375,91751.375
802.273015499115,1,2378.2,3394.19921875,91751.375
803.3298895359039,1,3480.6,5746.80078125,91807.375
804.3370218276978,1,1614.9,10683.24609375,91807.375
805.3440253734589,1,3141.6,10727.921875,91807.375
806.3649482727051,1,3327.7,11532.6640625,91807.375
807.3846507072449,1,2534.1,9134.12109375,91807.375
808.4050648212433,1,4099.8,14685.84375,91871.375
809.4133698940277,1,99.2,18222.98828125,91871.375
810.4203732013702,1,100.3,21769.13671875,91871.375
811.4276058673859,1,1934.0,20955.921875,91871.375
812.4348924160004,1,101.3,24280.48046875,91871.375
813.4430594444275,1,104.2,27572.99609375,91871.375
814.4499790668488,1,107.3,30780.55078125,91871.375
815.4578256607056,1,108.2,33945.35546875,91871.375
816.4653213024139,1,110.2,35635.921875,91871.375
817.4727077484131,1,108.2,35253.5390625,91871.375
818.4796900749207,1,108.2,34935.875,91871.375
819.4874050617218,1,107.2,34582.18359375,91871.375
820.4955110549927,1,929.4,34545.765625,91871.375
821.505530834198,1,979.2,34433.26171875,91871.375
822.5165114402771,1,1195.9,34020.01171875,91871.375
823.5265893936157,1,1016.8,35472.37109375,91871.375
824.538165807724,1,916.5,33859.30859375,91871.375
825.5478744506836,1,330.8,35027.1015625,91871.375
826.5590562820435,1,1854.3,37200.1796875,91871.375
827.5700182914734,1,762.8,35586.6640625,91871.375
828.5910580158234,1,1058.5,34505.328125,91871.375
829.6026678085327,1,327.2,35562.48046875,91871.375
830.6144840717316,1,101.8,37837.3046875,91871.375
831.6240682601929,1,3344.8,40836.14453125,91871.375
832.6331913471222,1,274.5,38323.3359375,91871.375
833.643491268158,1,1442.2,37128.3828125,91871.375
834.6540420055389,1,1217.1,35143.1171875,91871.375
835.673535823822,1,552.3,36306.10546875,91871.375
836.6806557178497,1,105.3,38836.09765625,91871.375
837.6880857944489,1,103.2,41543.59765625,91871.375
838.6960258483887,1,3260.2,44210.73046875,91871.375
839.7161569595337,1,2549.6,48452.19140625,91871.375
840.7234268188477,1,101.3,50024.04296875,91871.375
841.7310214042664,1,278.9,42655.4375,91871.375
842.7377545833588,1,2843.7,41299.45703125,91871.375
843.7450342178345,1,188.6,38992.57421875,91871.375
844.7533810138702,1,1431.0,36885.984375,91871.375
845.7613275051117,1,1443.5,35206.2734375,91871.375
846.7690193653107,1,462.5,18455.1171875,91871.375
847.7890188694,1,4774.5,18200.50390625,91871.375
848.8100161552429,1,4773.8,17958.59375,91871.375
849.8360178470612,1,4770.0,17772.49609375,91871.375
850.8570268154144,1,2974.4,20391.66015625,91871.375
851.8680264949799,1,2143.3,20015.48828125,91871.375
852.879207611084,1,1831.4,18561.921875,91871.375
853.8870298862457,1,3164.4,11200.60546875,91871.375
854.9080238342285,1,2028.5,12747.1484375,91871.375
855.9275624752045,1,2419.5,10647.4140625,91871.375
856.935380935669,1,1578.7,10305.71875,91871.375
857.942334651947,1,1540.5,10498.8203125,91871.375
858.9518849849701,1,1654.0,2681.51953125,91871.375
859.9597790241241,1,317.5,3440.0390625,91871.375
860.9670193195343,1,4590.1,3248.6484375,91871.375
862.0213496685028,1,1173.2,6884.62109375,91871.375
863.0286226272583,1,2414.2,10732.83984375,91871.375
864.0430195331573,1,3300.2,11556.44140625,91871.375
865.0641267299652,1,3771.0,11052.8359375,91871.375
866.0720252990723,1,3403.3,11839.90625,91871.375
867.0927293300629,1,1895.6,16365.796875,91903.375
868.1002423763275,1,100.3,19895.55859375,91903.375
869.1076431274414,1,1469.2,22392.15234375,91903.375
870.1190586090088,1,566.5,22082.91015625,91903.375
871.1267280578613,1,102.2,25390.671875,91903.375
872.1342895030975,1,103.2,28634.89453125,91903.375
873.1420588493347,1,108.2,31764.89453125,91903.375
874.1501379013062,1,108.1,34875.12109375,91903.375
875.1589157581329,1,109.0,35017.1484375,91903.375
876.1659393310547,1,107.3,34606.69921875,91903.375
877.1743433475494,1,106.1,34287.54296875,91903.375
878.1835072040558,1,103.1,34115.76171875,91903.375
879.1937048435211,1,1433.3,34301.98828125,91903.375
880.2036526203156,1,949.5,34256.41796875,91903.375
881.2160193920135,1,1221.1,34976.50390625,91903.375
882.2388858795166,1,1244.3,34019.4375,91903.375
883.2500731945038,1,335.3,35061.34375,91903.375
884.2605302333832,1,1841.7,37214.8515625,91903.375
885.2709181308746,1,936.3,35862.69140625,91903.375
886.2811758518219,1,756.2,34567.921875,91903.375
887.292384147644,1,458.9,35395.74609375,91903.375
888.3032500743866,1,101.9,37534.86328125,91903.375
889.3124368190765,1,3360.0,40617.5234375,91903.375
890.3197660446167,1,118.1,38228.85546875,91903.375
891.3382284641266,1,1496.3,38625.38671875,91903.375
892.345849275589,1,1217.7,35279.40625,91903.375
893.3564767837524,1,550.2,36679.7109375,91903.375
894.3647198677063,1,105.1,39308.37109375,91903.375
895.373058795929,1,104.1,42001.4765625,91903.375
896.3810243606567,1,3913.0,44308.8671875,91903.375
897.4010691642761,1,1906.7,48850.11328125,91903.375
898.4085133075714,1,102.2,50146.0703125,91903.375
899.4163663387299,1,361.2,42798.203125,91903.375
900.4246504306793,1,2652.0,41685.328125,91903.375
901.4330189228058,1,304.5,38068.2421875,91903.375
902.4520227909088,1,1543.7,36545.04296875,91903.375
903.474600315094,1,1293.7,33738.796875,91903.375
904.4830226898193,1,1143.4,18412.97265625,91903.375
905.5053541660309,1,4762.6,18150.67578125,91903.375
906.5295238494873,1,4774.8,17948.41015625,91903.375
907.5510399341583,1,4773.0,17714.21875,91903.375
908.5801546573639,1,2858.8,20420.4140625,91903.375
909.5916740894318,1,1558.9,19918.984375,91903.375
910.5990891456604,1,1744.1,15706.078125,91903.375
911.6068217754364,1,3524.5,11089.3203125,91903.375
912.6160306930542,1,2182.1,12645.078125,91903.375
913.6375663280487,1,2065.5,10592.7890625,91903.375
914.6450181007385,1,1702.5,10209.953125,91903.375
915.6633706092834,1,1420.0,10366.10546875,91903.375
916.6698930263519,1,983.4,2489.88671875,92415.3828125
917.678019285202,1,1173.6,3370.40625,91903.375
918.7326421737671,1,4630.8,5190.515625,91903.375
919.7403106689453,1,778.1,8857.296875,91903.375
920.7480282783508,1,2733.8,10769.73046875,91903.375
921.7690184116364,1,3303.8,11540.875,91903.375
922.7877550125122,1,3157.9,10668.48828125,91903.375
923.7940244674683,1,4119.8,13382.24609375,91907.375
924.814691066742,1,735.8,17255.33984375,91935.375
925.8223538398743,1,100.2,20773.34765625,91935.375
926.8293290138245,1,1931.5,20753.05859375,91935.375
927.8373770713806,1,113.1,22762.2734375,91935.375
928.8444468975067,1,102.3,26114.578125,91935.375
929.8524558544159,1,106.1,29284.34765625,91935.375
930.859941482544,1,106.2,32463.10546875,91935.375
931.8675825595856,1,108.2,35246.859375,91935.375
932.8759367465973,1,109.1,34933.30859375,91935.375
933.8838658332825,1,107.2,34640.39453125,91935.375
934.8919765949249,1,105.2,34357.30859375,91935.375
935.8997731208801,1,382.1,34128.05078125,91935.375
936.9080321788788,1,1320.0,34042.25,91935.375
937.9188730716705,1,1009.9,34140.95703125,91935.375
938.9290206432343,1,862.4,34946.07421875,91935.375
939.9501059055328,1,1050.6,34216.9375,91935.375
940.9614517688751,1,693.2,34554.5546875,91935.375
941.9730188846588,1,1547.4,36198.6484375,91935.375
942.9950351715088,1,435.3,35671.2890625,91935.375
944.0192148685455,1,1286.9,34986.61328125,91935.375
945.0297498703003,1,632.4,36039.6953125,91935.375
946.0400166511536,1,858.3,39294.1640625,91935.375
947.0608897209167,1,2616.4,41276.25,91935.375
948.0696635246277,1,187.3,38093.734375,91935.375
949.0810208320618,1,1678.1,36220.484375,91935.375
950.1018567085266,1,1642.8,34826.48828125,91935.375
951.1115658283234,1,142.6,37342.94921875,91935.375
952.1209502220154,1,105.0,39950.0,91935.375
953.1309773921967,1,525.8,44422.734375,91935.375
954.1529910564423,1,4775.0,44220.34765625,91935.375
955.1803796291351,1,786.5,49198.91796875,91935.375
956.1873364448547,1,102.3,46909.33984375,91935.375
957.1952559947968,1,801.7,40778.0078125,91935.375
958.2055447101593,1,2216.9,42121.25,91935.375
959.21302485466,1,1169.3,38017.0625,91935.375
960.23308634758,1,1165.6,36771.33203125,91935.375
961.240728855133,1,900.0,30715.48046875,91935.375
962.2490267753601,1,1784.4,18432.78125,91935.375
963.2620196342468,1,4768.3,18186.2578125,91935.375
964.2830142974854,1,4770.0,17935.90234375,91935.375
965.3040330410004,1,4274.9,17774.51953125,91935.375
966.328592300415,1,2810.0,20438.609375,91935.375
967.3488140106201,1,1965.0,19906.70703125,91935.375
968.3560736179352,1,1894.3,17663.72265625,91935.375
969.3639566898346,1,3312.9,11171.71875,91935.375
970.3860235214233,1,2032.2,12653.1796875,91935.375
971.3967509269714,1,2280.7,10595.796875,91935.375
972.4039869308472,1,1594.2,10232.77734375,91935.375
973.4113087654114,1,1353.1,10418.66796875,91935.375
974.4195728302002,1,1114.8,2426.6640625,92447.3828125
975.4269618988037,1,975.9,3410.7734375,91935.375
976.4490339756012,1,4684.1,4473.296875,91935.375
977.4614188671112,1,743.8,8819.9375,91935.375
978.4710252285004,1,2672.5,10774.89453125,91935.375
979.4910171031952,1,3321.8,11536.98046875,91935.375
980.5096638202667,1,3332.9,10792.0546875,91935.375
981.5180265903473,1,3919.9,12904.09375,91939.375
982.5387737751007,1,1180.4,16915.703125,91967.375
983.5471258163452,1,100.2,20452.8515625,91967.375
984.5552244186401,1,1905.5,21979.96875,91967.375
985.5630722045898,1,114.1,22877.87890625,91967.375
986.570704460144,1,102.2,26242.61328125,91967.375
987.578515291214,1,104.2,29517.02734375,91967.375
988.5863456726074,1,109.1,32655.52734375,91967.375
989.5934860706329,1,108.2,35673.90234375,91967.375
990.6011106967926,1,109.2,35294.109375,91967.375
991.6092193126678,1,109.1,34953.7109375,91967.375
992.6165869235992,1,106.2,34642.4609375,91967.375
993.6238605976105,1,363.4,34386.12109375,91967.375
994.6339802742004,1,1323.3,34329.6171875,91967.375
995.6446676254272,1,1052.8,34394.1640625,91967.375
996.6560297012329,1,588.4,35033.53515625,91967.375
997.6809067726135,1,1316.1,34622.0078125,91967.375
998.6916031837463,1,722.3,34480.99609375,91967.375
999.7020180225372,1,953.2,36238.890625,91967.375
1000.7228665351868,1,1772.9,35631.4140625,91967.375
1001.7414164543152,1,829.5,34720.62109375,91967.375
1002.7514653205872,1,416.8,35466.30859375,91967.375
1003.7620470523834,1,102.9,37373.65625,91967.375
1004.7720251083374,1,3345.8,40430.4296875,91967.375
1005.7820644378662,1,125.7,40320.703125,91967.375
1006.7902824878693,1,1566.1,38429.2421875,91967.375
1007.7980360984802,1,1198.7,35833.66015625,91967.375
1008.8054440021515,1,569.8,36386.3671875,91967.375
1009.8137483596802,1,104.1,39017.85546875,91967.375
1010.8218941688538,1,104.2,41690.1484375,91967.375
1011.8310267925262,1,3255.5,44447.03515625,91967.375
1012.8510415554047,1,2575.7,48552.2421875,91967.375
1013.8595178127289,1,102.1,50011.1015625,91967.375
1014.8682069778442,1,246.8,42529.06640625,91967.375
1015.8756566047668,1,2672.1,41331.5390625,91967.375
1016.8827531337738,1,228.4,38941.64453125,91967.375
1017.890992641449,1,1443.1,36890.0234375,91967.375
1018.9000201225281,1,1336.1,35256.8515625,91967.375
1019.913017988205,1,459.0,18485.4609375,91967.375
1020.9330217838287,1,4770.4,18255.8125,91967.375
1021.9540145397186,1,4767.1,17995.21484375,91967.375
1022.9807503223419,1,4769.6,17803.5234375,91967.375
1024.0010282993317,1,2948.9,20414.57421875,91967.375
1025.015023469925,1,2154.0,20019.68359375,91967.375
1026.025251865387,1,1916.2,18698.58984375,91967.375
1027.0340292453766,1,3111.8,11062.59375,91967.375
1028.0550231933594,1,2004.0,12704.53515625,91967.375
1029.074657201767,1,2593.8,10584.01171875,91967.375
1030.083325624466,1,1580.3,10296.390625,91967.375
1031.091182231903,1,1361.5,10491.42578125,91967.375
1032.1007142066956,1,1324.2,2159.3515625,92479.3828125
1033.1080179214478,1,499.4,3426.94140625,91967.375
1034.1390368938446,1,4690.3,3536.66796875,91967.375
1035.1660902500153,1,925.9,8270.59375,91967.375
1036.1750285625458,1,2559.3,10776.89453125,91967.375
1037.196518421173,1,3318.8,11550.0390625,91967.375
1038.2154612541199,1,3485.1,11282.046875,91967.375
1039.2352213859558,1,3801.6,12920.16015625,91967.375
1040.2558424472809,1,1139.4,16955.2890625,91967.375
1041.263400554657,1,100.2,20521.16796875,91967.375
1042.2703394889832,1,1903.8,21674.83203125,91967.375
1043.2784614562988,1,112.1,22744.04296875,91967.375
1044.2861413955688,1,102.2,26082.89453125,91967.375
1045.2937803268433,1,106.2,29307.7109375,91967.375
1046.3012540340424,1,108.2,32499.9375,91967.375
1047.308339357376,1,108.2,35450.70703125,91967.375
1048.3169662952423,1,108.1,35155.63671875,91967.375
1049.3244371414185,1,107.2,34858.61328125,91967.375
1050.33229970932,1,105.2,34582.95703125,91967.375
1051.3392000198364,1,371.5,34234.33984375,91967.375
1052.3462567329407,1,1348.5,34090.56640625,91967.375
1053.3523225784302,1,961.0,34143.984375,91967.375
1054.3610243797302,1,1176.0,35053.75390625,91967.375
1055.3721599578857,1,777.2,34192.01953125,91967.375
1056.3807284832,1,470.0,34769.9140625,91967.375
1057.389019727707,1,1781.6,36892.3828125,91967.375
1058.3970940113068,1,921.4,35915.6484375,91967.375
1059.4061260223389,1,1055.5,34341.47265625,91967.375
1060.414555311203,1,102.1,35880.25390625,91967.375
1061.4230268001556,1,300.5,39190.921875,91967.375
1062.4322035312653,1,3074.5,41217.29296875,91967.375
1063.4395337104797,1,202.5,38715.43359375,91967.375
1064.448715209961,1,1487.3,36843.890625,91967.375
1065.4557709693909,1,1517.3,35020.9453125,91967.375
1066.4651112556458,1,207.1,37362.49609375,91967.375
1067.4730694293976,1,104.2,39992.5,91967.375
1068.4800238609314,1,317.8,43705.453125,91967.375
1069.500650882721,1,4773.6,44328.21875,91967.375
1070.515972852707,1,799.8,49259.80859375,91967.375
1071.5224153995514,1,104.3,46996.21484375,91967.375
1072.5290191173553,1,770.9,40793.26171875,91967.375
1073.548297405243,1,2266.1,42017.09765625,91967.375
1074.5560319423676,1,1208.7,38006.81640625,91967.375
1075.5760397911072,1,1086.2,36783.1484375,91967.375
1076.5833365917206,1,899.4,30264.91796875,91967.375
1077.5920250415802,1,1884.7,18437.609375,91967.375
1078.6130158901215,1,4773.0,18104.83984375,91967.375
1079.6340148448944,1,4773.8,17899.9453125,91967.375
1080.6550240516663,1,4766.5,20365.71484375,91967.375
1081.6716794967651,1,2103.9,20627.19140625,91967.375
1082.6803376674652,1,1651.9,20071.7421875,91967.375
1083.687040567398,1,1690.5,13880.48046875,91967.375
1084.694430589676,1,3543.9,11395.125,91967.375
1085.7020466327667,1,2511.8,12698.1015625,91967.375
1086.7141315937042,1,1668.9,10769.453125,91967.375
1087.7212677001953,1,2018.5,10311.859375,91967.375
1088.7293515205383,1,1352.3,10280.51953125,91967.375
1089.7373569011688,1,1544.4,2350.984375,92479.3828125
1090.7460191249847,1,746.6,3356.4140625,91967.375
1091.786027431488,1,4682.6,3967.00390625,91967.375
1092.8122775554657,1,841.9,8823.9453125,91967.375
1093.8220269680023,1,2706.8,10752.20703125,91967.375
1094.8430190086365,1,3313.6,11584.78125,91967.375
1095.8619050979614,1,3383.6,10812.26953125,91967.375
1096.8700308799744,1,3827.2,12557.609375,91967.375
1097.8908812999725,1,1389.9,16763.31640625,92031.375
1098.8988528251648,1,100.2,20319.55859375,92031.375
1099.905912399292,1,1882.7,22402.7578125,92031.375
1100.9138162136078,1,119.1,22754.7734375,92031.375
1101.9214510917664,1,103.2,26083.484375,92031.375
1102.9285247325897,1,105.3,29331.4375,92031.375
1103.93586063385,1,107.2,32417.76953125,92031.375
1104.943080663681,1,108.2,35497.0,92031.375
1105.9511003494263,1,110.1,35291.609375,92031.375
1106.9586777687073,1,109.2,34896.625,92031.375
1107.968906879425,1,106.9,34531.5,92031.375
1108.977866411209,1,180.4,34276.6328125,92031.375
1109.9877808094025,1,1391.9,34253.796875,92031.375
1111.0018861293793,1,1156.9,34302.9375,92031.375
1112.0106854438782,1,474.7,34691.66796875,92031.375
1113.0220429897308,1,1448.6,34648.4140625,92031.375
1114.03302526474,1,715.2,34390.98046875,92031.375
1115.0444209575653,1,628.9,36235.390625,92031.375
1116.0563838481903,1,1338.8,37489.38671875,92031.375
1117.0674550533295,1,979.2,35208.47265625,92031.375
1118.0789070129395,1,1032.2,35002.81640625,92031.375
1119.0888652801514,1,104.0,36458.24609375,92031.375
1120.101016998291,1,1599.9,39216.6484375,92031.375
1121.1219177246094,1,1822.7,42003.1796875,92031.375
1122.1297082901,1,1494.3,37809.49609375,92031.375
1123.1371495723724,1,803.1,36881.46875,92031.375
1124.1447083950043,1,903.2,35759.625,92031.375
1125.152797460556,1,103.2,38376.40625,92031.375
1126.16042304039,1,105.2,41038.515625,92031.375
1127.1690261363983,1,2167.5,44480.55078125,92031.375
1128.189059972763,1,3581.0,48173.125,92031.375
1129.1961991786957,1,103.3,49744.7734375,92031.375
1130.2035284042358,1,339.5,41934.1953125,92031.375
1131.2119250297546,1,2478.1,40712.92578125,92031.375
1132.2382411956787,1,251.4,39766.73046875,92031.375
1133.2458181381226,1,1552.9,38800.015625,92031.375
1134.2536749839783,1,1165.2,35498.88671875,92031.375
1135.2602796554565,1,554.3,20384.84375,92031.375
1136.2690234184265,1,4012.1,18297.36328125,92031.375
1137.2900140285492,1,4775.0,17981.91796875,92031.375
1138.311014175415,1,4771.7,17813.83203125,92031.375
1139.3316941261292,1,3263.1,20690.19140625,92031.375
1140.3387231826782,1,1994.9,20425.421875,92031.375
1141.347161769867,1,1970.5,19792.5546875,92031.375
1142.3540272712708,1,1815.6,11291.55078125,92031.375
1143.3739442825317,1,3208.9,11696.578125,92031.375
1144.3812046051025,1,2781.4,12544.421875,92031.375
1145.3917994499207,1,1306.3,11253.34375,92031.375
1146.4034614562988,1,1854.7,10241.2265625,92031.375
1147.4102807044983,1,1698.1,10019.33984375,92031.375
1148.4214351177216,1,444.1,2692.484375,92031.375
1149.4290182590485,1,2746.2,3321.02734375,92031.375
1150.474100112915,1,3172.9,5930.703125,92031.375
1151.4890232086182,1,1984.6,13598.45703125,92031.375
1152.5094883441925,1,3163.4,10723.87109375,92031.375
1153.5370180606842,1,3343.0,11548.25390625,92031.375
1154.5590937137604,1,2471.4,9827.08984375,92031.375
1155.578304052353,1,3582.8,15089.8984375,92119.375
1156.5852847099304,1,100.3,18640.1171875,92119.375
1157.5925107002258,1,99.3,22190.36328125,92119.375
1158.5996012687683,1,1922.3,21548.36328125,92119.375
1159.6070721149445,1,100.3,24903.56640625,92119.375
1160.6147549152374,1,105.2,28129.0859375,92119.375
1161.621733903885,1,107.3,31289.95703125,92119.375
1162.6287231445312,1,109.3,34258.3828125,92119.375
1163.6347451210022,1,110.3,35571.921875,92119.375
1164.643170595169,1,110.1,35141.33203125,92119.375
1165.6510405540466,1,109.1,34782.85546875,92119.375
1166.6578621864319,1,105.3,34476.26953125,92119.375
1167.6667754650116,1,958.4,34383.40625,92119.375
1168.6788592338562,1,984.1,34372.984375,92119.375
1169.6891641616821,1,1192.7,34000.18359375,92119.375
1170.700880765915,1,1025.9,35501.6015625,92119.375
1171.7115550041199,1,1071.8,33800.22265625,92119.375
1172.7213575839996,1,121.8,35321.81640625,92119.375
1173.732197523117,1,1855.9,37431.27734375,92119.375
1174.7424998283386,1,933.4,35970.02734375,92119.375
1175.752794265747,1,1044.3,34595.93359375,92119.375
1176.7635970115662,1,101.9,36057.84765625,92119.375
1177.7750177383423,1,1017.6,39215.140625,92119.375
1178.795931816101,1,2343.6,41705.65234375,92119.375
1179.804027557373,1,1016.9,37691.81640625,92119.375
1180.823982477188,1,1323.5,36598.1875,92119.375
1181.8321559429169,1,953.2,35024.578125,92119.375
1182.839409828186,1,105.2,37439.5703125,92119.375
1183.847589969635,1,103.2,40064.02734375,92119.375
1184.8560211658478,1,500.8,44514.765625,92119.375
1185.876014471054,1,4780.8,44277.484375,92119.375
1186.8953785896301,1,940.6,48925.23046875,92119.375
1187.9030497074127,1,102.2,47419.265625,92119.375
1188.9110314846039,1,707.4,40746.2265625,92119.375
1189.9311919212341,1,2167.2,42072.3359375,92119.375
1190.9399914741516,1,1179.7,37968.1796875,92119.375
1191.961054801941,1,1036.1,36757.55859375,92119.375
1192.9692804813385,1,903.7,30540.90625,92119.375
1193.977026462555,1,1765.1,18410.18359375,92119.375
1194.9910154342651,1,4755.8,18186.453125,92119.375
1196.012014389038,1,4773.9,17894.0078125,92119.375
1197.033031463623,1,4712.5,19475.7578125,92119.375
1198.0601425170898,1,2310.3,20531.25,92119.375
1199.0673081874847,1,1632.3,19896.50390625,92119.375
1200.074984550476,1,1667.1,12452.69921875,92119.375
1201.0821726322174,1,3545.5,11430.97265625,92119.375
1202.0899209976196,1,2674.0,12631.8515625,92119.375
1203.1016609668732,1,1477.0,10771.30078125,92119.375
1204.108163356781,1,1827.2,10256.84765625,92119.375
1205.116138935089,1,1639.9,9900.09765625,92119.375
1206.122874736786,1,1798.6,2287.33203125,92631.3828125
1207.1310186386108,1,624.0,3388.9140625,92119.375
1208.1520376205444,1,4701.8,3651.37109375,92119.375
1209.1839327812195,1,934.2,8798.76171875,92119.375
1210.1930243968964,1,2693.8,10748.34375,92119.375
1211.2140202522278,1,3313.5,11578.65234375,92119.375
1212.2340197563171,1,3508.9,11272.4140625,92119.375
1213.2510240077972,1,3793.3,12871.47265625,92119.375
1214.2750730514526,1,1118.1,16992.25390625,92147.375
1215.2824490070343,1,100.3,20536.09375,92147.375
1216.290498495102,1,1923.6,21473.1796875,92147.375
1217.2978065013885,1,118.1,22561.91015625,92147.375
1218.305316209793,1,103.2,25904.8203125,92147.375
1219.3131034374237,1,104.2,29184.75390625,92147.375
1220.3206114768982,1,107.2,32307.42578125,92147.375
1221.3286843299866,1,109.1,35201.71875,92147.375
1222.3373856544495,1,108.1,34852.62890625,92147.375
1223.3443975448608,1,106.3,34511.67578125,92147.375
1224.351547241211,1,105.2,34248.921875,92147.375
1225.3604357242584,1,454.0,34040.4609375,92147.375
1226.3698110580444,1,1290.8,33904.04296875,92147.375
1227.3829135894775,1,930.8,34025.09375,92147.375
1228.3924651145935,1,1185.6,35149.5234375,92147.375
1229.4016466140747,1,877.0,33903.93359375,92147.375
1230.4173226356506,1,271.7,35317.296875,92147.375
1231.428146123886,1,1733.2,37408.4375,92147.375
1232.4397518634796,1,877.8,35452.36328125,92147.375
1233.4494376182556,1,1036.0,35191.50390625,92147.375
1234.459581375122,1,103.0,37948.0390625,92147.375
1235.4699931144714,1,3219.1,40825.44921875,92147.375
1236.4813866615295,1,178.0,38391.23828125,92147.375
1237.4915225505829,1,1509.7,37488.49609375,92147.375
1238.500893354416,1,1419.6,35401.7109375,92147.375
1239.5099079608917,1,440.1,36619.125,92147.375
1240.5203919410706,1,104.9,39272.7578125,92147.375
1241.529693365097,1,105.0,41934.62109375,92147.375
1242.5400257110596,1,3835.5,44337.13671875,92147.375
1243.5599694252014,1,2060.7,48684.6015625,92147.375
1244.5676491260529,1,102.2,50198.43359375,92147.375
1245.5756404399872,1,274.8,42886.35546875,92147.375
1246.583930015564,1,2649.9,41692.828125,92147.375
1247.5922224521637,1,182.5,38271.66796875,92147.375
1248.5993552207947,1,1502.4,36622.6171875,92147.375
1249.6088798046112,1,1479.0,35023.45703125,92147.375
1250.6160271167755,1,812.1,18494.2109375,92147.375
1251.6370167732239,1,4775.0,18182.94140625,92147.375
1252.6580173969269,1,4774.8,17971.0625,92147.375
1253.6800146102905,1,4775.0,17776.62890625,92147.375
1254.701026916504,1,2959.6,20661.4765625,92147.375
1255.7207396030426,1,1869.9,20205.50390625,92147.375
1256.7287411689758,1,1978.2,18003.4140625,92147.375
1257.7360157966614,1,3243.7,11403.48828125,92147.375
1258.7580256462097,1,2027.4,12793.98828125,92147.375
1259.7779569625854,1,2359.8,10723.98828125,92147.375
1260.785540342331,1,1580.0,10370.84375,92147.375
1261.794019460678,1,1307.1,10685.69921875,92147.375
1262.8052842617035,1,1367.4,2326.94140625,92659.3828125
1263.8140189647675,1,640.4,3468.5390625,92147.375
1264.8629732131958,1,4685.3,3872.19921875,92147.375
1265.874059677124,1,817.0,8877.76953125,92147.375
1266.882025718689,1,2617.4,10755.94921875,92147.375
1267.9020223617554,1,3281.3,11565.79296875,92147.375
1268.922021150589,1,3492.3,11260.59765625,92147.375
1269.9410281181335,1,3766.2,12835.89453125,92147.375
1270.961788892746,1,1216.6,16893.2890625,92207.375
1271.969983100891,1,101.2,20408.0390625,92207.375
1272.976871728897,1,1924.7,22378.3046875,92207.375
1273.9853100776672,1,117.0,22962.45703125,92207.375
1274.9925603866577,1,102.3,26327.61328125,92207.375
1276.0004513263702,1,105.2,29592.41796875,92207.375
1277.0076351165771,1,108.2,32769.890625,92207.375
1278.0153958797455,1,109.2,35782.82421875,92207.375
1279.0234038829803,1,109.1,35416.7578125,92207.375
1280.0303189754486,1,107.3,35038.76953125,92207.375
1281.0374791622162,1,106.2,34751.25,92207.375
1282.0445787906647,1,386.3,34411.62890625,92207.375
1283.0531032085419,1,1283.7,34400.94921875,92207.375
1284.0617077350616,1,1069.8,34432.99609375,92207.375
1285.0710215568542,1,631.3,35052.64453125,92207.375
1286.0889904499054,1,1514.5,34172.69140625,92207.375
1287.0975253582,1,472.1,35707.16015625,92207.375
1288.1058077812195,1,1891.0,36025.609375,92207.375
1289.1160836219788,1,1595.5,34503.5546875,92207.375
1290.130425453186,1,452.5,35405.86328125,92207.375
1291.1397008895874,1,102.1,37074.2421875,92207.375
1292.1480140686035,1,2871.6,39179.8203125,92207.375
1293.1662678718567,1,729.6,41389.734375,92207.375
1294.1733267307281,1,1637.5,38289.7421875,92207.375
1295.1812522411346,1,1275.9,35623.22265625,92207.375
1296.1884574890137,1,643.3,35476.76171875,92207.375
1297.1970598697662,1,106.1,36926.640625,92207.375
1298.2045571804047,1,103.2,39532.0625,92207.375
1299.2127432823181,1,105.1,42108.30859375,92207.375
1300.2210276126862,1,4488.1,44154.34375,92207.375
1301.2410426139832,1,1740.1,48922.16796875,92207.375
1302.249225139618,1,102.2,50183.65625,92207.375
1303.2571399211884,1,260.9,42979.1875,92207.375
1304.265702009201,1,2663.6,41813.5625,92207.375
1305.274022102356,1,324.4,38170.91796875,92207.375
1306.2930192947388,1,1595.7,36615.51953125,92207.375
1307.3123512268066,1,1237.0,33856.90625,92207.375
1308.3210306167603,1,1095.5,18467.37109375,92207.375
1309.3420250415802,1,4771.0,18222.23046875,92207.375
1310.3630185127258,1,4772.0,17995.21484375,92207.375
1311.3840177059174,1,4775.8,17764.6953125,92207.375
1312.4020285606384,1,2822.9,20479.8984375,92207.375
1313.42196393013,1,2093.9,19962.1015625,92207.375
1314.431190252304,1,1952.1,18511.25,92207.375
1315.4400281906128,1,3130.5,11033.3359375,92207.375
1316.46102309227,1,1953.1,12571.26171875,92207.375
1317.4804863929749,1,2663.9,10395.93359375,92207.375
1318.4896459579468,1,1591.4,10136.6953125,92207.375
1319.4980201721191,1,1127.7,10520.87109375,92207.375
1320.5170331001282,1,1343.3,2107.09765625,92719.3828125
1321.5250220298767,1,654.8,3304.4296875,92207.375
1322.5733306407928,1,4697.0,3869.87109375,92207.375
1323.595722913742,1,830.5,8785.05859375,92207.375
1324.6060247421265,1,2593.7,10722.82421875,92207.375
1325.6260225772858,1,3309.4,11581.7421875,92207.375
1326.645114660263,1,3504.2,11187.71875,92207.375
1327.652025938034,1,3731.9,12956.578125,92207.375
1328.6726083755493,1,1167.9,16958.90234375,92243.375
1329.680599451065,1,99.2,20512.078125,92243.375
1330.6879796981812,1,1928.0,21611.62890625,92243.375
1331.693338394165,1,119.3,22176.8515625,92243.375
1332.7014381885529,1,101.2,25570.26171875,92243.375
1333.708886384964,1,104.2,28867.23828125,92243.375
1334.715680360794,1,106.3,32089.9765625,92243.375
1335.7241761684418,1,108.1,35215.25,92243.375
1336.7318868637085,1,106.2,35003.015625,92243.375
1337.7389216423035,1,106.3,34700.3984375,92243.375
1338.7451910972595,1,107.3,34420.5625,92243.375
1339.7513673305511,1,247.5,34237.99609375,92243.375
1340.7606101036072,1,1355.3,34401.2890625,92243.375
1341.7696154117584,1,1022.8,34373.41796875,92243.375
1342.7800273895264,1,1032.3,34563.18359375,92243.375
1343.8046510219574,1,845.2,34475.78125,92243.375
1344.8140885829926,1,1537.5,37197.08203125,92243.375
1345.8300213813782,1,468.6,35653.5,92243.375
1346.8486428260803,1,1305.5,34450.734375,92243.375
1347.8559167385101,1,101.3,37173.63671875,92243.375
1348.8640456199646,1,2842.6,39442.76171875,92243.375
1349.8967626094818,1,363.2,39897.91015625,92243.375
1350.9038875102997,1,1528.8,38490.390625,92243.375
1351.9111618995667,1,1206.3,35903.5703125,92243.375
1352.91828083992,1,566.0,36487.59375,92243.375
1353.9264743328094,1,104.1,39110.10546875,92243.375
1354.9341957569122,1,105.2,41766.07421875,92243.375
1355.9420280456543,1,3450.1,44423.59375,92243.375
1356.9619674682617,1,2373.5,48592.9609375,92243.375
1357.9690427780151,1,102.3,50182.6953125,92243.375
1358.9766347408295,1,253.1,42687.546875,92243.375
1359.9837901592255,1,2659.8,41510.890625,92243.375
1360.9909336566925,1,183.7,39192.42578125,92243.375
1361.9984905719757,1,1450.1,37179.62890625,92243.375
1363.006139755249,1,1454.8,35186.953125,92243.375
1364.0150232315063,1,701.8,18546.57421875,92243.375
1365.036029100418,1,4722.6,18276.38671875,92243.375
1366.057017326355,1,4768.2,18020.796875,92243.375
1367.0814592838287,1,4773.4,17866.4140625,92243.375
1368.1030230522156,1,2991.4,20497.19140625,92243.375
1369.1220245361328,1,2201.1,20113.5,92243.375
1370.1347799301147,1,1954.8,18837.625,92243.375
1371.1430287361145,1,3073.0,11050.1875,92243.375
1372.1633331775665,1,2028.9,12701.45703125,92243.375
1373.1859486103058,1,2455.0,10593.9140625,92243.375
1374.193419456482,1,1570.4,10309.84765625,92243.375
1375.2006464004517,1,1279.9,10642.83203125,92243.375
1376.2071805000305,1,1238.8,2322.7265625,92755.3828125
1377.2139794826508,1,729.1,3472.8984375,92243.375
1378.257030248642,1,4694.0,4071.40625,92243.375
1379.286206483841,1,834.7,8887.97265625,92243.375
1380.2960224151611,1,2644.0,10807.7734375,92243.375
1381.317785024643,1,3209.2,11601.67578125,92243.375
1382.336569070816,1,3476.8,11255.5859375,92243.375
1383.3440260887146,1,3805.2,12979.52734375,92243.375
1384.3647260665894,1,1062.0,17045.1640625,92243.375
1385.3718283176422,1,99.3,20597.859375,92243.375
1386.3799283504486,1,1939.3,21128.1015625,92243.375
1387.3875386714935,1,112.2,22917.33203125,92243.375
1388.39528632164,1,103.2,26271.94140625,92243.375
1389.4022517204285,1,105.3,29467.2265625,92243.375
1390.4099307060242,1,108.2,32608.28515625,92243.375
1391.417367696762,1,109.2,35384.89453125,92243.375
1392.4243915081024,1,109.2,35044.93359375,92243.375
1393.4322006702423,1,107.2,34701.2109375,92243.375
1394.4400482177734,1,106.2,34332.91796875,92243.375
1395.4474952220917,1,501.3,34189.53125,92243.375
1396.4579076766968,1,1266.7,33937.3515625,92243.375
1397.4692134857178,1,912.7,33939.4140625,92243.375
1398.4808490276337,1,1160.7,35158.23828125,92243.375
1399.4891703128815,1,736.7,34201.05078125,92243.375
1400.4995846748352,1,413.7,34927.09375,92243.375
1401.5103306770325,1,1719.5,37108.12109375,92243.375
1402.5210196971893,1,485.9,35596.296875,92243.375
1403.5420317649841,1,983.3,34679.11328125,92243.375
1404.5628168582916,1,545.6,35181.23046875,92243.375
1405.5734584331512,1,102.9,36961.30078125,92243.375
1406.584018945694,1,2718.5,39111.82421875,92243.375
1407.6035916805267,1,509.0,41402.875,92243.375
1408.6141428947449,1,1616.0,38204.890625,92243.375
1409.6236190795898,1,1172.9,35683.76953125,92243.375
1410.635113954544,1,677.2,35535.953125,92243.375
1411.6424338817596,1,103.3,38083.25390625,92243.375
1412.647694826126,1,105.4,40728.8671875,92243.375
1413.656018257141,1,1658.4,44459.73046875,92243.375
1414.6787867546082,1,4179.2,47885.359375,92243.375
1415.686405658722,1,102.2,49600.58984375,92243.375
1416.6937448978424,1,103.2,42762.41015625,92243.375
1417.7010254859924,1,2083.0,40820.44921875,92243.375
1418.7210457324982,1,932.3,42806.98046875,92243.375
1419.7285239696503,1,1518.6,38566.31640625,92243.375
1420.7370216846466,1,1087.9,35882.859375,92243.375
1421.7512919902802,1,607.3,23371.3203125,92243.375
1422.7590227127075,1,3435.6,18377.42578125,92243.375
1423.7800183296204,1,4776.0,18140.37890625,92243.375
1424.8000152111053,1,4772.6,17899.8046875,92243.375
1425.821254491806,1,3623.7,20926.98828125,92243.375
1426.8297431468964,1,2277.0,20470.421875,92243.375
1427.8351225852966,1,1956.5,19756.83984375,92243.375
1428.8430297374725,1,2159.7,11184.99609375,92243.375
1429.8640220165253,1,2928.7,11160.19921875,92243.375
1430.882022857666,1,2803.5,12557.11328125,92243.375
1431.9012334346771,1,1479.6,11147.0234375,92243.375
1432.911108493805,1,1323.9,10192.1171875,92243.375
1433.9177215099335,1,1782.9,8414.77734375,92243.375
1434.926123380661,1,103.1,3007.31640625,92243.375
1435.9350163936615,1,3431.8,3316.98828125,92243.375
1436.9834582805634,1,2487.3,6244.97265625,92243.375
1437.9905891418457,1,2138.7,12699.484375,92243.375
1438.9978127479553,1,3188.9,10859.203125,92243.375
1440.0050179958344,1,3639.3,11602.0234375,92243.375
1441.0140249729156,1,2426.0,10345.48046875,92243.375
1442.034481048584,1,3197.9,15390.21484375,92303.375
1443.0423364639282,1,100.2,18916.75390625,92303.375
1444.0500130653381,1,98.2,22429.08203125,92303.375
1445.0655817985535,1,1925.6,21622.52734375,92303.375
1446.0725345611572,1,100.3,25031.24609375,92303.375
1447.0801770687103,1,106.2,28231.79296875,92303.375
1448.0884182453156,1,107.1,31416.33203125,92303.375
1449.0960292816162,1,108.2,34506.3359375,92303.375
1450.1043019294739,1,110.1,35384.9140625,92303.375
1451.11172580719,1,108.2,35013.60546875,92303.375
1452.1193208694458,1,107.2,34614.39453125,92303.375
1453.1263687610626,1,104.3,34345.3671875,92303.375
1454.1339302062988,1,1106.6,34275.37109375,92303.375
1455.1414909362793,1,1159.2,34813.609375,92303.375
1456.1502921581268,1,676.1,34455.3828125,92303.375
1457.1585185527802,1,1443.9,34154.2265625,92303.375
1458.1787185668945,1,607.7,35017.90625,92303.375
1459.1877837181091,1,1824.5,37124.8359375,92303.375
1460.196149110794,1,926.3,35696.74609375,92303.375
1461.2046053409576,1,951.0,34458.328125,92303.375
1462.2130587100983,1,257.8,35647.74609375,92303.375
1463.2230505943298,1,102.0,37774.01171875,92303.375
1464.2312550544739,1,3346.5,40893.41015625,92303.375
1465.2383060455322,1,183.7,38481.90625,92303.375
1466.245435476303,1,1475.7,38628.7734375,92303.375
1467.2512459754944,1,1162.1,35758.97265625,92303.375
1468.2582931518555,1,584.8,35850.87109375,92303.375
1469.2664711475372,1,103.2,37691.73828125,92303.375
1470.2743377685547,1,106.2,40330.42578125,92303.375
1471.283029794693,1,1100.5,44397.33203125,92303.375
1472.303908586502,1,4704.9,47696.375,92303.375
1473.3112161159515,1,100.3,49355.328125,92303.375
1474.31685256958,1,103.4,44932.70703125,92303.375
1475.3250269889832,1,1470.1,40910.43359375,92303.375
1476.3451528549194,1,1571.3,42405.07421875,92303.375
1477.3531844615936,1,1479.1,38259.14453125,92303.375
1478.3611009120941,1,788.8,36969.03515625,92303.375
1479.3681890964508,1,940.5,27841.67578125,92303.375
1480.3760313987732,1,2370.2,18385.4453125,92303.375
1481.3970165252686,1,4774.2,18105.6875,92303.375
1482.418016910553,1,4773.8,17893.54296875,92303.375
1483.439019203186,1,4690.3,20531.0234375,92303.375
1484.448388338089,1,1990.2,20456.05859375,92303.375
1485.4571340084076,1,1652.8,19858.42578125,92303.375
1486.4628450870514,1,1663.2,13266.8125,92303.375
1487.471225976944,1,3539.5,11143.2578125,92303.375
1488.4785017967224,1,2551.2,12506.08203125,92303.375
1489.4889392852783,1,1611.3,10641.17578125,92303.375
1490.496779203415,1,1972.9,10152.03515625,92303.375
1491.5036163330078,1,1396.4,9748.296875,92303.375
1492.5112164020538,1,894.1,2072.74609375,92303.375
1493.5190212726593,1,1461.7,3386.1484375,92303.375
1494.5753989219666,1,4344.9,5304.359375,92303.375
1495.5840198993683,1,1044.1,9063.6640625,92303.375
1496.6040298938751,1,2828.4,10746.76953125,92303.375
1497.624018907547,1,3311.9,11591.1171875,92303.375
1498.6426322460175,1,2904.9,10338.49609375,92303.375
1499.6490256786346,1,4397.7,14208.6796875,92307.375
1500.6612150669098,1,128.4,17726.38671875,92307.375
1501.669945716858,1,101.1,21291.76953125,92307.375
1502.6773474216461,1,1923.8,20591.13671875,92307.375
1503.6855764389038,1,100.2,23940.92578125,92307.375
1504.6936366558075,1,105.2,27224.6796875,92307.375
1505.7021231651306,1,106.1,30473.3515625,92307.375
1506.7094402313232,1,108.2,33583.07421875,92307.375
1507.7172248363495,1,108.2,35726.38671875,92307.375
1508.7241344451904,1,109.2,35336.41015625,92307.375
1509.7311313152313,1,108.2,34961.08203125,92307.375
1510.7393646240234,1,106.1,34628.3828125,92307.375
1511.7471804618835,1,797.8,34314.8203125,92307.375
1512.756984949112,1,1073.3,34332.1875,92307.375
1513.7675025463104,1,1112.4,33953.296875,92307.375
1514.7790551185608,1,1047.8,35370.96875,92307.375
1515.789221048355,1,791.9,34034.1015625,92307.375
1516.800295829773,1,462.9,35734.1953125,92307.375
1517.810097694397,1,1794.3,37762.87109375,92307.375
1518.8208012580872,1,981.5,35219.7421875,92307.375
1519.8297545909882,1,1095.1,34525.3984375,92307.375
1520.8407604694366,1,101.9,36000.45703125,92307.375
1521.8520188331604,1,754.7,39242.578125,92307.375
1522.8729016780853,1,2740.4,41553.99609375,92307.375
1523.8840234279633,1,704.2,37704.33203125,92307.375
1524.9084303379059,1,1667.2,36490.61328125,92307.375
1525.9191789627075,1,969.6,35331.79296875,92307.375
1526.928159236908,1,104.1,37914.6484375,92307.375
1527.9378073215485,1,105.0,40507.23046875,92307.375
1528.9469265937805,1,1178.4,44566.01953125,92307.375
1529.969045639038,1,4698.7,47724.90234375,92307.375
1530.9772894382477,1,102.2,49365.2578125,92307.375
1531.9855370521545,1,103.2,44282.453125,92307.375
1532.9930255413055,1,1744.0,40770.09375,92307.375
1534.012981891632,1,1250.0,42587.19921875,92307.375
1535.0213577747345,1,1555.0,38397.76171875,92307.375
1536.0286819934845,1,848.8,36062.53515625,92307.375
1537.0368382930756,1,878.8,26356.57421875,92307.375
1538.0440230369568,1,2686.9,18394.8046875,92307.375
1539.0650148391724,1,4772.0,18132.68359375,92307.375
1540.0849859714508,1,4774.7,17935.0390625,92307.375
1541.1063838005066,1,4081.2,20633.65234375,92307.375
1542.1144874095917,1,2083.2,20453.1015625,92307.375
1543.1213865280151,1,1970.3,19900.5703125,92307.375
1544.1300196647644,1,1622.2,11323.78515625,92307.375
1545.1491675376892,1,3515.2,11650.734375,92307.375
1546.1566395759583,1,2749.2,12666.78125,92307.375
1547.1663954257965,1,1511.5,11040.60546875,92307.375
1548.1745178699493,1,1476.2,10347.81640625,92307.375
1549.181250333786,1,1780.9,10168.07421875,92307.375
1550.1873083114624,1,1199.6,2457.28515625,92307.375
1551.195016860962,1,1872.6,3400.24609375,92307.375
1552.2508354187012,1,3949.2,5511.109375,92307.375
1553.2587187290192,1,1448.5,10411.89453125,92307.375
1554.2680344581604,1,2892.0,10740.9765625,92307.375
1555.2950191497803,1,3342.5,11583.9609375,92307.375
1556.3140206336975,1,2474.0,8872.1796875,92307.375
1557.3359246253967,1,4247.5,14605.80859375,92407.375
1558.343449831009,1,100.2,18143.37890625,92407.375
1559.35072183609,1,99.3,21708.88671875,92407.375
1560.3584587574005,1,1938.0,20674.51953125,92407.375
1561.3660321235657,1,99.2,24031.62890625,92407.375
1562.3741855621338,1,106.1,27362.58203125,92407.375
1563.3824651241302,1,106.1,30607.8984375,92407.375
1564.3895254135132,1,107.2,33791.890625,92407.375
1565.3975143432617,1,109.1,35624.00390625,92407.375
1566.40585064888,1,109.1,35305.37109375,92407.375
1567.4134986400604,1,108.2,34914.703125,92407.375
1568.422250509262,1,107.1,34629.25390625,92407.375
1569.4322454929352,1,899.0,34554.9609375,92407.375
1570.4419794082642,1,1167.7,34758.80078125,92407.375
1571.4543488025665,1,831.7,34424.10546875,92407.375
1572.4638931751251,1,1362.9,34623.08203125,92407.375
1573.4737482070923,1,643.7,34909.40625,92407.375
1574.4829802513123,1,1724.1,37683.06640625,92407.375
1575.4926235675812,1,1303.4,35302.28515625,92407.375
1576.5021958351135,1,619.1,35316.078125,92407.375
1577.5122179985046,1,102.0,37190.67578125,92407.375
1578.5220210552216,1,2874.1,39264.50390625,92407.375
1579.5392122268677,1,474.8,40447.80859375,92407.375
1580.5482387542725,1,1548.0,37868.203125,92407.375
1581.5570261478424,1,799.0,36394.42578125,92407.375
1582.5649037361145,1,925.7,35349.57421875,92407.375
1583.5730874538422,1,105.1,37873.70703125,92407.375
1584.5812284946442,1,103.2,40563.74609375,92407.375
1585.5900251865387,1,1395.8,44429.3359375,92407.375
1586.6099574565887,1,4387.2,47844.0,92407.375
1587.6186792850494,1,102.1,49664.3984375,92407.375
1588.6258118152618,1,102.3,43864.26953125,92407.375
1589.6340272426605,1,1796.4,40891.41796875,92407.375
1590.6542055606842,1,1101.7,42712.4140625,92407.375
1591.661839723587,1,1480.6,38524.8046875,92407.375
1592.670021057129,1,986.1,35919.0859375,92407.375
1593.6886389255524,1,764.8,24196.34765625,92407.375
1594.6960201263428,1,3197.1,18392.16796875,92407.375
1595.717015504837,1,4772.2,18159.08203125,92407.375
1596.7370159626007,1,4775.4,17920.953125,92407.375
1597.7575433254242,1,4002.4,20739.89453125,92407.375
1598.7644741535187,1,2024.0,20428.55078125,92407.375
1599.7715716362,1,1953.0,19732.7734375,92407.375
1600.7800226211548,1,1748.5,11170.0703125,92407.375
1601.7974951267242,1,3369.8,11525.3046875,92407.375
1602.8064541816711,1,2739.2,12421.484375,92407.375
1603.8157172203064,1,1372.4,10943.28515625,92407.375
1604.823919057846,1,1727.2,10105.5234375,92407.375
1605.8313705921173,1,1625.8,9911.9375,92407.375
1606.8380422592163,1,411.2,2694.98828125,92407.375
1607.8470203876495,1,2845.5,3349.69140625,92407.375
1608.883754491806,1,3081.6,5893.2265625,92407.375
1609.8920230865479,1,1911.4,13026.54296875,92407.375
1610.9130446910858,1,3117.8,10704.13671875,92407.375
1611.9400165081024,1,3336.7,11566.03515625,92407.375
1612.9590277671814,1,2477.7,9670.609375,92407.375
1613.9790420532227,1,3615.5,15090.41796875,92439.375
1614.9863829612732,1,100.3,18646.94140625,92439.375
1615.9937965869904,1,99.3,22191.30859375,92439.375
1617.00132894516,1,1945.4,20813.18359375,92439.375
1618.0083298683167,1,99.3,24165.7421875,92439.375
1619.015347957611,1,106.3,27390.07421875,92439.375
1620.0236632823944,1,106.1,30609.85546875,92439.375
1621.0309581756592,1,108.2,33746.9296875,92439.375
1622.0388808250427,1,110.1,35065.37109375,92439.375
1623.0472774505615,1,106.1,34775.23046875,92439.375
1624.0558438301086,1,108.1,34447.640625,92439.375
1625.063395023346,1,103.2,34243.88671875,92439.375
1626.0707223415375,1,1047.2,34067.55078125,92439.375
1627.0790166854858,1,1295.5,34115.7265625,92439.375
1628.09028506279,1,1122.2,34797.70703125,92439.375
1629.0989382266998,1,1033.0,34187.09765625,92439.375
1630.107181072235,1,101.2,35698.72265625,92439.375
1631.115231513977,1,1719.3,36065.84765625,92439.375
1632.1230201721191,1,1582.9,34454.05859375,92439.375
1633.1294355392456,1,206.6,36792.52734375,92439.375
1634.1380171775818,1,2264.8,39256.0234375,92439.375
1635.1565227508545,1,948.3,42012.2890625,92439.375
1636.1637666225433,1,1562.6,37802.78515625,92439.375
1637.1718246936798,1,838.2,36627.11328125,92439.375
1638.1801648139954,1,948.3,34943.05078125,92439.375
1639.1867370605469,1,177.8,36143.41796875,92439.375
1640.1959600448608,1,105.0,38278.01171875,92439.375
1641.2035179138184,1,103.2,40944.6796875,92439.375
1642.2110266685486,1,2232.3,44305.8203125,92439.375
1643.2310523986816,1,3602.7,48153.484375,92439.375
1644.2388648986816,1,101.2,49663.83203125,92439.375
1645.2472884654999,1,367.9,42037.75390625,92439.375
1646.2560336589813,1,2581.5,40903.8828125,92439.375
1647.2735912799835,1,173.0,39563.09765625,92439.375
1648.280737400055,1,1496.3,39005.80859375,92439.375
1649.2880444526672,1,1171.4,35631.47265625,92439.375
1650.2956912517548,1,536.9,20180.78515625,92439.375
1651.3028712272644,1,4067.1,18319.0625,92439.375
1652.3250184059143,1,4774.7,18060.04296875,92439.375
1653.3449902534485,1,4772.6,17872.06640625,92439.375
1654.3664965629578,1,2969.2,20844.24609375,92439.375
1655.3741278648376,1,2241.9,20431.7734375,92439.375
1656.3813970088959,1,2192.0,19750.55859375,92439.375
1657.390027999878,1,2563.6,11280.73828125,92439.375
1658.4101104736328,1,2495.0,11004.96875,92439.375
1659.4180307388306,1,2868.1,11012.73828125,92439.375
1660.4276988506317,1,1608.3,11115.3203125,92439.375
1661.4351346492767,1,1112.9,10411.63671875,92439.375
1662.4446022510529,1,2256.4,7553.8125,92439.375
1663.4516115188599,1,103.3,3170.515625,92439.375
1664.4610164165497,1,3694.3,3383.41796875,92439.375
1665.5130310058594,1,2218.6,6389.0390625,92439.375
1666.5205278396606,1,2217.5,11515.20703125,92439.375
1667.528605222702,1,3229.8,11054.0859375,92439.375
1668.5364549160004,1,3660.3,11775.890625,92439.375
1669.5450232028961,1,2691.1,10514.90234375,92439.375
1670.5655663013458,1,3002.2,15554.67578125,92471.375
1671.5734474658966,1,100.2,19097.2265625,92471.375
1672.5820453166962,1,380.7,22431.82421875,92471.375
1673.596715927124,1,1645.0,21500.4140625,92471.375
1674.6042103767395,1,100.3,24876.6640625,92471.375
1675.6114287376404,1,105.2,28100.37890625,92471.375
1676.6183903217316,1,106.3,31243.08984375,92471.375
1677.626463651657,1,108.1,34331.39453125,92471.375
1678.6335575580597,1,108.2,35375.1796875,92471.375
1679.6413316726685,1,109.2,34991.640625,92471.375
1680.6490395069122,1,106.2,34668.6953125,92471.375
1681.6561632156372,1,106.2,34379.44921875,92471.375
1682.664241552353,1,1102.1,34418.3203125,92471.375
1683.6744813919067,1,1178.0,34839.703125,92471.375
1684.6837108135223,1,1501.2,35340.6953125,92471.375
1685.6973357200623,1,771.4,34094.09765625,92471.375
1686.7108092308044,1,422.3,35117.859375,92471.375
1687.721657037735,1,1828.3,37244.86328125,92471.375
1688.7370717525482,1,912.0,35863.59375,92471.375
1689.744604587555,1,1034.2,34590.140625,92471.375
1690.7527377605438,1,102.2,37327.1015625,92471.375
1691.7600214481354,1,3167.2,39834.03125,92471.375
1692.7796261310577,1,249.1,40095.875,92471.375
1693.7871038913727,1,1616.9,38498.32421875,92471.375
1694.7954895496368,1,1188.0,35971.44921875,92471.375
1695.8033962249756,1,593.3,36544.47265625,92471.375
1696.8117699623108,1,105.1,39142.51953125,92471.375
1697.8198618888855,1,104.2,41832.78515625,92471.375
1698.8268556594849,1,3343.9,44471.6171875,92471.375
1699.847990989685,1,2508.8,48499.2421875,92471.375
1700.855880498886,1,101.2,50009.390625,92471.375
1701.863040447235,1,363.4,42525.55859375,92471.375
1702.870216846466,1,2677.8,41300.8984375,92471.375
1703.8775088787079,1,234.3,38917.5859375,92471.375
1704.8854382038116,1,1429.6,36953.83984375,92471.375
1705.8928816318512,1,1396.6,35270.48046875,92471.375
1706.901020526886,1,465.3,18556.36328125,92471.375
1707.9210164546967,1,4774.5,18267.546875,92471.375
1708.942016363144,1,4772.9,18041.0703125,92471.375
1709.9680161476135,1,4774.0,17873.1015625,92471.375
1710.989019393921,1,2250.7,20378.4375,92471.375
1712.0060176849365,1,2114.1,20057.4296875,92471.375
1713.0185656547546,1,2227.0,19434.92578125,92471.375
1714.0270268917084,1,2773.4,11044.7109375,92471.375
1715.0470430850983,1,2187.0,11421.515625,92471.375
1716.0562734603882,1,2859.1,10603.34375,92471.375
1717.0630202293396,1,1548.5,10909.6875,92471.375
1718.0724642276764,1,1253.2,10299.984375,92471.375
1719.0804615020752,1,1571.2,3799.33984375,92471.375
1720.0880196094513,1,150.9,3474.30078125,92471.375
1721.0980160236359,1,4507.0,3258.1796875,92471.375
1722.1484305858612,1,1413.5,6755.6640625,92471.375
1723.1563942432404,1,2215.3,10789.0390625,92471.375
1724.169017791748,1,3289.0,11602.37109375,92471.375
1725.188024520874,1,4035.1,12065.49609375,92471.375
1726.1960253715515,1,3168.5,11882.484375,92471.375
1727.222128868103,1,1950.0,16389.62890625,92471.375
1728.2297506332397,1,100.2,19926.0,92471.375
1729.237019777298,1,1427.9,22440.25,92471.375
1730.2482357025146,1,585.4,22509.6953125,92471.375
1731.2566466331482,1,103.1,25905.3125,92471.375
1732.2641282081604,1,105.2,29153.83203125,92471.375
1733.272641658783,1,107.1,32314.03125,92471.375
1734.2803626060486,1,108.2,35436.515625,92471.375
1735.2878568172455,1,110.2,35340.79296875,92471.375
1736.2954349517822,1,106.2,35026.25390625,92471.375
1737.3037359714508,1,106.1,34711.8125,92471.375
1738.310617685318,1,105.3,34404.65234375,92471.375
1739.3180885314941,1,1446.1,34415.24609375,92471.375
1740.331032037735,1,1045.6,34282.86328125,92471.375
1741.3558752536774,1,1504.7,35246.19140625,92471.375
1742.3640422821045,1,802.4,34248.22265625,92471.375
1743.3728694915771,1,443.0,34915.9453125,92471.375
1744.383373260498,1,1878.5,36984.80078125,92471.375
1745.3940179347992,1,426.5,35653.671875,92471.375
1746.4149286746979,1,1261.4,34746.84375,92471.375
1747.4261848926544,1,467.7,35233.64453125,92471.375
1748.4367845058441,1,102.9,37055.78515625,92471.375
1749.4480185508728,1,2875.1,39154.4921875,92471.375
1750.4688749313354,1,581.8,40942.33984375,92471.375
1751.4780399799347,1,1549.8,38316.6875,92471.375
1752.4871852397919,1,1223.8,35740.859375,92471.375
1753.496731042862,1,567.6,36370.9921875,92471.375
1754.506433725357,1,104.0,38941.34375,92471.375
1755.5166778564453,1,103.9,41610.1015625,92471.375
1756.527019739151,1,3101.2,44461.14453125,92471.375
1757.5460329055786,1,2802.5,48359.37890625,92471.375
1758.553747177124,1,102.2,49898.671875,92471.375
1759.561692237854,1,296.7,42337.60546875,92471.375
1760.5697438716888,1,2672.4,41193.80078125,92471.375
1761.5780436992645,1,253.9,38760.47265625,92471.375
1762.586036682129,1,1401.8,38012.6640625,92471.375
1763.5932755470276,1,1339.3,35475.5546875,92471.375
1764.600578546524,1,357.4,19123.171875,92471.375
1765.6090269088745,1,4293.0,18236.96875,92471.375
1766.6300151348114,1,4775.0,18000.50390625,92471.375
1767.65101480484,1,4774.8,17779.58203125,92471.375
1768.6730244159698,1,3191.7,20613.92578125,92471.375
1769.6840193271637,1,2265.1,20133.34765625,92471.375
1770.6920747756958,1,2139.5,19605.12109375,92471.375
1771.7000257968903,1,2440.7,11149.6640625,92471.375
1772.7199032306671,1,2576.9,10970.70703125,92471.375
1773.728052854538,1,2920.9,11595.7265625,92471.375
1774.7358763217926,1,1403.0,11412.671875,92471.375
1775.74294257164,1,1462.7,10291.34765625,92471.375
1776.7507503032684,1,2103.6,8406.60546875,92471.375
1777.7580876350403,1,101.3,3092.19140625,92471.375
1778.7660224437714,1,3518.2,3357.09765625,92471.375
1779.8060398101807,1,2431.6,6280.35546875,92471.375
1780.8143677711487,1,2123.2,12212.7578125,92471.375
1781.8228693008423,1,3233.5,10828.21484375,92471.375
1782.8309695720673,1,3650.3,11588.3359375,92471.375
1783.8390271663666,1,2521.0,9860.0078125,92471.375
1784.8595883846283,1,3504.8,15167.078125,92471.375
1785.8666815757751,1,100.3,18712.66015625,92471.375
1786.8744921684265,1,99.2,22269.1328125,92471.375
1787.883348941803,1,1936.8,20863.25,92471.375
1788.8905375003815,1,101.3,24215.98828125,92471.375
1789.898671388626,1,104.2,27467.84375,92471.375
1790.9058060646057,1,105.2,30721.80859375,92471.375
1791.913661956787,1,108.2,33810.99609375,92471.375
1792.9213192462921,1,109.2,35081.9140625,92471.375
1793.9290373325348,1,107.2,34724.29296875,92471.375
1794.9363396167755,1,105.2,34449.984375,92471.375
1795.9443409442902,1,105.2,34195.97265625,92471.375
1796.9550697803497,1,1020.2,34006.28515625,92471.375
1797.9630205631256,1,1059.5,34469.1875,92471.375
1798.9816725254059,1,795.1,34604.6484375,92471.375
1799.989786863327,1,1327.2,34713.5078125,92471.375
1801.0000936985016,1,606.7,34858.984375,92471.375
1802.011531829834,1,1740.2,37040.11328125,92471.375
1803.0210211277008,1,238.8,35706.0703125,92471.375
1804.041877746582,1,1138.0,35000.40625,92471.375
1805.0532341003418,1,662.5,35623.74609375,92471.375
1806.0637011528015,1,105.9,38342.375,92471.375
1807.0781445503235,1,3158.3,41039.79296875,92471.375
1808.0890736579895,1,102.9,38305.625,92471.375
1809.1022942066193,1,1564.3,38687.87890625,92471.375
1810.1102304458618,1,1284.9,35292.734375,92471.375
1811.1198840141296,1,478.4,36722.125,92471.375
1812.1269397735596,1,104.3,39295.69140625,92471.375
1813.1342117786407,1,104.2,41884.1875,92471.375
1814.1410262584686,1,3657.9,44388.96484375,92471.375
1815.162168264389,1,2131.0,48570.8125,92471.375
1816.170227766037,1,103.2,50083.99609375,92471.375
1817.1782326698303,1,265.9,42651.6953125,92471.375
1818.186304807663,1,2661.5,41533.73046875,92471.375
1819.193722486496,1,182.6,39085.55078125,92471.375
1820.2018361091614,1,1417.5,37029.23046875,92471.375
1821.210024356842,1,1417.6,35304.140625,92471.375
1822.2167308330536,1,363.5,18418.8671875,92471.375
1823.2250254154205,1,4578.5,18247.15234375,92471.375
1824.246013879776,1,4772.1,18002.828125,92471.375
1825.2670140266418,1,4768.9,17797.27734375,92471.375
1826.2880170345306,1,2798.1,20530.03515625,92471.375
1827.3040211200714,1,2173.2,20069.2734375,92471.375
1828.3264472484589,1,2150.9,19524.375,92471.375
1829.336062669754,1,2861.2,11112.08203125,92471.375
1830.356968164444,1,2194.2,12714.27734375,92471.375
1831.366993188858,1,2764.9,10459.2109375,92471.375
1832.37486743927,1,1537.2,10555.0,92471.375
1833.3820171356201,1,1155.7,10548.4140625,92471.375
1834.3999326229095,1,1942.4,3864.296875,92471.375
1835.4083721637726,1,172.6,3481.640625,92471.375
1836.4150176048279,1,4429.2,3262.68359375,92471.375
1837.4687666893005,1,1466.1,6731.265625,92471.375
1838.4763996601105,1,2117.8,10802.390625,92471.375
1839.4880208969116,1,3267.4,11609.5390625,92471.375
1840.5076792240143,1,4026.9,12077.92578125,92471.375
1841.5189855098724,1,3240.1,11726.93359375,92471.375
1842.5408174991608,1,2074.6,16280.0546875,92499.375
1843.5481007099152,1,98.3,19832.15625,92499.375
1844.555495262146,1,1328.3,22434.6328125,92499.375
1845.5695061683655,1,712.9,22406.73046875,92499.375
1846.5777854919434,1,103.1,25773.6796875,92499.375
1847.585424900055,1,105.2,28972.265625,92499.375
1848.5924305915833,1,107.2,32053.48828125,92499.375
1849.6008927822113,1,108.1,35149.14453125,92499.375
1850.6078112125397,1,110.2,35232.10546875,92499.375
1851.6160480976105,1,109.1,34896.55078125,92499.375
1852.6233632564545,1,106.2,34567.83984375,92499.375
1853.6316051483154,1,105.1,34229.19140625,92499.375
1854.6385595798492,1,1370.3,34274.2421875,92499.375
1855.6520364284515,1,950.2,34269.12890625,92499.375
1856.6773762702942,1,663.2,34623.2578125,92499.375
1857.6877188682556,1,1422.2,34628.171875,92499.375
1858.6984651088715,1,651.0,34476.00390625,92499.375
1859.7100205421448,1,625.9,36296.4609375,92499.375
1860.731083393097,1,1243.7,37157.62890625,92499.375
1861.741513967514,1,1301.4,35072.73046875,92499.375
1862.7507433891296,1,698.5,35120.38671875,92499.375
1863.7604084014893,1,103.0,37834.80859375,92499.375
1864.7693450450897,1,3240.0,40940.24609375,92499.375
1865.7789731025696,1,182.2,38435.76953125,92499.375
1866.7898149490356,1,1528.4,36872.27734375,92499.375
1867.7997856140137,1,1482.2,35374.0703125,92499.375
1868.8096799850464,1,387.1,36139.125,92499.375
1869.8211767673492,1,103.8,38286.49609375,92499.375
1870.830979347229,1,106.0,40929.8359375,92499.375
1871.8410193920135,1,2133.8,44392.6640625,92499.375
1872.8651583194733,1,3842.9,48066.484375,92499.375
1873.8722717761993,1,102.3,49423.04296875,92499.375
1874.8800315856934,1,306.6,41882.78515625,92499.375
1875.8890264034271,1,2263.6,40701.5078125,92499.375
1876.9101259708405,1,493.6,40825.9453125,92499.375
1877.9184355735779,1,1484.7,38825.28125,92499.375
1878.9270339012146,1,1153.1,36009.6640625,92499.375
1879.9351122379303,1,549.6,22517.07421875,92499.375
1880.943030834198,1,3574.9,18329.88671875,92499.375
1881.964015007019,1,4772.1,18098.8046875,92499.375
1882.9850203990936,1,4771.8,17940.0,92499.375
1884.0055980682373,1,3622.0,20678.67578125,92499.375
1885.013546705246,1,2154.8,20493.41796875,92499.375
1886.0205426216125,1,1956.6,19781.25,92499.375
1887.0270278453827,1,1815.1,11209.97265625,92499.375
1888.0469686985016,1,3322.1,11618.046875,92499.375
1889.052418231964,1,2773.2,12544.5859375,92499.375
1890.0620484352112,1,1458.1,11092.4296875,92499.375
1891.070199251175,1,1649.8,10236.19140625,92499.375
1892.078019618988,1,1733.4,10137.59375,92499.375
1893.0886299610138,1,834.0,2532.40234375,92499.375
1894.096016407013,1,2348.7,3338.5546875,92499.375
1895.1639640331268,1,3465.3,5827.359375,92499.375
1896.1720204353333,1,1647.9,11336.82421875,92499.375
1897.1920301914215,1,3149.9,10740.01171875,92499.375
1898.2140173912048,1,3332.9,11607.22265625,92499.375
1899.232741355896,1,2482.5,9360.43359375,92499.375
1900.254412651062,1,3950.0,14846.78125,92499.375
1901.2626509666443,1,100.2,18414.015625,92499.375
1902.2695438861847,1,99.3,21978.61328125,92499.375
1903.2767078876495,1,1925.1,21282.48828125,92499.375
1904.2849044799805,1,99.2,24651.26953125,92499.375
1905.2918734550476,1,104.3,27904.90234375,92499.375
1906.2997629642487,1,107.2,31077.03515625,92499.375
1907.3072669506073,1,107.2,34256.96484375,92499.375
1908.314444065094,1,110.2,35737.9609375,92499.375
1909.3216893672943,1,109.2,35336.765625,92499.375
1910.3285028934479,1,108.3,34925.08984375,92499.375
1911.3354060649872,1,104.3,34637.83203125,92499.375
1912.343031167984,1,1011.3,34443.03515625,92499.375
1913.3525426387787,1,903.3,34583.85546875,92499.375
1914.3634884357452,1,1189.0,34181.265625,92499.375
1915.3747823238373,1,1009.5,35599.59375,92499.375
1916.3853096961975,1,999.5,33957.125,92499.375
1917.3962070941925,1,264.1,35299.6171875,92499.375
1918.407285451889,1,1856.4,37376.60546875,92499.375
1919.41863155365,1,934.4,36005.02734375,92499.375
1920.429639339447,1,875.5,34616.4765625,92499.375
1921.4386315345764,1,352.8,35538.46484375,92499.375
1922.4493827819824,1,101.9,38085.2109375,92499.375
1923.4594054222107,1,3360.1,40831.578125,92499.375
1924.4707057476044,1,101.9,40854.44921875,92499.375
1925.4808869361877,1,1631.4,38424.7265625,92499.375
1926.489854812622,1,1247.8,35758.48828125,92499.375
1927.499270439148,1,600.4,36379.55859375,92499.375
1928.508564710617,1,105.0,38984.41015625,92499.375
1929.5181884765625,1,104.0,41621.8125,92499.375
1930.5270264148712,1,3144.9,44411.66796875,92499.375
1931.5523126125336,1,2770.9,48372.46484375,92499.375
1932.5609300136566,1,102.1,49861.3671875,92499.375
1933.5687296390533,1,368.1,42431.5859375,92499.375
1934.5759627819061,1,2661.8,41267.1796875,92499.375
1935.5839712619781,1,192.5,38832.796875,92499.375
1936.591203212738,1,1385.0,37305.359375,92499.375
1937.5993592739105,1,1338.1,35560.0546875,92499.375
1938.6065719127655,1,368.3,18523.1953125,92499.375
1939.6150183677673,1,4690.8,18255.61328125,92499.375
1940.6383953094482,1,4774.6,18062.76953125,92499.375
1941.6590151786804,1,4770.7,17879.0546875,92499.375
1942.6800179481506,1,2726.6,20621.38671875,92499.375
1943.691017150879,1,2101.9,20269.296875,92499.375
1944.700255870819,1,2186.9,19504.4765625,92499.375
1945.7080237865448,1,2822.8,11134.03125,92499.375
1946.727921962738,1,2213.8,12495.7265625,92499.375
1947.7370188236237,1,2819.8,10548.30859375,92499.375
1948.744065284729,1,1509.3,10788.8515625,92499.375
1949.7509145736694,1,1048.6,10585.30078125,92499.375
1950.7585065364838,1,1577.2,3153.1328125,92499.375
1951.767015695572,1,261.8,3537.609375,92499.375
1952.7750158309937,1,4487.8,3288.4609375,92499.375
1953.8254506587982,1,1361.3,6819.90234375,92499.375
1954.832505941391,1,2124.0,10847.5078125,92499.375
1955.841061115265,1,3225.3,11570.1171875,92499.375
1956.850021123886,1,3980.0,12094.515625,92499.375
1957.8700306415558,1,3223.2,11699.078125,92499.375
1958.890911579132,1,2098.0,16270.9453125,92527.375
1959.8979558944702,1,99.3,19820.125,92527.375
1960.9054772853851,1,1326.2,22445.703125,92527.375
1961.9200325012207,1,697.7,22626.7578125,92527.375
1962.9282143115997,1,102.2,25948.5,92527.375
1963.9357209205627,1,106.2,29143.90625,92527.375
1964.9434869289398,1,107.2,32348.2578125,92527.375
1965.951374053955,1,108.1,35403.2734375,92527.375
1966.958990097046,1,109.2,35726.69921875,92527.375
1967.966052532196,1,109.2,35324.65234375,92527.375
1968.9735736846924,1,108.2,34924.265625,92527.375
1969.9807534217834,1,105.2,34564.25,92527.375
1970.990769147873,1,1157.3,34526.8515625,92527.375
1972.0032939910889,1,1185.2,34981.00390625,92527.375
1973.0137252807617,1,671.0,34606.79296875,92527.375
1974.0237438678741,1,1254.6,34550.73046875,92527.375
1975.0364344120026,1,861.0,34234.37890625,92527.375
1976.0479054450989,1,101.8,35684.7265625,92527.375
1977.0584664344788,1,1846.6,37778.16796875,92527.375
1978.0691621303558,1,1344.7,35189.19140625,92527.375
1979.0789604187012,1,688.2,34926.328125,92527.375
1980.0897924900055,1,102.9,36380.49609375,92527.375
1981.1020176410675,1,1581.0,39213.8515625,92527.375
1982.1229512691498,1,1823.5,42007.13671875,92527.375
1983.1306848526,1,1595.8,37790.75390625,92527.375
1984.1383347511292,1,827.6,36878.73046875,92527.375
1985.147584438324,1,932.5,35686.49609375,92527.375
1986.1554346084595,1,105.2,38156.91796875,92527.375
1987.1631999015808,1,103.2,40784.078125,92527.375
1988.172025680542,1,1389.6,44609.19921875,92527.375
1989.1919667720795,1,4394.0,47825.859375,92527.375
1990.1999175548553,1,101.2,49555.58203125,92527.375
1991.2078671455383,1,105.2,43585.20703125,92527.375
1992.2160272598267,1,1890.7,40905.23046875,92527.375
1993.2362205982208,1,1114.5,42716.55859375,92527.375
1994.243808746338,1,1575.9,38480.28125,92527.375
1995.252023935318,1,965.1,36136.4765625,92527.375
1996.2602298259735,1,872.9,26159.78125,92527.375
1997.2680230140686,1,2740.8,18388.2734375,92527.375
1998.2900185585022,1,4774.2,18099.1015625,92527.375
1999.311018705368,1,4773.8,17905.22265625,92527.375
2000.3315303325653,1,4077.1,20463.50390625,92527.375
2001.3428535461426,1,2427.3,20566.05078125,92527.375
2002.3509590625763,1,1550.5,19963.47265625,92527.375
2003.3580470085144,1,1793.2,13926.21484375,92527.375
2004.3663387298584,1,3518.8,11398.6875,92527.375
2005.3736109733582,1,2503.8,12712.37109375,92527.375
2006.3856191635132,1,1717.3,10782.52734375,92527.375
2007.3933963775635,1,1850.9,10354.60546875,92527.375
2008.4004855155945,1,1458.6,9859.70703125,92527.375
2009.408887386322,1,761.4,2267.0703125,92527.375
2010.4160165786743,1,1533.2,3450.29296875,92527.375
2011.4715054035187,1,4277.5,5384.46484375,92527.375
2012.4790222644806,1,1140.5,9034.07421875,92527.375
2013.499026298523,1,2809.6,10779.26953125,92527.375
2014.5250189304352,1,3327.7,11594.20703125,92527.375
2015.5448851585388,1,2711.7,9515.52734375,92527.375
2016.5533638000488,1,4451.2,14340.55078125,92559.375
2017.5615484714508,1,99.2,17859.21484375,92559.375
2018.5697469711304,1,99.2,21399.48828125,92559.375
2019.5781908035278,1,1935.7,20965.46875,92559.375
2020.586053609848,1,100.2,24356.08203125,92559.375
2021.5934631824493,1,105.2,27637.13671875,92559.375
2022.6003782749176,1,106.3,30904.890625,92559.375
2023.608626127243,1,108.1,34042.41796875,92559.375
2024.6159064769745,1,110.2,35939.1328125,92559.375
2025.623564004898,1,110.2,35526.296875,92559.375
2026.6316657066345,1,109.1,35182.26171875,92559.375
2027.6399157047272,1,108.1,34754.62109375,92559.375
2028.6510214805603,1,816.0,34652.546875,92559.375
2029.668699979782,1,1019.8,34479.9765625,92559.375
2030.6796040534973,1,1140.6,34115.4296875,92559.375
2031.690036058426,1,966.0,35543.7890625,92559.375
2032.7001390457153,1,870.2,33973.26953125,92559.375
2033.7126879692078,1,338.7,35088.7734375,92559.375
2034.7230505943298,1,1771.8,37285.36328125,92559.375
2035.7332637310028,1,882.1,35919.37890625,92559.375
2036.743503332138,1,1006.7,34719.60546875,92559.375
2037.7541134357452,1,100.9,37368.8046875,92559.375
2038.7640249729156,1,3091.6,39975.94140625,92559.375
2039.7893130779266,1,225.3,39687.1875,92559.375
2040.798488855362,1,1578.5,38515.9375,92559.375
2041.8083817958832,1,1222.9,35863.1171875,92559.375
2042.8187317848206,1,579.0,36597.62109375,92559.375
2043.8277513980865,1,105.1,39142.1875,92559.375
2044.837142944336,1,104.0,41831.90625,92559.375
2045.847027540207,1,3585.7,44367.16015625,92559.375
2046.8643081188202,1,2296.2,48694.109375,92559.375
2047.8720343112946,1,101.2,50115.19140625,92559.375
2048.879904985428,1,241.1,42775.0859375,92559.375
2049.8870334625244,1,2651.1,41647.87109375,92559.375
2050.894159555435,1,183.7,38416.20703125,92559.375
2051.902019262314,1,1599.6,36689.73828125,92559.375
2052.9209661483765,1,1404.2,34356.3828125,92559.375
2053.9300270080566,1,889.0,18522.01953125,92559.375
2054.951019525528,1,4775.0,18241.86328125,92559.375
2055.9750158786774,1,4774.5,17979.93359375,92559.375
2056.995013475418,1,4776.5,17850.6953125,92559.375
2058.01602768898,1,2809.8,20544.70703125,92559.375
2059.0359225273132,1,2210.0,20254.45703125,92559.375
2060.0430262088776,1,1913.3,19200.578125,92559.375
2061.0510306358337,1,3079.5,11315.62109375,92559.375
2062.0740191936493,1,1968.9,12835.79296875,92559.375
2063.093624830246,1,2490.9,10662.43359375,92559.375
2064.1008203029633,1,1591.5,10342.66015625,92559.375
2065.109033346176,1,1247.8,10628.5703125,92559.375
2066.11612200737,1,1777.4,2531.1015625,92559.375
2067.124336004257,1,318.4,3458.37109375,92559.375
2068.134014606476,1,4713.9,3256.1953125,92559.375
2069.1664979457855,1,1058.6,6910.29296875,92559.375
2070.1740407943726,1,2402.7,10835.21875,92559.375
2071.191018342972,1,3297.6,11631.93359375,92559.375
2072.2096905708313,1,3760.2,11131.6640625,92559.375
2073.217025756836,1,3505.5,12080.19140625,92559.375
2074.237724542618,1,1824.1,16472.0859375,92559.375
2075.245177745819,1,99.3,20015.046875,92559.375
2076.2526824474335,1,1536.1,22439.17578125,92559.375
2077.2702689170837,1,496.4,22589.88671875,92559.375
2078.2786180973053,1,102.1,25958.94921875,92559.375
2079.286227941513,1,105.2,29204.2734375,92559.375
2080.294291496277,1,108.1,32353.26953125,92559.375
2081.301513195038,1,109.2,35503.734375,92559.375
2082.309952020645,1,108.1,35473.015625,92559.375
2083.3171575069427,1,108.2,35086.640625,92559.375
2084.324167728424,1,106.3,34756.83203125,92559.375
2085.3321435451508,1,104.2,34430.56640625,92559.375
2086.342080116272,1,1410.9,34375.6953125,92559.375
2087.355028629303,1,1064.3,34295.5625,92559.375
2088.375105381012,1,568.5,34701.921875,92559.375
2089.3858428001404,1,1411.8,34705.48046875,92559.375
2090.397046804428,1,692.3,34929.6171875,92559.375
2091.4063487052917,1,1790.2,37408.45703125,92559.375
2092.418133497238,1,931.1,35812.30078125,92559.375
2093.428947687149,1,958.5,34528.453125,92559.375
2094.4405369758606,1,258.0,36757.0,92559.375
2095.4510202407837,1,2122.0,39330.9375,92559.375
2096.471980571747,1,1349.5,42171.796875,92559.375
2097.481814622879,1,1692.4,37940.68359375,92559.375
2098.492075443268,1,906.7,35774.16015625,92559.375
2099.5032448768616,1,1065.1,35344.7109375,92559.375
2100.5135490894318,1,104.9,37907.859375,92559.375
2101.5241992473602,1,103.9,40483.1875,92559.375
2102.5340206623077,1,1171.6,44464.1875,92559.375
2103.555024623871,1,4757.7,47240.65625,92559.375
2104.576626062393,1,200.7,49382.2109375,92559.375
2105.5845680236816,1,102.2,45342.33203125,92559.375
2106.5930297374725,1,1359.5,40765.328125,92559.375
2107.613434791565,1,1649.3,42407.765625,92559.375
2108.6207218170166,1,1572.4,38082.1875,92559.375
2109.6287338733673,1,801.6,36843.36328125,92559.375
2110.636753320694,1,897.8,28864.30078125,92559.375
2111.644027233124,1,2105.8,18364.6640625,92559.375
2112.6650173664093,1,4774.2,18121.9609375,92559.375
2113.686016559601,1,4768.9,17905.5703125,92559.375
2114.7070529460907,1,4637.8,20506.609375,92559.375
2115.7153565883636,1,2202.0,20374.46875,92559.375
2116.724982023239,1,1655.1,19804.953125,92559.375
2117.73402094841,1,1506.4,11197.859375,92559.375
2118.7529809474945,1,3526.2,11539.59375,92559.375
2119.7723371982574,1,2859.8,12653.109375,92559.375
2120.794031381607,1,1649.6,10741.08203125,92559.375
2121.805366754532,1,1647.5,10281.37109375,92559.375
2122.8126423358917,1,1463.1,10075.27734375,92559.375
2123.820900440216,1,858.9,2542.8046875,92559.375
2124.829018354416,1,2085.2,3425.1640625,92559.375
2125.878227710724,1,3797.1,5654.33203125,92559.375
2126.8858032226562,1,1515.4,10045.5703125,92559.375
2127.8950459957123,1,2941.7,10769.98046875,92559.375
2128.9220185279846,1,3337.7,11621.2421875,92559.375
2129.941059112549,1,2504.5,8808.45703125,92559.375
2130.9903004169464,1,4347.8,14563.28125,92587.375
2131.9988367557526,1,100.1,18097.30859375,92587.375
2133.006285905838,1,100.3,21653.48828125,92587.375
2134.01314496994,1,1912.9,20526.421875,92587.375
2135.019937515259,1,100.3,23856.9453125,92587.375
2136.027042388916,1,104.3,27123.26171875,92587.375
2137.0351564884186,1,105.1,30326.28515625,92587.375
2138.0429434776306,1,108.2,33460.5234375,92587.375
2139.0502767562866,1,107.2,35496.46875,92587.375
2140.057284116745,1,109.2,35132.5625,92587.375
2141.064761400223,1,105.2,34857.640625,92587.375
2142.072584629059,1,106.2,34539.0703125,92587.375
2143.0820364952087,1,803.4,34384.1796875,92587.375
2144.091372728348,1,1079.9,34336.25,92587.375
2145.102065563202,1,1181.4,33973.74609375,92587.375
2146.1118581295013,1,1014.9,34729.44140625,92587.375
2147.1222507953644,1,1127.4,34009.5703125,92587.375
2148.133020401001,1,535.3,36319.1875,92587.375
2149.1539261341095,1,1802.3,35697.71484375,92587.375
2150.1757311820984,1,1297.1,34645.03515625,92587.375
2151.187392473221,1,337.2,35553.83203125,92587.375
2152.1977746486664,1,101.9,37563.5625,92587.375
2153.2069828510284,1,3393.7,40626.3828125,92587.375
2154.217300891876,1,102.0,38430.32421875,92587.375
2155.2287414073944,1,1527.9,38777.05078125,92587.375
2156.236530303955,1,1354.1,35512.48828125,92587.375
2157.243153810501,1,374.5,36857.3125,92587.375
2158.2511825561523,1,104.2,39464.76953125,92587.375
2159.258414030075,1,105.2,42087.828125,92587.375
2160.267027616501,1,3864.0,44465.59375,92587.375
2161.2859613895416,1,1895.8,49006.92578125,92587.375
2162.2942888736725,1,103.1,50178.1171875,92587.375
2163.301421880722,1,388.2,42833.63671875,92587.375
2164.3088986873627,1,2664.0,41598.4140625,92587.375
2165.317478656769,1,232.0,38284.37890625,92587.375
2166.326019048691,1,1491.4,36605.37890625,92587.375
2167.3446543216705,1,1454.9,35086.7421875,92587.375
2168.3518850803375,1,843.9,18490.828125,92587.375
2169.374016046524,1,4765.5,18236.40625,92587.375
2170.396021604538,1,4772.2,17963.0546875,92587.375
2171.417014360428,1,4774.8,17794.67578125,92587.375
2172.44025182724,1,2936.5,20609.140625,92587.375
2173.4510202407837,1,2132.1,20191.6796875,92587.375
2174.460871696472,1,1896.1,18951.5625,92587.375
2175.469030380249,1,3108.9,11292.05859375,92587.375
2176.4900205135345,1,1998.2,12798.421875,92587.375
2177.509480714798,1,2527.5,10703.05078125,92587.375
2178.518522500992,1,1579.7,10448.6484375,92587.375
2179.5263273715973,1,1470.5,10497.3671875,92587.375
2180.534282207489,1,1515.0,3228.7734375,92587.375
2181.541492462158,1,275.1,3498.56640625,92587.375
2182.549018383026,1,4526.4,3319.484375,92587.375
2183.5907711982727,1,1271.8,6856.1796875,92587.375
2184.5978865623474,1,2170.5,10806.59765625,92587.375
2185.6254212856293,1,3303.7,11589.609375,92587.375
2186.6350638866425,1,3922.5,11420.86328125,92587.375
2187.6430275440216,1,3306.0,11998.109375,92587.375
2188.663633823395,1,1942.9,16405.85546875,92619.375
2189.6714022159576,1,100.2,19956.6640625,92619.375
2190.6788170337677,1,1467.3,22449.91015625,92619.375
2191.6899888515472,1,570.6,22673.26953125,92619.375
2192.697758436203,1,102.2,26013.484375,92619.375
2193.7046916484833,1,105.3,29306.40234375,92619.375
2194.712680578232,1,108.1,32365.95703125,92619.375
2195.720588684082,1,108.1,35412.23046875,92619.375
2196.727809906006,1,110.2,35441.7734375,92619.375
2197.73543381691,1,109.2,35039.265625,92619.375
2198.7436530590057,1,106.1,34685.9375,92619.375
2199.7506992816925,1,104.3,34369.3203125,92619.375
2200.7578365802765,1,1421.7,34520.6875,92619.375
2201.7679126262665,1,1159.3,34375.9453125,92619.375
2202.77805352211,1,481.2,34737.58203125,92619.375
2203.7907662391663,1,1454.4,34704.1953125,92619.375
2204.8010382652283,1,703.8,34458.67578125,92619.375
2205.813019514084,1,937.9,36313.46875,92619.375
2206.833815574646,1,1077.4,36119.57421875,92619.375
2207.843794822693,1,1322.9,35326.390625,92619.375
2208.8540439605713,1,699.8,35004.1484375,92619.375
2209.8644688129425,1,101.9,36583.93359375,92619.375
2210.8750171661377,1,1893.2,39241.1015625,92619.375
2211.8958537578583,1,1534.8,42170.16796875,92619.375
2212.9042432308197,1,1680.0,37824.16796875,92619.375
2213.9127106666565,1,814.1,36939.34765625,92619.375
2214.9206779003143,1,915.9,35825.828125,92619.375
2215.9284331798553,1,104.2,38449.0078125,92619.375
2216.9360530376434,1,103.2,41129.1171875,92619.375
2217.9440195560455,1,2168.5,44522.1484375,92619.375
2218.96395945549,1,3602.3,48163.5703125,92619.375
2219.9725427627563,1,102.1,49758.8984375,92619.375
2220.981026172638,1,384.7,41943.58984375,92619.375
2221.9900374412537,1,2563.6,40802.875,92619.375
2223.0088560581207,1,178.6,39666.546875,92619.375
2224.0171535015106,1,1489.7,38932.25,92619.375
2225.024669408798,1,1150.3,36091.9375,92619.375
2226.032078742981,1,554.9,21479.81640625,92619.375
2227.0400245189667,1,3765.5,18348.7421875,92619.375
2228.0610156059265,1,4772.1,18046.5859375,92619.375
2229.082013607025,1,4771.9,17927.1015625,92619.375
2230.1026272773743,1,3190.7,20886.36328125,92619.375
2231.109630584717,1,2248.2,20372.9765625,92619.375
2232.118458509445,1,2220.7,19519.65234375,92619.375
2233.12602519989,1,2282.6,11046.09765625,92619.375
2234.145955324173,1,2656.9,11196.64453125,92619.375
2235.1540191173553,1,2997.2,12675.78125,92619.375
2236.161020040512,1,1471.7,11129.69140625,92619.375
2237.17285323143,1,1553.6,10157.98828125,92619.375
2238.182020187378,1,1878.7,9682.1796875,92619.375
2239.2003223896027,1,250.4,2877.66796875,92619.375
2240.208016872406,1,3186.6,3367.55859375,92619.375
2241.2476196289062,1,2740.4,6100.17578125,92619.375
2242.2554795742035,1,2160.9,13855.84375,92619.375
2243.2643053531647,1,3224.6,10663.1796875,92619.375
2244.273017883301,1,3370.0,11588.48828125,92619.375
2245.2917289733887,1,2451.9,9908.23828125,92619.375
2246.3154771327972,1,3502.8,15209.61328125,92651.375
2247.322979927063,1,100.2,18770.0703125,92651.375
2248.329986333847,1,100.3,22304.25,92651.375
2249.3374977111816,1,1938.5,21124.52734375,92651.375
2250.3447182178497,1,100.3,24493.93359375,92651.375
2251.353269338608,1,104.1,27782.05078125,92651.375
2252.3601534366608,1,108.3,30944.24609375,92651.375
2253.3677921295166,1,106.2,34115.33984375,92651.375
2254.3752710819244,1,109.2,35436.01171875,92651.375
2255.3832750320435,1,110.1,35027.78515625,92651.375
2256.3908236026764,1,106.2,34725.37890625,92651.375
2257.401591539383,1,105.9,34402.4609375,92651.375
2258.412035226822,1,1046.0,34247.6171875,92651.375
2259.4221589565277,1,1078.0,34418.66796875,92651.375
2260.43302321434,1,1401.0,35128.04296875,92651.375
2261.4472608566284,1,891.3,33949.25,92651.375
2262.460437297821,1,311.9,35234.18359375,92651.375
2263.4720487594604,1,1716.1,37372.1640625,92651.375
2264.482763528824,1,867.7,35744.2109375,92651.375
2265.4928336143494,1,994.0,34843.33203125,92651.375
2266.5019302368164,1,101.1,37503.30078125,92651.375
2267.51162314415,1,3150.5,40678.47265625,92651.375
2268.522379398346,1,100.9,38806.09375,92651.375
2269.5325045585632,1,1583.0,38625.83203125,92651.375
2270.5422461032867,1,1223.1,35368.890625,92651.375
2271.5555584430695,1,571.4,36727.7734375,92651.375
2272.565087080002,1,104.0,39397.51953125,92651.375
2273.5747470855713,1,105.0,42038.23828125,92651.375
2274.585023164749,1,3909.0,44417.05078125,92651.375
2275.605288505554,1,1954.3,48847.015625,92651.375
2276.613476753235,1,100.2,50295.015625,92651.375
2277.621347427368,1,358.2,42965.71484375,92651.375
2278.6293411254883,1,2678.6,41779.83203125,92651.375
2279.6380212306976,1,236.0,38210.40234375,92651.375
2280.657020330429,1,1607.5,36640.0703125,92651.375
2281.67661857605,1,1292.5,34228.4921875,92651.375
2282.6849524974823,1,1056.2,18479.55859375,92651.375
2283.7080178260803,1,4776.3,18187.30078125,92651.375
2284.729015827179,1,4772.9,17950.77734375,92651.375
2285.7500145435333,1,4774.7,17809.03515625,92651.375
2286.7680275440216,1,2703.1,20363.40625,92651.375
2287.784093618393,1,1615.9,19894.95703125,92651.375
2288.7927227020264,1,1782.6,15587.44921875,92651.375
2289.799732685089,1,3502.4,11031.3984375,92651.375
2290.8080320358276,1,2254.5,12583.1328125,92651.375
2291.8283755779266,1,1803.3,10687.58984375,92651.375
2292.8352806568146,1,1913.1,10248.6015625,92651.375
2293.8429317474365,1,1368.5,10164.88671875,92651.375
2294.8495688438416,1,1228.7,2531.8984375,93163.3828125
2295.857023000717,1,1021.4,3478.7890625,92651.375
2296.91303563118,1,4711.3,5077.15234375,92651.375
2297.926018476486,1,688.1,8870.0234375,92651.375
2298.9460241794586,1,2755.8,10821.0078125,92651.375
2299.967044353485,1,3307.6,11622.421875,92651.375
2300.9858179092407,1,3205.9,10802.0703125,92651.375
2301.9920275211334,1,4036.6,13061.890625,92651.375
2303.012746334076,1,1100.1,17076.63671875,92679.375
2304.0207180976868,1,100.2,20624.53125,92679.375
2305.0282402038574,1,1928.5,21490.3046875,92679.375
2306.0366089344025,1,110.1,22922.9609375,92679.375
2307.0442776679993,1,103.2,26246.03125,92679.375
2308.052580356598,1,106.1,29462.03125,92679.375
2309.0602486133575,1,108.2,32600.52734375,92679.375
2310.0677597522736,1,109.2,35551.09765625,92679.375
2311.075969696045,1,109.1,35191.26953125,92679.375
2312.08358836174,1,107.2,34894.05078125,92679.375
2313.0916373729706,1,106.1,34537.53125,92679.375
2314.099518299103,1,341.3,34306.01953125,92679.375
2315.1092488765717,1,1303.1,34362.36328125,92679.375
2316.119391679764,1,1032.5,34432.58203125,92679.375
2317.1297855377197,1,1297.6,34768.140625,92679.375
2318.1407330036163,1,601.4,35542.796875,92679.375
2319.1498856544495,1,1638.9,37699.33203125,92679.375
2320.1611688137054,1,879.1,35268.2421875,92679.375
2321.1704885959625,1,968.0,34964.90234375,92679.375
2322.18048119545,1,104.0,37618.71875,92679.375
2323.189686536789,1,3116.2,40858.3515625,92679.375
2324.199452638626,1,178.3,38360.421875,92679.375
2325.2089745998383,1,1499.7,38601.8515625,92679.375
2326.2201902866364,1,1215.4,35710.5625,92679.375
2327.2303438186646,1,586.1,36048.80078125,92679.375
2328.2395322322845,1,104.0,38593.94921875,92679.375
2329.248790502548,1,105.0,41215.921875,92679.375
2330.2600264549255,1,2538.7,44415.73828125,92679.375
2331.28009223938,1,3262.4,48325.078125,92679.375
2332.287732362747,1,102.2,49641.296875,92679.375
2333.294833421707,1,376.3,42071.12890625,92679.375
2334.305075645447,1,2490.2,40826.53125,92679.375
2335.3613708019257,1,375.0,39952.34765625,92679.375
2336.36838388443,1,1497.5,39018.75390625,92679.375
2337.3765461444855,1,1147.6,35652.046875,92679.375
2338.386628627777,1,543.5,20518.38671875,92679.375
2339.394027233124,1,4008.5,18348.31640625,92679.375
2340.415018081665,1,4774.1,18109.796875,92679.375
2341.436017513275,1,4768.9,17900.38671875,92679.375
2342.4570207595825,1,2851.1,20519.01953125,92679.375
2343.4754614830017,1,2109.2,20123.99609375,92679.375
2344.482566356659,1,2329.3,19455.37109375,92679.375
2345.490026473999,1,2623.3,11022.80859375,92679.375
2346.5100190639496,1,2317.9,10803.390625,92679.375
2347.5180354118347,1,2906.3,11161.55859375,92679.375
2348.5386323928833,1,1514.8,10880.0078125,92679.375
2349.546016931534,1,1103.0,10373.796875,92679.375
2350.557728767395,1,1490.3,3566.96875,92679.375
2351.565018415451,1,201.6,3504.98046875,92679.375
2352.578021287918,1,4513.0,3288.17578125,92679.375
2353.628630876541,1,1333.5,6822.34765625,92743.375
2354.6374413967133,1,2256.0,10835.48828125,92743.375
2355.646019935608,1,3245.7,11643.87890625,92743.375
2356.6650216579437,1,4040.1,12115.1875,92743.375
2357.680028438568,1,3262.8,12069.21484375,92743.375
2358.7008171081543,1,1854.4,16495.43359375,92799.375
2359.7084283828735,1,100.2,20033.8203125,92799.375
2360.7190635204315,1,1550.1,22478.28125,92799.375
2361.7525169849396,1,476.2,22390.48828125,92799.375
2362.7602779865265,1,103.2,25715.38671875,92799.375
2363.767742395401,1,104.2,28994.31640625,92799.375
2364.7754855155945,1,108.2,32098.45703125,92799.375
2365.7824070453644,1,108.3,35279.36328125,92799.375
2366.7897441387177,1,108.2,35217.78125,92799.375
2367.7984652519226,1,108.1,34838.94921875,92799.375
2368.8058824539185,1,106.2,34562.8125,92799.375
2369.813081264496,1,104.3,34281.03125,92799.375
2370.8231921195984,1,1419.5,34228.7890625,92799.375
2371.834292411804,1,1112.9,33994.8671875,92799.375
2372.845142841339,1,940.6,35472.85546875,92799.375
2373.853124856949,1,815.5,34109.22265625,92799.375
2374.861738920212,1,302.4,35177.109375,92799.375
2375.87033700943,1,1645.9,37344.36328125,92799.375
2376.8787915706635,1,846.0,35965.46875,92799.375
2377.8872468471527,1,970.6,34798.75,92799.375
2378.895272731781,1,102.2,36308.1015625,92799.375
2379.903022289276,1,848.5,39230.05859375,92799.375
2380.9221715927124,1,2259.6,41873.85546875,92799.375
2381.930026292801,1,1162.9,37695.73046875,92799.375
2382.949632883072,1,1251.4,36464.89453125,92799.375
2383.957255601883,1,748.3,35166.5234375,92799.375
2384.966823577881,1,267.4,36188.375,92799.375
2385.975667953491,1,104.1,38663.48828125,92799.375
2386.9826061725616,1,103.3,41334.234375,92799.375
2387.990019083023,1,2840.2,44318.58203125,92799.375
2389.0093955993652,1,3144.7,48364.265625,92799.375
2390.0171461105347,1,102.2,50035.62890625,92799.375
2391.024480819702,1,316.7,42350.93359375,92799.375
2392.0324187278748,1,2791.8,41115.87890625,92799.375
2393.0400445461273,1,102.2,38766.1015625,92799.375
2394.0513319969177,1,1500.1,39006.359375,92799.375
2395.05886554718,1,1186.2,35543.39453125,92799.375
2396.0645282268524,1,527.9,21016.73046875,92799.375
2397.07186293602,1,3881.7,18267.734375,92799.375
2398.094017982483,1,4771.5,18034.08984375,92799.375
2399.1150164604187,1,4774.8,17845.265625,92799.375
2400.1355676651,1,3207.8,20925.42578125,92799.375
2401.1452350616455,1,2238.4,20536.45703125,92799.375
2402.1547977924347,1,2180.1,19949.5546875,92799.375
2403.1630251407623,1,2253.6,11400.73828125,92799.375
2404.183618068695,1,2664.0,11265.74609375,92799.375
2405.1907625198364,1,2892.2,12115.41015625,92799.375
2406.198637485504,1,1426.8,11580.61328125,92799.375
2407.2058758735657,1,1797.2,10313.50390625,92799.375
2408.2130193710327,1,1944.0,9779.53515625,92799.375
2409.2316155433655,1,474.1,2954.234375,92799.375
2410.240020275116,1,3001.9,3457.1328125,92799.375
2411.2640931606293,1,2965.5,6061.296875,92799.375
2412.2730236053467,1,2004.2,12707.328125,92799.375
2413.2930278778076,1,3117.5,10764.578125,92799.375
2414.3068747520447,1,3326.2,11635.82421875,92799.375
2415.3266792297363,1,2535.8,9492.9453125,92799.375
2416.347697019577,1,3823.1,14942.81640625,92799.375
2417.3559470176697,1,99.2,18501.66796875,92799.375
2418.3636903762817,1,100.2,22045.7890625,92799.375
2419.372311592102,1,1929.3,21211.44140625,92799.375
2420.3794388771057,1,101.3,24571.0625,92799.375
2421.3864850997925,1,105.3,27794.9140625,92799.375
2422.394329547882,1,105.2,31064.25,92799.375
2423.40132689476,1,108.2,34151.44140625,92799.375
2424.4083647727966,1,109.2,35674.31640625,92799.375
2425.416097164154,1,108.2,35293.15234375,92799.375
2426.4237072467804,1,107.2,34933.56640625,92799.375
2427.4306037425995,1,105.3,34567.625,92799.375
2428.437470436096,1,948.5,34438.12890625,92799.375
2429.447914838791,1,898.6,34669.31640625,92799.375
2430.473851919174,1,1041.9,34344.56640625,92799.375
2431.4844691753387,1,940.0,35300.27734375,92799.375
2432.49498295784,1,1084.7,33915.80859375,92799.375
2433.5040180683136,1,1344.0,36328.48828125,92799.375
2434.5281414985657,1,1223.3,35855.62890625,92799.375
2435.538026332855,1,832.8,34606.08203125,92799.375
2436.548718690872,1,320.6,36510.703125,92799.375
2437.5590183734894,1,1789.8,39261.58984375,92799.375
2438.580095052719,1,1510.0,41708.51171875,92799.375
2439.5900201797485,1,958.6,37656.31640625,92799.375
2440.6110677719116,1,1473.8,36410.609375,92799.375
2441.620797395706,1,706.1,35329.45703125,92799.375
2442.6322774887085,1,450.8,35766.65234375,92799.375
2443.642819881439,1,103.9,37372.57421875,92799.375
2444.653069496155,1,104.9,40050.51171875,92799.375
2445.663020849228,1,763.4,44335.3671875,92799.375
2446.6874389648438,1,4758.1,46157.234375,92799.375
2447.709199666977,1,394.4,49316.6640625,92799.375
2448.7173659801483,1,102.2,45829.328125,92799.375
2449.725027322769,1,1225.7,40847.90625,92799.375
2450.7450585365295,1,1763.6,42401.45703125,92799.375
2451.752192258835,1,1520.1,38197.1171875,92799.375
2452.7596905231476,1,808.0,37031.37890625,92799.375
2453.767139673233,1,1078.0,29573.1015625,92799.375
2454.7750327587128,1,1959.6,18396.52734375,92799.375
2455.7960171699524,1,4774.2,18134.10546875,92799.375
2456.8170144557953,1,4773.9,17929.1796875,92799.375
2457.8380315303802,1,4727.1,20187.89453125,92799.375
2458.859653234482,1,2695.6,20544.3046875,92799.375
2459.8688967227936,1,1523.0,20064.421875,92799.375
2460.8757152557373,1,1714.2,14156.34375,92799.375
2461.8836545944214,1,3556.4,11459.68359375,92799.375
2462.892029285431,1,2465.1,12775.47265625,92799.375
2463.9085035324097,1,1596.7,10811.546875,92799.375
2464.9158799648285,1,1819.8,10386.29296875,92799.375
2465.9230155944824,1,1394.0,10232.55078125,92799.375
2466.9413998126984,1,1378.5,2614.2421875,93311.3828125
2467.949017047882,1,1050.1,3533.359375,92799.375
2469.007434129715,1,4716.8,5167.390625,92799.375
2470.0160183906555,1,708.9,8871.75,92799.375
2471.034045934677,1,2735.7,10820.24609375,92799.375
2472.05614900589,1,3275.7,11640.671875,92799.375
2473.0749604701996,1,3191.0,10877.90625,92799.375
2474.0820260047913,1,4101.6,13554.75,92799.375
2475.105874300003,1,615.3,17458.70703125,92799.375
2476.1126716136932,1,98.3,20978.25390625,92799.375
2477.120219230652,1,1920.4,20847.55078125,92799.375
2478.127251625061,1,110.2,23491.6015625,92799.375
2479.13521361351,1,102.2,26812.80078125,92799.375
2480.1420781612396,1,107.3,29904.9453125,92799.375
2481.1500294208527,1,107.1,32980.94140625,92799.375
2482.1571135520935,1,109.2,35481.3359375,92799.375
2483.165074825287,1,108.1,35077.1328125,92799.375
2484.1732320785522,1,108.1,34630.515625,92799.375
2485.1832778453827,1,104.9,34321.66015625,92799.375
2486.19300365448,1,598.2,34024.265625,92799.375
2487.201262950897,1,1221.7,33946.37890625,92799.375
2488.2128200531006,1,1074.5,34015.734375,92799.375
2489.224019050598,1,1008.9,34971.171875,92799.375
2490.247044324875,1,818.0,34225.53125,92799.375
2491.2614765167236,1,684.2,34685.66015625,92799.375
2492.2730162143707,1,1481.2,36306.3125,92799.375
2493.295927286148,1,545.4,35856.6328125,92799.375
2494.3059587478638,1,1340.6,34784.3359375,92799.375
2495.31520152092,1,672.7,35090.28125,92799.375
2496.325973033905,1,101.9,36840.7421875,92799.375
2497.3360164165497,1,2400.3,39159.44921875,92799.375
2498.356058359146,1,1040.0,42420.6640625,92799.375
2499.3650805950165,1,1513.3,38218.984375,92799.375
2500.375018119812,1,902.1,35788.9765625,92799.375
2501.399304151535,1,842.5,35693.9921875,92799.375
2502.4083907604218,1,103.1,38358.2578125,92799.375
2503.41738986969,1,105.1,40984.01171875,92799.375
2504.4280247688293,1,1955.2,44553.73828125,92799.375
2505.448045730591,1,3791.9,48157.95703125,92799.375
2506.4557206630707,1,101.2,49686.953125,92799.375
2507.464034795761,1,135.9,41912.80078125,92799.375
2508.490849018097,1,2344.3,40789.70703125,92799.375
2509.5175223350525,1,490.9,41367.6484375,92799.375
2510.5254073143005,1,1540.9,38809.21484375,92799.375
2511.5332317352295,1,1156.9,35978.921875,92799.375
2512.5410645008087,1,556.6,23335.234375,92799.375
2513.5490317344666,1,3346.5,18280.3203125,92799.375
2514.5700125694275,1,4776.1,18058.29296875,92799.375
2515.5900144577026,1,4772.6,17833.07421875,92799.375
2516.6104912757874,1,3761.0,20700.703125,92799.375
2517.6196451187134,1,2023.5,20554.359375,92799.375
2518.625964641571,1,1704.0,19956.15234375,92799.375
2519.634064912796,1,1637.8,12114.19140625,92799.375
2520.6413888931274,1,3514.3,11434.47265625,92799.375
2521.649136543274,1,2760.3,12595.81640625,92799.375
2522.6640276908875,1,1458.5,10807.76953125,92799.375
2523.676535844803,1,1785.8,10275.77734375,92799.375
2524.683545589447,1,1607.5,9903.4453125,92799.375
2525.6910383701324,1,1002.5,2242.5234375,92799.375
2526.6990237236023,1,1659.8,3416.484375,92799.375
2527.75399184227,1,4171.5,5418.1171875,92799.375
2528.7620239257812,1,1212.4,9213.80859375,92799.375
2529.7830486297607,1,2804.0,10782.95703125,92799.375
2530.8020191192627,1,3312.4,11626.66796875,92799.375
2531.8208963871,1,2707.5,9792.0,92799.375
2532.828963279724,1,4484.3,14304.765625,92799.375
2533.836350440979,1,100.3,17797.40234375,92799.375
2534.844193458557,1,100.2,21335.84765625,92799.375
2535.8521389961243,1,1940.6,20041.359375,92799.375
2536.859591960907,1,99.3,23336.57421875,92799.375
2537.86781167984,1,104.1,26621.28125,92799.375
2538.875433921814,1,105.2,29851.5,92799.375
2539.883283138275,1,106.2,33012.0,92799.375
2540.89035320282,1,108.2,35336.125,92799.375
2541.897285223007,1,109.2,34995.3359375,92799.375
2542.905199766159,1,107.2,34704.76953125,92799.375
2543.9147186279297,1,106.0,34461.94140625,92799.375
2544.9239189624786,1,710.5,34303.3984375,92799.375
2545.9328191280365,1,1132.7,34368.34375,92799.375
2546.943520307541,1,1174.5,34006.1953125,92799.375
2547.9539062976837,1,982.9,35688.828125,92799.375
2548.9634325504303,1,1130.1,34041.69921875,92799.375
2549.9736607074738,1,101.9,35618.3984375,92799.375
2550.9856827259064,1,1813.0,37817.90625,92799.375
2551.995101928711,1,954.0,35371.96484375,92799.375
2553.005330324173,1,1057.2,34819.64453125,92799.375
2554.015872478485,1,101.9,36405.765625,92799.375
2555.026401758194,1,101.9,38238.00390625,92799.375
2556.0382130146027,1,3290.1,41200.65625,92799.375
2557.0462777614594,1,179.5,38740.7421875,92799.375
2558.0540750026703,1,1504.3,37039.95703125,92799.375
2559.0622119903564,1,1505.7,35210.71875,92799.375
2560.0703570842743,1,202.4,37516.66796875,92799.375
2561.078803539276,1,105.1,40144.5078125,92799.375
2562.088028907776,1,278.5,43692.28125,92799.375
2563.0990204811096,1,4768.4,44490.40234375,92799.375
2564.120806455612,1,878.5,49080.45703125,92799.375
2565.128809452057,1,103.2,47189.1015625,92799.375
2566.1370227336884,1,758.9,40794.35546875,92799.375
2567.153450012207,1,2262.7,42029.9140625,92799.375
2568.1620264053345,1,1116.5,38069.234375,92799.375
2569.1820805072784,1,1154.8,36868.1796875,92799.375
2570.189222574234,1,899.6,29966.59375,92799.375
2571.1970241069794,1,1907.2,18481.66015625,92799.375
2572.2180144786835,1,4776.1,18208.4609375,92799.375
2573.237961769104,1,4766.9,17946.984375,92799.375
2574.259631872177,1,4762.3,20529.33984375,92799.375
2575.2701482772827,1,2077.1,20515.15625,92799.375
2576.2797446250916,1,1599.9,20026.69921875,92799.375
2577.294657468796,1,1599.1,11295.9609375,92799.375
2578.3053283691406,1,3546.4,11663.91796875,92799.375
2579.3146092891693,1,2837.8,12744.7890625,92799.375
2580.3317518234253,1,1455.4,10879.4375,92799.375
2581.341189146042,1,1741.6,10378.1171875,92799.375
2582.3486206531525,1,1845.3,9952.62890625,92799.375
2583.3581421375275,1,1171.7,2726.7265625,93311.3828125
2584.367018222809,1,1198.4,3509.09765625,92799.375
2585.421461582184,1,4615.5,5241.3046875,92799.375
2586.430023431778,1,810.1,8875.33203125,92799.375
2587.4470341205597,1,2796.3,10837.37890625,92799.375
2588.4670164585114,1,3297.4,11666.41796875,92799.375
2589.4866955280304,1,3071.5,10782.6640625,92799.375
2590.4940268993378,1,4203.8,13785.44140625,92799.375
2591.5148231983185,1,528.0,17513.84375,92799.375
2592.5214660167694,1,99.4,21028.6953125,92799.375
2593.527120113373,1,1936.0,20520.11328125,92799.375
2594.5350379943848,1,108.1,23251.765625,92799.375
2595.542751789093,1,103.2,26533.5234375,92799.375
2596.551284313202,1,105.1,29760.0078125,92799.375
2597.559918165207,1,107.1,32924.4296875,92799.375
2598.5669453144073,1,109.2,35438.40625,92799.375
2599.5749151706696,1,108.1,35021.67578125,92799.375
2600.5832035541534,1,106.1,34735.69921875,92799.375
2601.5905392169952,1,105.2,34426.69921875,92799.375
2602.598159790039,1,581.6,34177.6171875,92799.375
2603.6064059734344,1,1254.4,34023.48046875,92799.375
2604.6169040203094,1,940.1,34032.80859375,92799.375
2605.630247116089,1,1210.1,35263.03125,92799.375
2606.6395416259766,1,1014.5,33962.5859375,92799.375
2607.649568080902,1,194.0,35391.21875,92799.375
2608.6596710681915,1,1843.3,37465.34375,92799.375
2609.670969247818,1,919.6,35922.40625,92799.375
2610.681727170944,1,990.3,34369.1015625,92799.375
2611.6938483715057,1,187.7,36910.80078125,92799.375
2612.704018354416,1,2434.7,39242.7734375,92799.375
2613.7248623371124,1,974.5,42350.77734375,92799.375
2614.7347543239594,1,1629.9,38204.125,92799.375
2615.7440185546875,1,930.5,35765.3359375,92799.375
2616.7625041007996,1,828.6,35902.359375,92799.375
2617.77050447464,1,104.2,38403.1640625,92799.375
2618.7786061763763,1,106.1,41017.6484375,92799.375
2619.788027524948,1,2108.3,44484.7265625,92799.375
2620.8070900440216,1,3735.5,48120.95703125,92799.375
2621.8145084381104,1,102.2,49574.80078125,92799.375
2622.8220734596252,1,257.1,42101.0546875,92799.375
2623.8300471305847,1,2550.7,40916.46875,92799.375
2624.8546254634857,1,216.7,39639.02734375,92799.375
2625.8620343208313,1,1567.4,39075.75,92799.375
2626.86994099617,1,1186.6,35688.85546875,92799.375
2627.8775341510773,1,529.0,19710.0,92799.375
2628.8860278129578,1,4221.4,18343.71484375,92799.375
2629.910083770752,1,4773.5,18107.4921875,92799.375
2630.9300153255463,1,4773.9,17988.03125,92799.375
2631.950614452362,1,2848.8,21028.421875,92799.375
2632.9601023197174,1,2210.4,20511.33984375,92799.375
2633.966951608658,1,2182.0,19754.4921875,92799.375
2634.975026369095,1,2572.1,11281.125,92799.375
2635.9949448108673,1,2435.6,11123.6484375,92799.375
2637.004405736923,1,2873.9,10891.34765625,92799.375
2638.0148661136627,1,1566.6,11522.6484375,92799.375
2639.031938791275,1,1231.8,10368.69140625,92799.375
2640.039993286133,1,1833.2,6045.1796875,92799.375
2641.04754447937,1,102.2,3310.6484375,92799.375
2642.056016921997,1,4101.5,3368.078125,92799.375
2643.084873199463,1,1878.6,6556.05078125,92799.375
2644.0918502807617,1,2166.9,10740.8125,92799.375
2645.099141359329,1,3229.6,11217.26171875,92799.375
2646.1067736148834,1,3658.8,11967.87890625,92799.375
2647.1150274276733,1,3049.2,11195.75,92799.375
2648.135812520981,1,2561.5,15851.42578125,92799.375
2649.143841981888,1,99.2,19385.1015625,92799.375
2650.1521310806274,1,667.5,22465.8984375,92799.375
2651.17121553421,1,1349.3,21716.0625,92799.375
2652.178960800171,1,101.2,25051.734375,92799.375
2653.1873157024384,1,105.1,28339.55859375,92799.375
2654.1948606967926,1,107.2,31548.4375,92799.375
2655.202048301697,1,108.2,34699.25,92799.375
2656.2091336250305,1,109.2,35384.91015625,92799.375
2657.216385126114,1,109.2,35018.05859375,92799.375
2658.223988056183,1,107.2,34722.7265625,92799.375
2659.2318992614746,1,104.2,34389.77734375,92799.375
2660.2400183677673,1,1306.6,34491.75390625,92799.375
2661.2548508644104,1,1005.9,34476.6484375,92799.375
2662.263018131256,1,893.9,35130.02734375,92799.375
2663.281701564789,1,1171.8,34271.71484375,92799.375
2664.290148496628,1,699.2,34617.10546875,92799.375
2665.299015045166,1,1238.3,36288.4375,92799.375
2666.317291498184,1,760.0,35985.58984375,92799.375
2667.3261489868164,1,1548.5,34758.01953125,92799.375
2668.332342147827,1,480.9,35250.05859375,92799.375
2669.340798854828,1,102.1,36836.09375,92799.375
2670.349015235901,1,2344.1,39225.91796875,92799.375
2671.3673417568207,1,1102.6,42331.4296875,92799.375
2672.3745827674866,1,1560.7,38072.921875,92799.375
2673.38286113739,1,867.8,35734.58984375,92799.375
2674.393154859543,1,999.7,35227.9375,92799.375
2675.4014949798584,1,104.1,36564.88671875,92799.375
2676.4098660945892,1,105.1,39153.50390625,92799.375
2677.4172978401184,1,104.2,41807.94921875,92799.375
2678.42502784729,1,3772.0,44293.87109375,92799.375
2679.4450600147247,1,2108.7,48841.6328125,92799.375
2680.4534635543823,1,101.1,50212.06640625,92799.375
2681.461096048355,1,311.6,42902.08984375,92799.375
2682.4684534072876,1,2657.4,41773.6171875,92799.375
2683.4760982990265,1,255.0,38491.40625,92799.375
2684.48402094841,1,1509.2,36698.38671875,92799.375
2685.5026862621307,1,1460.7,35116.0234375,92799.375
2686.511020898819,1,725.9,18554.1171875,92799.375
2687.532019853592,1,4767.9,18283.0625,92799.375
2688.5540149211884,1,4774.2,18053.63671875,92799.375
2689.57501578331,1,4771.8,17870.18359375,92799.375
2690.5960278511047,1,2836.3,20656.5390625,92799.375
2691.6069412231445,1,2046.4,20224.0234375,92799.375
2692.6145191192627,1,1840.2,18252.6328125,92799.375
2693.6220269203186,1,3261.6,11426.42578125,92799.375
2694.64302277565,1,2005.0,12853.79296875,92799.375
2695.661898136139,1,2464.2,10789.73046875,92799.375
2696.669046163559,1,1582.7,10449.66796875,92799.375
2697.6767270565033,1,1244.6,10635.234375,92799.375
2698.683146238327,1,1179.3,2528.42578125,93311.3828125
2699.692023038864,1,900.0,3520.89453125,92799.375
2700.7030322551727,1,4641.9,4052.28515625,92799.375
2701.733380317688,1,824.9,8922.98046875,92799.375
2702.7430262565613,1,2655.6,10831.4375,92799.375
2703.764017343521,1,3258.8,11649.74609375,92799.375
2704.782663822174,1,3448.7,11145.375,92799.375
2705.789026737213,1,3766.7,13043.37890625,92799.375
2706.80975484848,1,1107.0,17057.90625,92799.375
2707.818082332611,1,99.2,20599.03125,92799.375
2708.825817346573,1,1927.9,21765.13671875,92799.375
2709.8340752124786,1,110.1,23414.68359375,92799.375
2710.8421993255615,1,102.2,26771.8828125,92799.375
2711.849178791046,1,107.3,29968.1484375,92799.375
2712.8567323684692,1,107.2,33134.14453125,92799.375
2713.864494085312,1,109.2,35980.31640625,92799.375
2714.871737241745,1,108.2,35538.57421875,92799.375
2715.878658771515,1,109.2,35135.53515625,92799.375
2716.885600090027,1,106.3,34834.20703125,92799.375
2717.8932206630707,1,437.7,34496.76171875,92799.375
2718.903324842453,1,1233.4,34322.33984375,92799.375
2719.9127662181854,1,1101.5,34137.0625,92799.375
2720.9242730140686,1,1121.2,35357.44140625,92799.375
2721.933481693268,1,755.0,34271.78125,92799.375
2722.944927215576,1,474.5,34951.578125,92799.375
2723.9556872844696,1,1787.9,37145.66015625,92799.375
2724.966169834137,1,148.4,36194.984375,92799.375
2725.977630138397,1,1275.3,35261.5390625,92799.375
2726.988683462143,1,635.0,35713.37890625,92799.375
2727.999019384384,1,374.2,39309.05078125,92799.375
2729.0198760032654,1,3002.0,41444.0390625,92799.375
2730.0290207862854,1,388.5,37742.04296875,92799.375
2731.04989695549,1,1409.3,36772.8671875,92799.375
2732.0620486736298,1,1241.0,35343.2421875,92799.375
2733.0717334747314,1,641.8,36084.30078125,92799.375
2734.0812227725983,1,104.0,38700.203125,92799.375
2735.0908942222595,1,105.0,41365.8671875,92799.375
2736.10102391243,1,2897.9,44356.1171875,92799.375
2737.1258294582367,1,3129.1,48383.48828125,92799.375
2738.1328806877136,1,101.3,49956.51953125,92799.375
2739.1406819820404,1,296.7,42382.71484375,92799.375
2740.1481177806854,1,2654.3,41259.828125,92799.375
2741.155937433243,1,250.0,38799.59765625,92799.375
2742.1630392074585,1,1395.1,37956.6875,92799.375
2743.171834230423,1,1435.3,35557.50390625,92799.375
2744.179887533188,1,370.0,18708.60546875,92799.375
2745.1870255470276,1,4388.1,18306.421875,92799.375
2746.2080132961273,1,4773.2,18063.4765625,92799.375
2747.229015350342,1,4771.8,17832.609375,92799.375
2748.24942779541,1,2832.3,20847.51171875,92799.375
2749.2551412582397,1,2197.1,20413.0078125,92799.375
2750.2635753154755,1,2204.5,19622.51953125,92799.375
2751.271024942398,1,2432.9,11221.4140625,92799.375
2752.290974378586,1,2593.0,11081.76953125,92799.375
2753.29842376709,1,2857.8,11280.65234375,92799.375
2754.3068697452545,1,1505.4,11410.453125,92799.375
2755.313674926758,1,1479.0,10303.296875,92799.375
2756.3220171928406,1,2322.6,9716.4296875,92799.375
2757.340914964676,1,356.2,2839.03125,92799.375
2758.3490192890167,1,2975.1,3395.5078125,92799.375
2759.3735077381134,1,2998.4,6023.47265625,92799.375
2760.3820219039917,1,2047.8,14078.82421875,92799.375
2761.4000341892242,1,3157.6,10764.84375,92799.375
2762.4270195961,1,3338.6,11623.7578125,92799.375
2763.4458713531494,1,2504.7,9723.921875,92799.375
2764.4671807289124,1,3619.6,15134.453125,92799.375
2765.4745378494263,1,100.3,18682.328125,92799.375
2766.48225069046,1,99.2,22233.0546875,92799.375
2767.4903194904327,1,1937.3,21631.8359375,92799.375
2768.497304916382,1,100.3,25037.4921875,92799.375
2769.505483865738,1,105.1,28312.484375,92799.375
2770.513337612152,1,108.2,31461.7578125,92799.375
2771.5210530757904,1,111.2,34560.45703125,92799.375
2772.527809381485,1,107.3,35820.55078125,92799.375
2773.5356028079987,1,110.1,35441.44921875,92799.375
2774.542832136154,1,108.2,35055.9609375,92799.375
2775.5497896671295,1,104.3,34699.3671875,92799.375
2776.557184934616,1,1079.0,34493.78515625,92799.375
2777.5660235881805,1,1266.9,34377.24609375,92799.375
2778.584331035614,1,1186.2,35386.66796875,92799.375
2779.591411113739,1,728.8,34296.0859375,92799.375
2780.599110841751,1,439.6,34875.25390625,92799.375
2781.60786485672,1,1743.7,37039.65234375,92799.375
2782.617017507553,1,408.4,35681.86328125,92799.375
2783.635246992111,1,1470.2,34471.7265625,92799.375
2784.6422090530396,1,102.3,37145.90234375,92799.375
2785.649015903473,1,2689.7,39351.54296875,92799.375
2786.667350292206,1,603.9,42139.09375,92799.375
2787.6751325130463,1,1588.6,38201.46875,92799.375
2788.6824531555176,1,846.8,36030.8203125,92799.375
2789.6911141872406,1,951.8,35873.21484375,92799.375
2790.6983683109283,1,104.2,38421.0546875,92799.375
2791.7063529491425,1,105.2,41018.8359375,92799.375
2792.715025663376,1,2048.3,44486.015625,92799.375
2793.73477768898,1,3659.4,48305.734375,92799.375
2794.743317604065,1,102.1,49925.8671875,92799.375
2795.750714302063,1,347.5,41886.359375,92799.375
2796.7580268383026,1,2400.4,40665.75,92799.375
2797.771227836609,1,387.9,41369.2890625,92799.375
2798.778615474701,1,1476.1,38777.99609375,92799.375
2799.786399126053,1,1155.0,35934.296875,92799.375
2800.7934629917145,1,556.1,22140.83984375,92799.375
2801.8010218143463,1,3666.5,18258.19921875,92799.375
2802.8220171928406,1,4772.9,18017.234375,92799.375
2803.843017578125,1,4771.9,17883.0625,92799.375
2804.8638319969177,1,3354.7,20920.65625,92799.375
2805.8709123134613,1,2196.5,20267.890625,92799.375
2806.879244327545,1,1997.7,19679.2421875,92799.375
2807.885941505432,1,2184.1,11225.05859375,92799.375
2808.908019542694,1,2910.0,11225.30859375,92799.375
2809.926259279251,1,2827.5,12538.44140625,92799.375
2810.937020301819,1,1417.2,11198.57421875,92799.375
2811.95827627182,1,1397.7,10246.0078125,92799.375
2812.966020345688,1,2141.6,9713.78125,92799.375
2813.9827711582184,1,176.0,2890.97265625,92799.375
2814.9920167922974,1,2979.7,3388.4140625,92799.375
2816.0181217193604,1,2999.7,6008.90234375,92799.375
2817.0260202884674,1,2008.3,13529.3671875,92799.375
2818.047041654587,1,3120.8,10753.67578125,92799.375
2819.0749413967133,1,3379.4,11624.28125,92799.375
2820.0935292243958,1,2461.2,9802.3125,92799.375
2821.113434791565,1,3651.9,15113.390625,92799.375
2822.1218042373657,1,99.2,18663.8984375,92799.375
2823.129739046097,1,100.2,22229.69921875,92799.375
2824.137586593628,1,1935.8,21005.09375,92799.375
2825.1449410915375,1,99.3,24356.95703125,92799.375
2826.1518783569336,1,105.3,27525.625,92799.375
2827.1589546203613,1,107.2,30694.2734375,92799.375
2828.1658573150635,1,106.3,33739.859375,92799.375
2829.17444729805,1,109.1,35215.33984375,92799.375
2830.18253159523,1,107.1,34836.171875,92799.375
2831.1909375190735,1,106.1,34512.60546875,92799.375
2832.2001435756683,1,105.0,34209.44921875,92799.375
2833.210300683975,1,955.2,34257.375,92799.375
2834.2208688259125,1,1102.5,34538.59765625,92799.375
2835.244752407074,1,1043.9,34201.296875,92799.375
2836.2562112808228,1,1016.4,34915.2734375,92799.375
2837.267125606537,1,1123.8,34027.01171875,92799.375
2838.2778232097626,1,101.9,35578.12890625,92799.375
2839.2884678840637,1,1864.6,37614.05078125,92799.375
2840.2987356185913,1,928.4,35561.09375,92799.375
2841.309450864792,1,1062.8,34838.546875,92799.375
2842.323581933975,1,101.6,36340.73046875,92799.375
2843.3380165100098,1,442.6,39241.7734375,92799.375
2844.3564388751984,1,2931.6,41466.91796875,92799.375
2845.363971233368,1,341.5,37685.69140625,92799.375
2846.374017715454,1,1598.0,36421.58203125,92799.375
2847.3931646347046,1,1258.8,35098.859375,92799.375
2848.400462627411,1,102.3,37557.5859375,92799.375
2849.4075362682343,1,104.3,40143.90234375,92799.375
2850.4160273075104,1,424.4,44489.921875,92799.375
2851.429037094116,1,4756.9,44506.2265625,92799.375
2852.449725151062,1,706.3,49358.76953125,92799.375
2853.45770072937,1,104.2,46716.4140625,92799.375
2854.466027736664,1,909.5,40985.87109375,92799.375
2855.4874997138977,1,2008.0,42393.18359375,92799.375
2856.4960441589355,1,1513.8,38086.02734375,92799.375
2857.5098192691803,1,839.5,36942.6484375,92799.375
2858.5192070007324,1,901.7,29849.0546875,92799.375
2859.5270235538483,1,1896.0,18438.5546875,92799.375
2860.5480165481567,1,4774.1,18159.60546875,92799.375
2861.571124792099,1,4770.7,17966.69921875,92799.375
2862.5904698371887,1,4742.0,20557.71484375,92799.375
2863.598340034485,1,2031.9,20600.73828125,92799.375
2864.6059770584106,1,1600.0,19896.90625,92799.375
2865.612790584564,1,1640.5,12017.17578125,92799.375
2866.6198942661285,1,3539.9,11516.9921875,92799.375
2867.6276202201843,1,2820.8,12558.85546875,92799.375
2868.6440184116364,1,1551.0,10762.01953125,92799.375
2869.6589891910553,1,1747.9,10269.375,92799.375
2870.6659865379333,1,1586.6,9984.1171875,92799.375
2871.6733253002167,1,1448.4,2633.40625,93311.3828125
2872.6810212135315,1,1154.2,3493.5703125,92799.375
2873.738334417343,1,4648.4,5179.92578125,92799.375
2874.746595621109,1,792.5,8985.10546875,92799.375
2875.7580285072327,1,2760.4,10790.265625,92799.375
2876.779018640518,1,3314.6,11643.55859375,92799.375
2877.7982733249664,1,3082.3,10749.90625,92799.375
2878.8110258579254,1,4225.2,13641.0078125,92799.375
2879.8318424224854,1,637.7,17421.36328125,92799.375
2880.840693950653,1,100.1,20968.1328125,92799.375
2881.849412918091,1,1925.2,20613.2265625,92799.375
2882.856675863266,1,104.2,23553.390625,92799.375
2883.864769935608,1,102.2,26899.953125,92799.375
2884.872726202011,1,105.2,30206.82421875,92799.375
2885.88036775589,1,108.2,33391.1484375,92799.375
2886.888037919998,1,109.2,35925.3125,92799.375
2887.8955523967743,1,110.2,35562.37890625,92799.375
2888.9028198719025,1,109.2,35248.61328125,92799.375
2889.9099159240723,1,108.2,34910.38671875,92799.375
2890.9179475307465,1,627.0,34716.37109375,92799.375
2891.928715467453,1,1392.0,35048.6953125,92799.375
2892.9390392303467,1,1311.6,35422.25,92799.375
2893.956830263138,1,851.8,34336.23046875,92799.375
2894.9671709537506,1,271.2,35380.01171875,92799.375
2895.978047609329,1,1612.5,37399.234375,92799.375
2896.9900221824646,1,744.2,35632.78125,92799.375
2898.0040390491486,1,912.1,34422.71484375,92799.375
2899.019080877304,1,282.8,36667.53515625,92799.375
2900.0290217399597,1,2098.3,39196.22265625,92799.375
2901.053393125534,1,1029.8,42394.53515625,92799.375
2902.063150167465,1,1518.2,38181.2109375,92799.375
2903.0730242729187,1,994.3,35743.76953125,92799.375
2904.097182035446,1,829.8,35528.81640625,92799.375
2905.1074771881104,1,103.9,37001.4140625,92799.375
2906.1165652275085,1,105.0,39633.30078125,92799.375
2907.125876903534,1,104.0,42241.6796875,92799.375
2908.136029481888,1,4422.6,44246.5859375,92799.375
2909.1560451984406,1,1359.7,49013.2734375,92799.375
2910.1632328033447,1,102.3,48669.296875,92799.375
2911.170867204666,1,375.2,40997.77734375,92799.375
2912.1906797885895,1,2571.9,42148.1640625,92799.375
2913.1990237236023,1,927.3,38171.30859375,92799.375
2914.2190606594086,1,1329.3,36802.87109375,92799.375
2915.226895570755,1,1060.7,32403.01953125,92799.375
2916.235025882721,1,1468.2,18536.5390625,92799.375
2917.259156227112,1,4769.1,18252.58203125,92799.375
2918.2800192832947,1,4771.5,18031.078125,92799.375
2919.3007428646088,1,4323.6,17877.28515625,92799.375
2920.3100261688232,1,2183.1,20380.5234375,92799.375
2921.328962802887,1,2115.7,20003.9140625,92799.375
2922.336639404297,1,1822.1,18421.07421875,92799.375
2923.3438584804535,1,3204.0,11355.18359375,92799.375
2924.366024494171,1,2003.7,12867.9453125,92799.375
2925.38498711586,1,2527.8,10804.1171875,92799.375
2926.3927664756775,1,1588.7,10474.9140625,92799.375
2927.401019334793,1,1267.7,10835.31640625,92799.375
2928.4159569740295,1,1335.9,2478.5390625,93311.3828125
2929.4240198135376,1,664.7,3580.98046875,92799.375
2930.4740269184113,1,4706.6,4067.44140625,92799.375
2931.500744819641,1,835.6,8939.32421875,92799.375
2932.5090260505676,1,2665.2,10859.70703125,92799.375
2933.5288388729095,1,3304.6,11661.05078125,92799.375
2934.5488288402557,1,3440.8,11019.0,92799.375
2935.557028055191,1,3869.5,13063.66796875,92799.375
2936.5776085853577,1,969.0,17179.4453125,92799.375
2937.585379600525,1,99.2,20737.5625,92799.375
2938.5932528972626,1,1928.8,21101.22265625,92799.375
2939.6014943122864,1,113.1,23317.7421875,92799.375
2940.60920214653,1,102.2,26637.93359375,92799.375
2941.617393016815,1,107.1,29785.44921875,92799.375
2942.6253719329834,1,108.1,32856.87109375,92799.375
2943.63325548172,1,109.1,35669.82421875,92799.375
2944.640459537506,1,109.2,35265.0078125,92799.375
2945.6484246253967,1,108.1,34908.5546875,92799.375
2946.6561591625214,1,106.2,34545.02734375,92799.375
2947.6654353141785,1,335.9,34282.38671875,92799.375
2948.6751296520233,1,1387.6,34167.20703125,92799.375
2949.6869661808014,1,1026.7,34086.9296875,92799.375
2950.696699619293,1,1212.2,35289.3203125,92799.375
2951.706608057022,1,768.4,34305.765625,92799.375
2952.7170288562775,1,465.2,34877.15625,92799.375
2953.7279555797577,1,1825.3,37047.66015625,92799.375
2954.741140127182,1,175.7,35672.203125,92799.375
2955.751017332077,1,1411.1,34664.97265625,92799.375
2956.7658178806305,1,504.4,35342.3515625,92799.375
2957.774260044098,1,102.1,37369.890625,92799.375
2958.7826895713806,1,3331.3,40590.6875,92799.375
2959.790395259857,1,101.2,38922.18359375,92799.375
2960.7982749938965,1,1503.1,38655.37890625,92799.375
2961.806313753128,1,1191.4,35420.48046875,92799.375
2962.817389726639,1,536.1,36791.98828125,92799.375
2963.8255462646484,1,106.1,39382.24609375,92799.375
2964.833051919937,1,103.2,42034.640625,92799.375
2965.8410255908966,1,3749.4,44464.88671875,92799.375
2966.8610303401947,1,2073.4,48712.53125,92799.375
2967.868829011917,1,102.2,50168.63671875,92799.375
2968.8768470287323,1,359.1,42807.3046875,92799.375
2969.884976387024,1,2760.6,41538.30078125,92799.375
2970.8921823501587,1,188.6,39151.0859375,92799.375
2971.8996691703796,1,1424.3,37160.50390625,92799.375
2972.907688856125,1,1409.9,35201.35546875,92799.375
2973.917308807373,1,470.5,18562.52734375,92799.375
2974.9280285835266,1,4762.6,18313.71484375,92799.375
2975.9490160942078,1,4773.1,18035.23046875,92799.375
2976.973371744156,1,4769.9,17835.23828125,92799.375
2977.9950251579285,1,2861.8,20577.67578125,92799.375
2979.0150229930878,1,2169.6,20169.3203125,92799.375
2980.025062561035,1,1947.3,19139.05859375,92799.375
2981.033028125763,1,2947.7,11060.86328125,92799.375
2982.0500202178955,1,2093.5,12704.9609375,92799.375
2983.0693764686584,1,2621.1,10639.21875,92799.375
2984.0775928497314,1,1601.8,10352.30078125,92799.375
2985.086019515991,1,1238.7,10677.26953125,92799.375
2986.0978503227234,1,1395.2,2290.8203125,93311.3828125
2987.1052389144897,1,2293.2,3413.42578125,92799.375
2988.1129052639008,1,1665.4,5718.14453125,92823.375
2989.1325483322144,1,3203.8,6567.85546875,92823.375
2990.1400244235992,1,2835.9,6392.09765625,92823.375
2991.1605978012085,1,422.3,9837.5703125,92823.375
2992.1680302619934,1,958.9,11058.75390625,92823.375
2993.175157546997,1,101.3,14299.49609375,92823.375
2994.18297791481,1,101.2,17678.8984375,92823.375
2995.190283536911,1,102.3,17652.95703125,92823.375
2996.1975078582764,1,102.3,17505.15234375,92823.375
2997.205164909363,1,1403.2,17778.83203125,92823.375
2998.2130212783813,1,1037.9,18632.296875,92823.375
2999.2321333885193,1,1492.5,17493.2578125,92823.375
3000.2378528118134,1,1313.4,19890.3359375,92823.375
3001.252372980118,1,974.9,19473.45703125,92823.375
3002.2609310150146,1,1064.7,18503.92578125,92823.375
3003.267892599106,1,102.3,21180.35546875,92823.375
3004.2749717235565,1,2867.7,24399.484375,92823.375
3005.2830283641815,1,231.1,21871.96875,92823.375
3006.291062116623,1,1389.9,20277.87890625,92823.375
3007.2982432842255,1,1331.4,18693.7265625,92823.375
3008.3090269565582,1,2208.4,10152.2265625,92823.375
3009.330032348633,1,4727.7,9930.74609375,92823.375
3010.350522994995,1,1978.5,10621.625,92823.375
3011.359018802643,1,2559.2,6468.8046875,92823.375
3012.374697446823,1,1668.6,6337.96484375,92823.375
3013.3824198246,1,1595.8,6131.19140625,92823.375
3014.3895235061646,1,1288.8,6287.7265625,92823.375
3015.3998353481293,1,1823.2,3188.8359375,93113.390625
3016.4080200195312,1,2903.7,5494.2734375,93113.390625
3017.4266543388367,1,2107.7,5411.09375,93113.390625
3018.4340274333954,1,2212.5,4795.078125,93113.390625
3019.453964471817,1,3059.6,4695.70703125,93113.390625
3020.4620196819305,1,2362.4,4775.984375,93113.390625
3021.4822227954865,1,1741.3,4999.84765625,93113.390625
3022.5095489025116,1,3502.9,4788.9921875,93113.390625
3023.517345905304,1,1369.4,5583.09375,93113.390625
3024.523668050766,1,2837.2,4945.79296875,93113.390625
3025.53204703331,1,2989.5,4690.44140625,93113.390625
3026.539370059967,1,1517.9,2966.0625,93116.390625
3027.5480172634125,1,3251.3,5208.1953125,93116.390625
3028.5668873786926,1,1941.1,5377.5859375,93116.390625
3029.5750229358673,1,2388.8,4725.92578125,93116.390625
3030.5951297283173,1,2889.7,4777.51171875,93116.390625
3031.6030156612396,1,2662.4,4649.421875,93116.390625
3032.621406555176,1,1744.7,4978.8515625,93116.39453125
3033.6289308071136,1,3439.0,4761.0390625,93116.39453125
3034.636642217636,1,1370.4,5584.76171875,93116.39453125
3035.644203186035,1,2917.4,4963.015625,93116.39453125
3036.6514768600464,1,2991.2,4674.29296875,93116.39453125
3037.6607003211975,1,1753.5,2845.24609375,93116.39453125
3038.668018579483,1,2913.1,5245.2890625,93116.39453125
3039.6893343925476,1,2086.6,5309.765625,93116.39453125
3040.696027994156,1,2226.9,4732.00390625,93116.39453125
3041.716638803482,1,3088.1,4707.08203125,93116.39453125
3042.726016998291,1,2346.4,4685.40234375,93116.39453125
3043.744305372238,1,1780.4,5015.265625,93116.39453125
3044.765923023224,1,3408.4,4861.2890625,93116.39453125
3045.7740955352783,1,1303.2,5716.0078125,93116.39453125
3046.7814819812775,1,3052.8,4989.03515625,93116.39453125
3047.788348674774,1,2780.9,4819.35546875,93116.39453125
3048.797027826309,1,1670.3,3055.8828125,93116.39453125
3049.8060150146484,1,3346.4,5245.87109375,93116.39453125
3050.824619293213,1,1855.5,5317.65625,93116.39453125
3051.83202624321,1,2485.4,4751.828125,93116.39453125
3052.8526372909546,1,2839.3,4782.5078125,93116.39453125
3053.8612496852875,1,2667.5,4450.12109375,93116.39453125
3054.8670568466187,1,1713.8,5023.40234375,93116.39453125
3055.888092517853,1,3366.2,4855.99609375,93116.39453125
3056.896018743515,1,1193.7,5430.32421875,93116.39453125
3057.906868457794,1,3022.3,4967.265625,93116.39453125
3058.913017272949,1,2809.6,4816.55078125,93116.39453125
3059.925032377243,1,2278.6,2566.1171875,93116.39453125
3060.9450192451477,1,2857.0,5231.421875,93116.39453125
3061.9636754989624,1,2169.2,5352.703125,93116.39453125
3062.973038673401,1,2200.6,4764.75,93116.39453125
3063.9940299987793,1,3099.0,4679.75,93116.39453125
3065.015019416809,1,2343.0,4832.75390625,93116.39453125
3066.0224030017853,1,2033.7,6083.76953125,93116.39453125
3067.031019926071,1,3406.1,4575.46875,93116.39453125
3068.0423152446747,1,1234.9,5423.296875,93116.39453125
3069.0507593154907,1,2952.4,5045.59765625,93116.39453125
3070.057229757309,1,2882.3,5104.59765625,93116.39453125
3071.065634250641,1,2258.7,1877.203125,93116.45703125
3072.0744025707245,1,2295.8,5074.42578125,93116.39453125
3073.082278251648,1,2835.7,5248.91796875,93116.39453125
3074.090609550476,1,1356.9,5274.3359375,93116.39453125
3075.09845995903,1,3168.2,4946.953125,93116.39453125
3076.105540752411,1,2781.2,4879.3203125,93116.39453125
3077.1122715473175,1,1780.8,3200.40234375,93116.39453125
3078.124878168106,1,3653.5,5222.28515625,93116.39453125
3079.1304743289948,1,1634.6,5347.49609375,93116.39453125
3080.142032146454,1,2643.5,4802.796875,93116.39453125
3081.157671689987,1,2613.3,4759.625,93116.39453125
3082.1711463928223,1,2435.9,2556.69921875,93116.39453125
3083.180060148239,1,2179.7,5007.3515625,93116.3984375
3084.193264722824,1,2936.1,5165.3515625,93116.3984375
3085.2004203796387,1,1346.5,5386.49609375,93116.3984375
3086.2070190906525,1,3131.2,5003.38671875,93116.3984375
3087.2170186042786,1,2805.0,4942.12890625,93116.3984375
3088.232982158661,1,1988.9,6898.859375,93122.3984375
3089.2405276298523,1,3801.7,4906.5625,93122.3984375
3090.2477219104767,1,1175.4,5848.12109375,93122.3984375
3091.2560198307037,1,3656.3,6191.63671875,93122.3984375
3092.2650215625763,1,1630.3,6294.61328125,93122.3984375
3093.2720181941986,1,2380.3,5740.89453125,93122.3984375
3094.29101729393,1,2609.4,5801.0546875,93122.3984375
3095.3010499477386,1,2001.4,5886.984375,93125.3984375
3096.3125925064087,1,3861.5,5714.87109375,93125.3984375
3097.319021463394,1,1132.7,6218.95703125,93125.3984375
3098.3250620365143,1,3358.5,6527.03515625,93125.3984375
3099.357021331787,1,2100.5,6356.53125,93125.3984375
3100.3728065490723,1,2716.7,5912.48828125,93125.3984375
3101.380392074585,1,2565.8,5406.57421875,93125.3984375
3102.387048482895,1,2167.4,5912.55078125,93125.3984375
3103.3945360183716,1,3180.2,6167.09765625,93125.3984375
3104.4025411605835,1,1401.0,5884.48046875,93125.3984375
3105.409083843231,1,3537.4,6439.9921875,93125.3984375
3106.4176437854767,1,2153.5,6294.0078125,93125.3984375
3107.429020881653,1,2232.9,6061.1484375,93125.3984375
3108.447301864624,1,3001.8,4709.59765625,93125.3984375
3109.455016851425,1,2274.7,5835.79296875,93125.3984375
3110.473502635956,1,2859.8,6097.5546875,93125.3984375
3111.4810197353363,1,1652.7,5359.2890625,93125.3984375
3112.503814935684,1,3362.9,6503.10546875,93125.3984375
3113.5117185115814,1,2231.3,6206.85546875,93125.3984375
3114.520022392273,1,2422.1,6004.32421875,93125.3984375
3115.529210090637,1,2181.1,2910.65625,93125.3984375
3116.536677837372,1,2956.0,4236.80078125,93125.3984375
3117.5450291633606,1,2765.7,4171.56640625,93125.3984375
3118.559019088745,1,2456.7,3734.609375,93125.3984375
3119.5789053440094,1,2516.0,2480.87109375,93125.3984375
3120.5925805568695,1,3298.0,4224.86328125,93125.3984375
3121.6030225753784,1,2333.5,4195.9921875,93125.3984375
3122.6231043338776,1,2618.5,4515.390625,93125.3984375
3123.636016368866,1,2823.6,4425.859375,93125.3984375
3124.6510338783264,1,2828.2,3570.39453125,93125.3984375
3125.6630210876465,1,2296.6,3396.59765625,93125.3984375
3126.6830475330353,1,2877.2,3430.00390625,93125.3984375
3127.6910302639008,1,2549.9,3271.2265625,93125.3984375
3128.7081792354584,1,2298.3,3605.171875,93125.3984375
3129.715808391571,1,2959.8,3165.27734375,93125.3984375
3130.724602460861,1,2650.6,2774.4296875,93125.3984375
3131.731448173523,1,2963.7,2549.6484375,93125.3984375
3132.742708683014,1,3049.8,2527.3828125,93125.3984375
3133.749888420105,1,1062.2,830.1484375,91589.3046875
